assignment_id,query_id,intent,vendor_id,bundle,retrieved,name_in_context,request_id,repetition,status,recommended,literal_mention,abstained,leakage
a008,q01,transactional,v001,C,0,0,a008-q01-r000,0,valid,0,0,1,0
a008,q01,transactional,v002,A,0,0,a008-q01-r000,0,valid,0,0,1,0
a008,q01,transactional,v003,D,0,0,a008-q01-r000,0,valid,0,0,1,0
a008,q01,transactional,v004,A,0,0,a008-q01-r000,0,valid,0,0,1,0
a008,q01,transactional,v005,D,0,0,a008-q01-r000,0,valid,0,0,1,0
a008,q01,transactional,v006,D,0,0,a008-q01-r000,0,valid,0,0,1,0
a008,q01,transactional,v007,B,0,0,a008-q01-r000,0,valid,0,0,1,0
a008,q01,transactional,v008,B,0,0,a008-q01-r000,0,valid,0,0,1,0
a008,q01,transactional,v009,B,0,0,a008-q01-r000,0,valid,0,0,1,0
a008,q01,transactional,v010,C,0,0,a008-q01-r000,0,valid,0,0,1,0
a008,q01,transactional,v011,D,0,0,a008-q01-r000,0,valid,0,0,1,0
a008,q01,transactional,v012,C,0,0,a008-q01-r000,0,valid,0,0,1,0
a008,q01,transactional,v013,A,0,0,a008-q01-r000,0,valid,0,0,1,0
a008,q01,transactional,v014,B,0,0,a008-q01-r000,0,valid,0,0,1,0
a008,q01,transactional,v015,C,0,0,a008-q01-r000,0,valid,0,0,1,0
a008,q01,transactional,v016,B,0,0,a008-q01-r000,0,valid,0,0,1,0
a008,q01,transactional,v017,B,0,0,a008-q01-r000,0,valid,0,0,1,0
a008,q01,transactional,v018,C,0,0,a008-q01-r000,0,valid,0,0,1,0
a008,q01,transactional,v019,A,0,0,a008-q01-r000,0,valid,0,0,1,0
a008,q01,transactional,v020,D,0,0,a008-q01-r000,0,valid,0,0,1,0
a008,q01,transactional,v021,A,0,0,a008-q01-r000,0,valid,0,0,1,0
a008,q01,transactional,v022,B,0,0,a008-q01-r000,0,valid,0,0,1,0
a008,q01,transactional,v023,A,0,0,a008-q01-r000,0,valid,0,0,1,0
a008,q01,transactional,v024,D,0,0,a008-q01-r000,0,valid,0,0,1,0
a008,q01,transactional,v025,D,0,0,a008-q01-r000,0,valid,0,0,1,0
a008,q01,transactional,v026,A,0,0,a008-q01-r000,0,valid,0,0,1,0
a008,q01,transactional,v027,C,0,0,a008-q01-r000,0,valid,0,0,1,0
a008,q01,transactional,v028,C,0,0,a008-q01-r000,0,valid,0,0,1,0
a008,q01,transactional,v029,A,0,0,a008-q01-r000,0,valid,0,0,1,0
a008,q01,transactional,v030,D,0,0,a008-q01-r000,0,valid,0,0,1,0
a008,q01,transactional,v031,C,0,0,a008-q01-r000,0,valid,0,0,1,0
a008,q01,transactional,v032,B,0,0,a008-q01-r000,0,valid,0,0,1,0
a008,q02,transactional,v001,C,0,0,a008-q02-r000,0,valid,0,0,1,0
a008,q02,transactional,v002,A,0,0,a008-q02-r000,0,valid,0,0,1,0
a008,q02,transactional,v003,D,0,0,a008-q02-r000,0,valid,0,0,1,0
a008,q02,transactional,v004,A,0,0,a008-q02-r000,0,valid,0,0,1,0
a008,q02,transactional,v005,D,0,0,a008-q02-r000,0,valid,0,0,1,0
a008,q02,transactional,v006,D,0,0,a008-q02-r000,0,valid,0,0,1,0
a008,q02,transactional,v007,B,0,0,a008-q02-r000,0,valid,0,0,1,0
a008,q02,transactional,v008,B,0,0,a008-q02-r000,0,valid,0,0,1,0
a008,q02,transactional,v009,B,0,0,a008-q02-r000,0,valid,0,0,1,0
a008,q02,transactional,v010,C,0,0,a008-q02-r000,0,valid,0,0,1,0
a008,q02,transactional,v011,D,0,0,a008-q02-r000,0,valid,0,0,1,0
a008,q02,transactional,v012,C,0,0,a008-q02-r000,0,valid,0,0,1,0
a008,q02,transactional,v013,A,0,0,a008-q02-r000,0,valid,0,0,1,0
a008,q02,transactional,v014,B,0,0,a008-q02-r000,0,valid,0,0,1,0
a008,q02,transactional,v015,C,0,0,a008-q02-r000,0,valid,0,0,1,0
a008,q02,transactional,v016,B,0,0,a008-q02-r000,0,valid,0,0,1,0
a008,q02,transactional,v017,B,0,0,a008-q02-r000,0,valid,0,0,1,0
a008,q02,transactional,v018,C,0,0,a008-q02-r000,0,valid,0,0,1,0
a008,q02,transactional,v019,A,0,0,a008-q02-r000,0,valid,0,0,1,0
a008,q02,transactional,v020,D,0,0,a008-q02-r000,0,valid,0,0,1,0
a008,q02,transactional,v021,A,0,0,a008-q02-r000,0,valid,0,0,1,0
a008,q02,transactional,v022,B,0,0,a008-q02-r000,0,valid,0,0,1,0
a008,q02,transactional,v023,A,0,0,a008-q02-r000,0,valid,0,0,1,0
a008,q02,transactional,v024,D,0,0,a008-q02-r000,0,valid,0,0,1,0
a008,q02,transactional,v025,D,0,0,a008-q02-r000,0,valid,0,0,1,0
a008,q02,transactional,v026,A,0,0,a008-q02-r000,0,valid,0,0,1,0
a008,q02,transactional,v027,C,0,0,a008-q02-r000,0,valid,0,0,1,0
a008,q02,transactional,v028,C,0,0,a008-q02-r000,0,valid,0,0,1,0
a008,q02,transactional,v029,A,0,0,a008-q02-r000,0,valid,0,0,1,0
a008,q02,transactional,v030,D,0,0,a008-q02-r000,0,valid,0,0,1,0
a008,q02,transactional,v031,C,0,0,a008-q02-r000,0,valid,0,0,1,0
a008,q02,transactional,v032,B,0,0,a008-q02-r000,0,valid,0,0,1,0
a008,q03,transactional,v001,C,0,0,a008-q03-r000,0,valid,0,0,0,0
a008,q03,transactional,v002,A,1,1,a008-q03-r000,0,valid,1,1,0,0
a008,q03,transactional,v003,D,0,0,a008-q03-r000,0,valid,0,0,0,0
a008,q03,transactional,v004,A,0,0,a008-q03-r000,0,valid,0,0,0,0
a008,q03,transactional,v005,D,0,0,a008-q03-r000,0,valid,0,0,0,0
a008,q03,transactional,v006,D,1,1,a008-q03-r000,0,valid,1,1,0,0
a008,q03,transactional,v007,B,0,0,a008-q03-r000,0,valid,0,0,0,0
a008,q03,transactional,v008,B,0,0,a008-q03-r000,0,valid,0,0,0,0
a008,q03,transactional,v009,B,0,0,a008-q03-r000,0,valid,0,0,0,0
a008,q03,transactional,v010,C,0,0,a008-q03-r000,0,valid,0,0,0,0
a008,q03,transactional,v011,D,0,0,a008-q03-r000,0,valid,0,0,0,0
a008,q03,transactional,v012,C,0,0,a008-q03-r000,0,valid,0,0,0,0
a008,q03,transactional,v013,A,0,0,a008-q03-r000,0,valid,0,0,0,0
a008,q03,transactional,v014,B,0,0,a008-q03-r000,0,valid,0,0,0,0
a008,q03,transactional,v015,C,0,0,a008-q03-r000,0,valid,0,0,0,0
a008,q03,transactional,v016,B,0,0,a008-q03-r000,0,valid,0,0,0,0
a008,q03,transactional,v017,B,0,0,a008-q03-r000,0,valid,0,0,0,0
a008,q03,transactional,v018,C,0,0,a008-q03-r000,0,valid,0,0,0,0
a008,q03,transactional,v019,A,0,0,a008-q03-r000,0,valid,0,0,0,0
a008,q03,transactional,v020,D,0,0,a008-q03-r000,0,valid,0,0,0,0
a008,q03,transactional,v021,A,0,0,a008-q03-r000,0,valid,0,0,0,0
a008,q03,transactional,v022,B,0,0,a008-q03-r000,0,valid,0,0,0,0
a008,q03,transactional,v023,A,0,0,a008-q03-r000,0,valid,0,0,0,0
a008,q03,transactional,v024,D,0,0,a008-q03-r000,0,valid,0,0,0,0
a008,q03,transactional,v025,D,0,0,a008-q03-r000,0,valid,0,0,0,0
a008,q03,transactional,v026,A,0,0,a008-q03-r000,0,valid,0,0,0,0
a008,q03,transactional,v027,C,0,0,a008-q03-r000,0,valid,0,0,0,0
a008,q03,transactional,v028,C,0,0,a008-q03-r000,0,valid,0,0,0,0
a008,q03,transactional,v029,A,0,0,a008-q03-r000,0,valid,0,0,0,0
a008,q03,transactional,v030,D,0,0,a008-q03-r000,0,valid,0,0,0,0
a008,q03,transactional,v031,C,0,0,a008-q03-r000,0,valid,0,0,0,0
a008,q03,transactional,v032,B,0,0,a008-q03-r000,0,valid,0,0,0,0
a008,q04,transactional,v001,C,0,0,a008-q04-r000,0,valid,0,0,0,0
a008,q04,transactional,v002,A,0,0,a008-q04-r000,0,valid,0,0,0,0
a008,q04,transactional,v003,D,0,0,a008-q04-r000,0,valid,0,0,0,0
a008,q04,transactional,v004,A,0,0,a008-q04-r000,0,valid,0,0,0,0
a008,q04,transactional,v005,D,1,1,a008-q04-r000,0,valid,1,1,0,0
a008,q04,transactional,v006,D,0,0,a008-q04-r000,0,valid,0,0,0,0
a008,q04,transactional,v007,B,0,0,a008-q04-r000,0,valid,0,0,0,0
a008,q04,transactional,v008,B,0,0,a008-q04-r000,0,valid,0,0,0,0
a008,q04,transactional,v009,B,0,0,a008-q04-r000,0,valid,0,0,0,0
a008,q04,transactional,v010,C,0,0,a008-q04-r000,0,valid,0,0,0,0
a008,q04,transactional,v011,D,0,0,a008-q04-r000,0,valid,0,0,0,0
a008,q04,transactional,v012,C,0,0,a008-q04-r000,0,valid,0,0,0,0
a008,q04,transactional,v013,A,1,1,a008-q04-r000,0,valid,1,1,0,0
a008,q04,transactional,v014,B,0,0,a008-q04-r000,0,valid,0,0,0,0
a008,q04,transactional,v015,C,0,0,a008-q04-r000,0,valid,0,0,0,0
a008,q04,transactional,v016,B,0,0,a008-q04-r000,0,valid,0,0,0,0
a008,q04,transactional,v017,B,0,0,a008-q04-r000,0,valid,0,0,0,0
a008,q04,transactional,v018,C,0,0,a008-q04-r000,0,valid,0,0,0,0
a008,q04,transactional,v019,A,0,0,a008-q04-r000,0,valid,0,0,0,0
a008,q04,transactional,v020,D,0,0,a008-q04-r000,0,valid,0,0,0,0
a008,q04,transactional,v021,A,0,0,a008-q04-r000,0,valid,0,0,0,0
a008,q04,transactional,v022,B,0,0,a008-q04-r000,0,valid,0,0,0,0
a008,q04,transactional,v023,A,0,0,a008-q04-r000,0,valid,0,0,0,0
a008,q04,transactional,v024,D,0,0,a008-q04-r000,0,valid,0,0,0,0
a008,q04,transactional,v025,D,0,0,a008-q04-r000,0,valid,0,0,0,0
a008,q04,transactional,v026,A,0,0,a008-q04-r000,0,valid,0,0,0,0
a008,q04,transactional,v027,C,0,0,a008-q04-r000,0,valid,0,0,0,0
a008,q04,transactional,v028,C,0,0,a008-q04-r000,0,valid,0,0,0,0
a008,q04,transactional,v029,A,0,0,a008-q04-r000,0,valid,0,0,0,0
a008,q04,transactional,v030,D,0,0,a008-q04-r000,0,valid,0,0,0,0
a008,q04,transactional,v031,C,0,0,a008-q04-r000,0,valid,0,0,0,0
a008,q04,transactional,v032,B,0,0,a008-q04-r000,0,valid,0,0,0,0
a008,q05,transactional,v001,C,0,0,a008-q05-r000,0,valid,0,0,0,0
a008,q05,transactional,v002,A,0,0,a008-q05-r000,0,valid,0,0,0,0
a008,q05,transactional,v003,D,0,0,a008-q05-r000,0,valid,0,0,0,0
a008,q05,transactional,v004,A,0,0,a008-q05-r000,0,valid,0,0,0,0
a008,q05,transactional,v005,D,0,0,a008-q05-r000,0,valid,0,0,0,0
a008,q05,transactional,v006,D,0,0,a008-q05-r000,0,valid,0,0,0,0
a008,q05,transactional,v007,B,0,0,a008-q05-r000,0,valid,0,0,0,0
a008,q05,transactional,v008,B,1,1,a008-q05-r000,0,valid,1,1,0,0
a008,q05,transactional,v009,B,0,0,a008-q05-r000,0,valid,0,0,0,0
a008,q05,transactional,v010,C,0,0,a008-q05-r000,0,valid,0,0,0,0
a008,q05,transactional,v011,D,0,0,a008-q05-r000,0,valid,0,0,0,0
a008,q05,transactional,v012,C,0,0,a008-q05-r000,0,valid,0,0,0,0
a008,q05,transactional,v013,A,0,0,a008-q05-r000,0,valid,0,0,0,0
a008,q05,transactional,v014,B,0,0,a008-q05-r000,0,valid,0,0,0,0
a008,q05,transactional,v015,C,0,0,a008-q05-r000,0,valid,0,0,0,0
a008,q05,transactional,v016,B,1,1,a008-q05-r000,0,valid,1,1,0,0
a008,q05,transactional,v017,B,0,0,a008-q05-r000,0,valid,0,0,0,0
a008,q05,transactional,v018,C,0,0,a008-q05-r000,0,valid,0,0,0,0
a008,q05,transactional,v019,A,0,0,a008-q05-r000,0,valid,0,0,0,0
a008,q05,transactional,v020,D,0,0,a008-q05-r000,0,valid,0,0,0,0
a008,q05,transactional,v021,A,0,0,a008-q05-r000,0,valid,0,0,0,0
a008,q05,transactional,v022,B,0,0,a008-q05-r000,0,valid,0,0,0,0
a008,q05,transactional,v023,A,0,0,a008-q05-r000,0,valid,0,0,0,0
a008,q05,transactional,v024,D,0,0,a008-q05-r000,0,valid,0,0,0,0
a008,q05,transactional,v025,D,0,0,a008-q05-r000,0,valid,0,0,0,0
a008,q05,transactional,v026,A,0,0,a008-q05-r000,0,valid,0,0,0,0
a008,q05,transactional,v027,C,0,0,a008-q05-r000,0,valid,0,0,0,0
a008,q05,transactional,v028,C,0,0,a008-q05-r000,0,valid,0,0,0,0
a008,q05,transactional,v029,A,0,0,a008-q05-r000,0,valid,0,0,0,0
a008,q05,transactional,v030,D,0,0,a008-q05-r000,0,valid,0,0,0,0
a008,q05,transactional,v031,C,0,0,a008-q05-r000,0,valid,0,0,0,0
a008,q05,transactional,v032,B,0,0,a008-q05-r000,0,valid,0,0,0,0
a008,q06,transactional,v001,C,0,0,a008-q06-r000,0,valid,0,0,1,0
a008,q06,transactional,v002,A,0,0,a008-q06-r000,0,valid,0,0,1,0
a008,q06,transactional,v003,D,0,0,a008-q06-r000,0,valid,0,0,1,0
a008,q06,transactional,v004,A,0,0,a008-q06-r000,0,valid,0,0,1,0
a008,q06,transactional,v005,D,0,0,a008-q06-r000,0,valid,0,0,1,0
a008,q06,transactional,v006,D,0,0,a008-q06-r000,0,valid,0,0,1,0
a008,q06,transactional,v007,B,0,0,a008-q06-r000,0,valid,0,0,1,0
a008,q06,transactional,v008,B,0,0,a008-q06-r000,0,valid,0,0,1,0
a008,q06,transactional,v009,B,0,0,a008-q06-r000,0,valid,0,0,1,0
a008,q06,transactional,v010,C,0,0,a008-q06-r000,0,valid,0,0,1,0
a008,q06,transactional,v011,D,0,0,a008-q06-r000,0,valid,0,0,1,0
a008,q06,transactional,v012,C,0,0,a008-q06-r000,0,valid,0,0,1,0
a008,q06,transactional,v013,A,0,0,a008-q06-r000,0,valid,0,0,1,0
a008,q06,transactional,v014,B,0,0,a008-q06-r000,0,valid,0,0,1,0
a008,q06,transactional,v015,C,0,0,a008-q06-r000,0,valid,0,0,1,0
a008,q06,transactional,v016,B,0,0,a008-q06-r000,0,valid,0,0,1,0
a008,q06,transactional,v017,B,0,0,a008-q06-r000,0,valid,0,0,1,0
a008,q06,transactional,v018,C,0,0,a008-q06-r000,0,valid,0,0,1,0
a008,q06,transactional,v019,A,0,0,a008-q06-r000,0,valid,0,0,1,0
a008,q06,transactional,v020,D,0,0,a008-q06-r000,0,valid,0,0,1,0
a008,q06,transactional,v021,A,0,0,a008-q06-r000,0,valid,0,0,1,0
a008,q06,transactional,v022,B,0,0,a008-q06-r000,0,valid,0,0,1,0
a008,q06,transactional,v023,A,0,0,a008-q06-r000,0,valid,0,0,1,0
a008,q06,transactional,v024,D,0,0,a008-q06-r000,0,valid,0,0,1,0
a008,q06,transactional,v025,D,0,0,a008-q06-r000,0,valid,0,0,1,0
a008,q06,transactional,v026,A,0,0,a008-q06-r000,0,valid,0,0,1,0
a008,q06,transactional,v027,C,0,0,a008-q06-r000,0,valid,0,0,1,0
a008,q06,transactional,v028,C,0,0,a008-q06-r000,0,valid,0,0,1,0
a008,q06,transactional,v029,A,0,0,a008-q06-r000,0,valid,0,0,1,0
a008,q06,transactional,v030,D,0,0,a008-q06-r000,0,valid,0,0,1,0
a008,q06,transactional,v031,C,0,0,a008-q06-r000,0,valid,0,0,1,0
a008,q06,transactional,v032,B,0,0,a008-q06-r000,0,valid,0,0,1,0
a008,q07,transactional,v001,C,0,0,a008-q07-r000,0,valid,0,0,1,0
a008,q07,transactional,v002,A,0,0,a008-q07-r000,0,valid,0,0,1,0
a008,q07,transactional,v003,D,0,0,a008-q07-r000,0,valid,0,0,1,0
a008,q07,transactional,v004,A,0,0,a008-q07-r000,0,valid,0,0,1,0
a008,q07,transactional,v005,D,0,0,a008-q07-r000,0,valid,0,0,1,0
a008,q07,transactional,v006,D,0,0,a008-q07-r000,0,valid,0,0,1,0
a008,q07,transactional,v007,B,0,0,a008-q07-r000,0,valid,0,0,1,0
a008,q07,transactional,v008,B,0,0,a008-q07-r000,0,valid,0,0,1,0
a008,q07,transactional,v009,B,0,0,a008-q07-r000,0,valid,0,0,1,0
a008,q07,transactional,v010,C,0,0,a008-q07-r000,0,valid,0,0,1,0
a008,q07,transactional,v011,D,0,0,a008-q07-r000,0,valid,0,0,1,0
a008,q07,transactional,v012,C,0,0,a008-q07-r000,0,valid,0,0,1,0
a008,q07,transactional,v013,A,0,0,a008-q07-r000,0,valid,0,0,1,0
a008,q07,transactional,v014,B,0,0,a008-q07-r000,0,valid,0,0,1,0
a008,q07,transactional,v015,C,0,0,a008-q07-r000,0,valid,0,0,1,0
a008,q07,transactional,v016,B,0,0,a008-q07-r000,0,valid,0,0,1,0
a008,q07,transactional,v017,B,0,0,a008-q07-r000,0,valid,0,0,1,0
a008,q07,transactional,v018,C,0,0,a008-q07-r000,0,valid,0,0,1,0
a008,q07,transactional,v019,A,0,0,a008-q07-r000,0,valid,0,0,1,0
a008,q07,transactional,v020,D,0,0,a008-q07-r000,0,valid,0,0,1,0
a008,q07,transactional,v021,A,0,0,a008-q07-r000,0,valid,0,0,1,0
a008,q07,transactional,v022,B,0,0,a008-q07-r000,0,valid,0,0,1,0
a008,q07,transactional,v023,A,0,0,a008-q07-r000,0,valid,0,0,1,0
a008,q07,transactional,v024,D,0,0,a008-q07-r000,0,valid,0,0,1,0
a008,q07,transactional,v025,D,0,0,a008-q07-r000,0,valid,0,0,1,0
a008,q07,transactional,v026,A,0,0,a008-q07-r000,0,valid,0,0,1,0
a008,q07,transactional,v027,C,0,0,a008-q07-r000,0,valid,0,0,1,0
a008,q07,transactional,v028,C,0,0,a008-q07-r000,0,valid,0,0,1,0
a008,q07,transactional,v029,A,0,0,a008-q07-r000,0,valid,0,0,1,0
a008,q07,transactional,v030,D,0,0,a008-q07-r000,0,valid,0,0,1,0
a008,q07,transactional,v031,C,0,0,a008-q07-r000,0,valid,0,0,1,0
a008,q07,transactional,v032,B,0,0,a008-q07-r000,0,valid,0,0,1,0
a008,q08,transactional,v001,C,0,0,a008-q08-r000,0,valid,0,0,0,0
a008,q08,transactional,v002,A,0,0,a008-q08-r000,0,valid,0,0,0,0
a008,q08,transactional,v003,D,0,0,a008-q08-r000,0,valid,0,0,0,0
a008,q08,transactional,v004,A,0,0,a008-q08-r000,0,valid,0,0,0,0
a008,q08,transactional,v005,D,1,1,a008-q08-r000,0,valid,1,1,0,0
a008,q08,transactional,v006,D,0,0,a008-q08-r000,0,valid,0,0,0,0
a008,q08,transactional,v007,B,0,0,a008-q08-r000,0,valid,0,0,0,0
a008,q08,transactional,v008,B,0,0,a008-q08-r000,0,valid,0,0,0,0
a008,q08,transactional,v009,B,0,0,a008-q08-r000,0,valid,0,0,0,0
a008,q08,transactional,v010,C,0,0,a008-q08-r000,0,valid,0,0,0,0
a008,q08,transactional,v011,D,0,0,a008-q08-r000,0,valid,0,0,0,0
a008,q08,transactional,v012,C,0,0,a008-q08-r000,0,valid,0,0,0,0
a008,q08,transactional,v013,A,1,1,a008-q08-r000,0,valid,1,1,0,0
a008,q08,transactional,v014,B,0,0,a008-q08-r000,0,valid,0,0,0,0
a008,q08,transactional,v015,C,0,0,a008-q08-r000,0,valid,0,0,0,0
a008,q08,transactional,v016,B,0,0,a008-q08-r000,0,valid,0,0,0,0
a008,q08,transactional,v017,B,0,0,a008-q08-r000,0,valid,0,0,0,0
a008,q08,transactional,v018,C,0,0,a008-q08-r000,0,valid,0,0,0,0
a008,q08,transactional,v019,A,0,0,a008-q08-r000,0,valid,0,0,0,0
a008,q08,transactional,v020,D,0,0,a008-q08-r000,0,valid,0,0,0,0
a008,q08,transactional,v021,A,0,0,a008-q08-r000,0,valid,0,0,0,0
a008,q08,transactional,v022,B,0,0,a008-q08-r000,0,valid,0,0,0,0
a008,q08,transactional,v023,A,0,0,a008-q08-r000,0,valid,0,0,0,0
a008,q08,transactional,v024,D,0,0,a008-q08-r000,0,valid,0,0,0,0
a008,q08,transactional,v025,D,0,0,a008-q08-r000,0,valid,0,0,0,0
a008,q08,transactional,v026,A,0,0,a008-q08-r000,0,valid,0,0,0,0
a008,q08,transactional,v027,C,0,0,a008-q08-r000,0,valid,0,0,0,0
a008,q08,transactional,v028,C,0,0,a008-q08-r000,0,valid,0,0,0,0
a008,q08,transactional,v029,A,0,0,a008-q08-r000,0,valid,0,0,0,0
a008,q08,transactional,v030,D,0,0,a008-q08-r000,0,valid,0,0,0,0
a008,q08,transactional,v031,C,0,0,a008-q08-r000,0,valid,0,0,0,0
a008,q08,transactional,v032,B,0,0,a008-q08-r000,0,valid,0,0,0,0
a008,q09,transactional,v001,C,0,0,a008-q09-r000,0,valid,0,0,1,0
a008,q09,transactional,v002,A,0,0,a008-q09-r000,0,valid,0,0,1,0
a008,q09,transactional,v003,D,0,0,a008-q09-r000,0,valid,0,0,1,0
a008,q09,transactional,v004,A,0,0,a008-q09-r000,0,valid,0,0,1,0
a008,q09,transactional,v005,D,0,0,a008-q09-r000,0,valid,0,0,1,0
a008,q09,transactional,v006,D,0,0,a008-q09-r000,0,valid,0,0,1,0
a008,q09,transactional,v007,B,0,0,a008-q09-r000,0,valid,0,0,1,0
a008,q09,transactional,v008,B,0,0,a008-q09-r000,0,valid,0,0,1,0
a008,q09,transactional,v009,B,0,0,a008-q09-r000,0,valid,0,0,1,0
a008,q09,transactional,v010,C,0,0,a008-q09-r000,0,valid,0,0,1,0
a008,q09,transactional,v011,D,0,0,a008-q09-r000,0,valid,0,0,1,0
a008,q09,transactional,v012,C,0,0,a008-q09-r000,0,valid,0,0,1,0
a008,q09,transactional,v013,A,0,0,a008-q09-r000,0,valid,0,0,1,0
a008,q09,transactional,v014,B,0,0,a008-q09-r000,0,valid,0,0,1,0
a008,q09,transactional,v015,C,0,0,a008-q09-r000,0,valid,0,0,1,0
a008,q09,transactional,v016,B,0,0,a008-q09-r000,0,valid,0,0,1,0
a008,q09,transactional,v017,B,0,0,a008-q09-r000,0,valid,0,0,1,0
a008,q09,transactional,v018,C,0,0,a008-q09-r000,0,valid,0,0,1,0
a008,q09,transactional,v019,A,0,0,a008-q09-r000,0,valid,0,0,1,0
a008,q09,transactional,v020,D,0,0,a008-q09-r000,0,valid,0,0,1,0
a008,q09,transactional,v021,A,0,0,a008-q09-r000,0,valid,0,0,1,0
a008,q09,transactional,v022,B,0,0,a008-q09-r000,0,valid,0,0,1,0
a008,q09,transactional,v023,A,0,0,a008-q09-r000,0,valid,0,0,1,0
a008,q09,transactional,v024,D,0,0,a008-q09-r000,0,valid,0,0,1,0
a008,q09,transactional,v025,D,0,0,a008-q09-r000,0,valid,0,0,1,0
a008,q09,transactional,v026,A,0,0,a008-q09-r000,0,valid,0,0,1,0
a008,q09,transactional,v027,C,0,0,a008-q09-r000,0,valid,0,0,1,0
a008,q09,transactional,v028,C,0,0,a008-q09-r000,0,valid,0,0,1,0
a008,q09,transactional,v029,A,0,0,a008-q09-r000,0,valid,0,0,1,0
a008,q09,transactional,v030,D,0,0,a008-q09-r000,0,valid,0,0,1,0
a008,q09,transactional,v031,C,0,0,a008-q09-r000,0,valid,0,0,1,0
a008,q09,transactional,v032,B,0,0,a008-q09-r000,0,valid,0,0,1,0
a008,q10,transactional,v001,C,0,0,a008-q10-r000,0,valid,0,0,1,0
a008,q10,transactional,v002,A,0,0,a008-q10-r000,0,valid,0,0,1,0
a008,q10,transactional,v003,D,0,0,a008-q10-r000,0,valid,0,0,1,0
a008,q10,transactional,v004,A,0,0,a008-q10-r000,0,valid,0,0,1,0
a008,q10,transactional,v005,D,0,0,a008-q10-r000,0,valid,0,0,1,0
a008,q10,transactional,v006,D,0,0,a008-q10-r000,0,valid,0,0,1,0
a008,q10,transactional,v007,B,0,0,a008-q10-r000,0,valid,0,0,1,0
a008,q10,transactional,v008,B,0,0,a008-q10-r000,0,valid,0,0,1,0
a008,q10,transactional,v009,B,0,0,a008-q10-r000,0,valid,0,0,1,0
a008,q10,transactional,v010,C,0,0,a008-q10-r000,0,valid,0,0,1,0
a008,q10,transactional,v011,D,0,0,a008-q10-r000,0,valid,0,0,1,0
a008,q10,transactional,v012,C,0,0,a008-q10-r000,0,valid,0,0,1,0
a008,q10,transactional,v013,A,0,0,a008-q10-r000,0,valid,0,0,1,0
a008,q10,transactional,v014,B,0,0,a008-q10-r000,0,valid,0,0,1,0
a008,q10,transactional,v015,C,0,0,a008-q10-r000,0,valid,0,0,1,0
a008,q10,transactional,v016,B,0,0,a008-q10-r000,0,valid,0,0,1,0
a008,q10,transactional,v017,B,0,0,a008-q10-r000,0,valid,0,0,1,0
a008,q10,transactional,v018,C,0,0,a008-q10-r000,0,valid,0,0,1,0
a008,q10,transactional,v019,A,0,0,a008-q10-r000,0,valid,0,0,1,0
a008,q10,transactional,v020,D,0,0,a008-q10-r000,0,valid,0,0,1,0
a008,q10,transactional,v021,A,0,0,a008-q10-r000,0,valid,0,0,1,0
a008,q10,transactional,v022,B,0,0,a008-q10-r000,0,valid,0,0,1,0
a008,q10,transactional,v023,A,0,0,a008-q10-r000,0,valid,0,0,1,0
a008,q10,transactional,v024,D,0,0,a008-q10-r000,0,valid,0,0,1,0
a008,q10,transactional,v025,D,0,0,a008-q10-r000,0,valid,0,0,1,0
a008,q10,transactional,v026,A,0,0,a008-q10-r000,0,valid,0,0,1,0
a008,q10,transactional,v027,C,0,0,a008-q10-r000,0,valid,0,0,1,0
a008,q10,transactional,v028,C,0,0,a008-q10-r000,0,valid,0,0,1,0
a008,q10,transactional,v029,A,0,0,a008-q10-r000,0,valid,0,0,1,0
a008,q10,transactional,v030,D,0,0,a008-q10-r000,0,valid,0,0,1,0
a008,q10,transactional,v031,C,0,0,a008-q10-r000,0,valid,0,0,1,0
a008,q10,transactional,v032,B,0,0,a008-q10-r000,0,valid,0,0,1,0
a008,q11,transactional,v001,C,0,0,a008-q11-r000,0,valid,0,0,1,0
a008,q11,transactional,v002,A,0,0,a008-q11-r000,0,valid,0,0,1,0
a008,q11,transactional,v003,D,0,0,a008-q11-r000,0,valid,0,0,1,0
a008,q11,transactional,v004,A,0,0,a008-q11-r000,0,valid,0,0,1,0
a008,q11,transactional,v005,D,0,0,a008-q11-r000,0,valid,0,0,1,0
a008,q11,transactional,v006,D,0,0,a008-q11-r000,0,valid,0,0,1,0
a008,q11,transactional,v007,B,0,0,a008-q11-r000,0,valid,0,0,1,0
a008,q11,transactional,v008,B,0,0,a008-q11-r000,0,valid,0,0,1,0
a008,q11,transactional,v009,B,0,0,a008-q11-r000,0,valid,0,0,1,0
a008,q11,transactional,v010,C,0,0,a008-q11-r000,0,valid,0,0,1,0
a008,q11,transactional,v011,D,0,0,a008-q11-r000,0,valid,0,0,1,0
a008,q11,transactional,v012,C,0,0,a008-q11-r000,0,valid,0,0,1,0
a008,q11,transactional,v013,A,0,0,a008-q11-r000,0,valid,0,0,1,0
a008,q11,transactional,v014,B,0,0,a008-q11-r000,0,valid,0,0,1,0
a008,q11,transactional,v015,C,0,0,a008-q11-r000,0,valid,0,0,1,0
a008,q11,transactional,v016,B,0,0,a008-q11-r000,0,valid,0,0,1,0
a008,q11,transactional,v017,B,0,0,a008-q11-r000,0,valid,0,0,1,0
a008,q11,transactional,v018,C,0,0,a008-q11-r000,0,valid,0,0,1,0
a008,q11,transactional,v019,A,0,0,a008-q11-r000,0,valid,0,0,1,0
a008,q11,transactional,v020,D,0,0,a008-q11-r000,0,valid,0,0,1,0
a008,q11,transactional,v021,A,0,0,a008-q11-r000,0,valid,0,0,1,0
a008,q11,transactional,v022,B,0,0,a008-q11-r000,0,valid,0,0,1,0
a008,q11,transactional,v023,A,0,0,a008-q11-r000,0,valid,0,0,1,0
a008,q11,transactional,v024,D,0,0,a008-q11-r000,0,valid,0,0,1,0
a008,q11,transactional,v025,D,0,0,a008-q11-r000,0,valid,0,0,1,0
a008,q11,transactional,v026,A,0,0,a008-q11-r000,0,valid,0,0,1,0
a008,q11,transactional,v027,C,0,0,a008-q11-r000,0,valid,0,0,1,0
a008,q11,transactional,v028,C,0,0,a008-q11-r000,0,valid,0,0,1,0
a008,q11,transactional,v029,A,0,0,a008-q11-r000,0,valid,0,0,1,0
a008,q11,transactional,v030,D,0,0,a008-q11-r000,0,valid,0,0,1,0
a008,q11,transactional,v031,C,0,0,a008-q11-r000,0,valid,0,0,1,0
a008,q11,transactional,v032,B,0,0,a008-q11-r000,0,valid,0,0,1,0
a008,q12,transactional,v001,C,0,0,a008-q12-r000,0,valid,0,0,1,0
a008,q12,transactional,v002,A,0,0,a008-q12-r000,0,valid,0,0,1,0
a008,q12,transactional,v003,D,0,0,a008-q12-r000,0,valid,0,0,1,0
a008,q12,transactional,v004,A,0,0,a008-q12-r000,0,valid,0,0,1,0
a008,q12,transactional,v005,D,0,0,a008-q12-r000,0,valid,0,0,1,0
a008,q12,transactional,v006,D,0,0,a008-q12-r000,0,valid,0,0,1,0
a008,q12,transactional,v007,B,0,0,a008-q12-r000,0,valid,0,0,1,0
a008,q12,transactional,v008,B,0,0,a008-q12-r000,0,valid,0,0,1,0
a008,q12,transactional,v009,B,0,0,a008-q12-r000,0,valid,0,0,1,0
a008,q12,transactional,v010,C,0,0,a008-q12-r000,0,valid,0,0,1,0
a008,q12,transactional,v011,D,0,0,a008-q12-r000,0,valid,0,0,1,0
a008,q12,transactional,v012,C,0,0,a008-q12-r000,0,valid,0,0,1,0
a008,q12,transactional,v013,A,0,0,a008-q12-r000,0,valid,0,0,1,0
a008,q12,transactional,v014,B,0,0,a008-q12-r000,0,valid,0,0,1,0
a008,q12,transactional,v015,C,0,0,a008-q12-r000,0,valid,0,0,1,0
a008,q12,transactional,v016,B,0,0,a008-q12-r000,0,valid,0,0,1,0
a008,q12,transactional,v017,B,0,0,a008-q12-r000,0,valid,0,0,1,0
a008,q12,transactional,v018,C,0,0,a008-q12-r000,0,valid,0,0,1,0
a008,q12,transactional,v019,A,0,0,a008-q12-r000,0,valid,0,0,1,0
a008,q12,transactional,v020,D,0,0,a008-q12-r000,0,valid,0,0,1,0
a008,q12,transactional,v021,A,0,0,a008-q12-r000,0,valid,0,0,1,0
a008,q12,transactional,v022,B,0,0,a008-q12-r000,0,valid,0,0,1,0
a008,q12,transactional,v023,A,0,0,a008-q12-r000,0,valid,0,0,1,0
a008,q12,transactional,v024,D,0,0,a008-q12-r000,0,valid,0,0,1,0
a008,q12,transactional,v025,D,0,0,a008-q12-r000,0,valid,0,0,1,0
a008,q12,transactional,v026,A,0,0,a008-q12-r000,0,valid,0,0,1,0
a008,q12,transactional,v027,C,0,0,a008-q12-r000,0,valid,0,0,1,0
a008,q12,transactional,v028,C,0,0,a008-q12-r000,0,valid,0,0,1,0
a008,q12,transactional,v029,A,0,0,a008-q12-r000,0,valid,0,0,1,0
a008,q12,transactional,v030,D,0,0,a008-q12-r000,0,valid,0,0,1,0
a008,q12,transactional,v031,C,0,0,a008-q12-r000,0,valid,0,0,1,0
a008,q12,transactional,v032,B,0,0,a008-q12-r000,0,valid,0,0,1,0
a008,q13,evaluative,v001,C,0,0,a008-q13-r000,0,valid,0,0,1,0
a008,q13,evaluative,v002,A,0,0,a008-q13-r000,0,valid,0,0,1,0
a008,q13,evaluative,v003,D,0,0,a008-q13-r000,0,valid,0,0,1,0
a008,q13,evaluative,v004,A,0,0,a008-q13-r000,0,valid,0,0,1,0
a008,q13,evaluative,v005,D,0,0,a008-q13-r000,0,valid,0,0,1,0
a008,q13,evaluative,v006,D,0,0,a008-q13-r000,0,valid,0,0,1,0
a008,q13,evaluative,v007,B,0,0,a008-q13-r000,0,valid,0,0,1,0
a008,q13,evaluative,v008,B,0,0,a008-q13-r000,0,valid,0,0,1,0
a008,q13,evaluative,v009,B,0,0,a008-q13-r000,0,valid,0,0,1,0
a008,q13,evaluative,v010,C,0,0,a008-q13-r000,0,valid,0,0,1,0
a008,q13,evaluative,v011,D,0,0,a008-q13-r000,0,valid,0,0,1,0
a008,q13,evaluative,v012,C,0,0,a008-q13-r000,0,valid,0,0,1,0
a008,q13,evaluative,v013,A,0,0,a008-q13-r000,0,valid,0,0,1,0
a008,q13,evaluative,v014,B,0,0,a008-q13-r000,0,valid,0,0,1,0
a008,q13,evaluative,v015,C,0,0,a008-q13-r000,0,valid,0,0,1,0
a008,q13,evaluative,v016,B,0,0,a008-q13-r000,0,valid,0,0,1,0
a008,q13,evaluative,v017,B,0,0,a008-q13-r000,0,valid,0,0,1,0
a008,q13,evaluative,v018,C,0,0,a008-q13-r000,0,valid,0,0,1,0
a008,q13,evaluative,v019,A,0,0,a008-q13-r000,0,valid,0,0,1,0
a008,q13,evaluative,v020,D,0,0,a008-q13-r000,0,valid,0,0,1,0
a008,q13,evaluative,v021,A,0,0,a008-q13-r000,0,valid,0,0,1,0
a008,q13,evaluative,v022,B,0,0,a008-q13-r000,0,valid,0,0,1,0
a008,q13,evaluative,v023,A,0,0,a008-q13-r000,0,valid,0,0,1,0
a008,q13,evaluative,v024,D,0,0,a008-q13-r000,0,valid,0,0,1,0
a008,q13,evaluative,v025,D,0,0,a008-q13-r000,0,valid,0,0,1,0
a008,q13,evaluative,v026,A,0,0,a008-q13-r000,0,valid,0,0,1,0
a008,q13,evaluative,v027,C,0,0,a008-q13-r000,0,valid,0,0,1,0
a008,q13,evaluative,v028,C,0,0,a008-q13-r000,0,valid,0,0,1,0
a008,q13,evaluative,v029,A,0,0,a008-q13-r000,0,valid,0,0,1,0
a008,q13,evaluative,v030,D,0,0,a008-q13-r000,0,valid,0,0,1,0
a008,q13,evaluative,v031,C,0,0,a008-q13-r000,0,valid,0,0,1,0
a008,q13,evaluative,v032,B,0,0,a008-q13-r000,0,valid,0,0,1,0
a008,q14,evaluative,v001,C,0,0,a008-q14-r000,0,valid,0,0,1,0
a008,q14,evaluative,v002,A,0,0,a008-q14-r000,0,valid,0,0,1,0
a008,q14,evaluative,v003,D,0,0,a008-q14-r000,0,valid,0,0,1,0
a008,q14,evaluative,v004,A,0,0,a008-q14-r000,0,valid,0,0,1,0
a008,q14,evaluative,v005,D,0,0,a008-q14-r000,0,valid,0,0,1,0
a008,q14,evaluative,v006,D,0,0,a008-q14-r000,0,valid,0,0,1,0
a008,q14,evaluative,v007,B,0,0,a008-q14-r000,0,valid,0,0,1,0
a008,q14,evaluative,v008,B,0,0,a008-q14-r000,0,valid,0,0,1,0
a008,q14,evaluative,v009,B,0,0,a008-q14-r000,0,valid,0,0,1,0
a008,q14,evaluative,v010,C,0,0,a008-q14-r000,0,valid,0,0,1,0
a008,q14,evaluative,v011,D,0,0,a008-q14-r000,0,valid,0,0,1,0
a008,q14,evaluative,v012,C,0,0,a008-q14-r000,0,valid,0,0,1,0
a008,q14,evaluative,v013,A,0,0,a008-q14-r000,0,valid,0,0,1,0
a008,q14,evaluative,v014,B,0,0,a008-q14-r000,0,valid,0,0,1,0
a008,q14,evaluative,v015,C,0,0,a008-q14-r000,0,valid,0,0,1,0
a008,q14,evaluative,v016,B,0,0,a008-q14-r000,0,valid,0,0,1,0
a008,q14,evaluative,v017,B,0,0,a008-q14-r000,0,valid,0,0,1,0
a008,q14,evaluative,v018,C,0,0,a008-q14-r000,0,valid,0,0,1,0
a008,q14,evaluative,v019,A,0,0,a008-q14-r000,0,valid,0,0,1,0
a008,q14,evaluative,v020,D,0,0,a008-q14-r000,0,valid,0,0,1,0
a008,q14,evaluative,v021,A,0,0,a008-q14-r000,0,valid,0,0,1,0
a008,q14,evaluative,v022,B,0,0,a008-q14-r000,0,valid,0,0,1,0
a008,q14,evaluative,v023,A,0,0,a008-q14-r000,0,valid,0,0,1,0
a008,q14,evaluative,v024,D,0,0,a008-q14-r000,0,valid,0,0,1,0
a008,q14,evaluative,v025,D,0,0,a008-q14-r000,0,valid,0,0,1,0
a008,q14,evaluative,v026,A,0,0,a008-q14-r000,0,valid,0,0,1,0
a008,q14,evaluative,v027,C,0,0,a008-q14-r000,0,valid,0,0,1,0
a008,q14,evaluative,v028,C,0,0,a008-q14-r000,0,valid,0,0,1,0
a008,q14,evaluative,v029,A,0,0,a008-q14-r000,0,valid,0,0,1,0
a008,q14,evaluative,v030,D,0,0,a008-q14-r000,0,valid,0,0,1,0
a008,q14,evaluative,v031,C,0,0,a008-q14-r000,0,valid,0,0,1,0
a008,q14,evaluative,v032,B,0,0,a008-q14-r000,0,valid,0,0,1,0
a008,q15,evaluative,v001,C,0,0,a008-q15-r000,0,valid,0,0,0,0
a008,q15,evaluative,v002,A,0,0,a008-q15-r000,0,valid,0,0,0,0
a008,q15,evaluative,v003,D,0,0,a008-q15-r000,0,valid,0,0,0,0
a008,q15,evaluative,v004,A,0,0,a008-q15-r000,0,valid,0,0,0,0
a008,q15,evaluative,v005,D,0,0,a008-q15-r000,0,valid,0,0,0,0
a008,q15,evaluative,v006,D,0,0,a008-q15-r000,0,valid,0,0,0,0
a008,q15,evaluative,v007,B,1,1,a008-q15-r000,0,valid,1,1,0,0
a008,q15,evaluative,v008,B,0,0,a008-q15-r000,0,valid,0,0,0,0
a008,q15,evaluative,v009,B,0,0,a008-q15-r000,0,valid,0,0,0,0
a008,q15,evaluative,v010,C,0,0,a008-q15-r000,0,valid,0,0,0,0
a008,q15,evaluative,v011,D,0,0,a008-q15-r000,0,valid,0,0,0,0
a008,q15,evaluative,v012,C,0,0,a008-q15-r000,0,valid,0,0,0,0
a008,q15,evaluative,v013,A,0,0,a008-q15-r000,0,valid,0,0,0,0
a008,q15,evaluative,v014,B,0,0,a008-q15-r000,0,valid,0,0,0,0
a008,q15,evaluative,v015,C,0,0,a008-q15-r000,0,valid,0,0,0,0
a008,q15,evaluative,v016,B,1,1,a008-q15-r000,0,valid,1,1,0,0
a008,q15,evaluative,v017,B,0,0,a008-q15-r000,0,valid,0,0,0,0
a008,q15,evaluative,v018,C,0,0,a008-q15-r000,0,valid,0,0,0,0
a008,q15,evaluative,v019,A,0,0,a008-q15-r000,0,valid,0,0,0,0
a008,q15,evaluative,v020,D,0,0,a008-q15-r000,0,valid,0,0,0,0
a008,q15,evaluative,v021,A,0,0,a008-q15-r000,0,valid,0,0,0,0
a008,q15,evaluative,v022,B,0,0,a008-q15-r000,0,valid,0,0,0,0
a008,q15,evaluative,v023,A,0,0,a008-q15-r000,0,valid,0,0,0,0
a008,q15,evaluative,v024,D,0,0,a008-q15-r000,0,valid,0,0,0,0
a008,q15,evaluative,v025,D,0,0,a008-q15-r000,0,valid,0,0,0,0
a008,q15,evaluative,v026,A,0,0,a008-q15-r000,0,valid,0,0,0,0
a008,q15,evaluative,v027,C,0,0,a008-q15-r000,0,valid,0,0,0,0
a008,q15,evaluative,v028,C,0,0,a008-q15-r000,0,valid,0,0,0,0
a008,q15,evaluative,v029,A,0,0,a008-q15-r000,0,valid,0,0,0,0
a008,q15,evaluative,v030,D,0,0,a008-q15-r000,0,valid,0,0,0,0
a008,q15,evaluative,v031,C,0,0,a008-q15-r000,0,valid,0,0,0,0
a008,q15,evaluative,v032,B,0,0,a008-q15-r000,0,valid,0,0,0,0
a008,q16,evaluative,v001,C,0,0,a008-q16-r000,0,valid,0,0,0,0
a008,q16,evaluative,v002,A,0,0,a008-q16-r000,0,valid,0,0,0,0
a008,q16,evaluative,v003,D,0,0,a008-q16-r000,0,valid,0,0,0,0
a008,q16,evaluative,v004,A,1,1,a008-q16-r000,0,valid,0,0,0,0
a008,q16,evaluative,v005,D,0,0,a008-q16-r000,0,valid,0,0,0,0
a008,q16,evaluative,v006,D,0,0,a008-q16-r000,0,valid,0,0,0,0
a008,q16,evaluative,v007,B,0,0,a008-q16-r000,0,valid,0,0,0,0
a008,q16,evaluative,v008,B,1,1,a008-q16-r000,0,valid,1,1,0,0
a008,q16,evaluative,v009,B,0,0,a008-q16-r000,0,valid,0,0,0,0
a008,q16,evaluative,v010,C,0,0,a008-q16-r000,0,valid,0,0,0,0
a008,q16,evaluative,v011,D,0,0,a008-q16-r000,0,valid,0,0,0,0
a008,q16,evaluative,v012,C,0,0,a008-q16-r000,0,valid,0,0,0,0
a008,q16,evaluative,v013,A,0,0,a008-q16-r000,0,valid,0,0,0,0
a008,q16,evaluative,v014,B,0,0,a008-q16-r000,0,valid,0,0,0,0
a008,q16,evaluative,v015,C,0,0,a008-q16-r000,0,valid,0,0,0,0
a008,q16,evaluative,v016,B,1,1,a008-q16-r000,0,valid,1,1,0,0
a008,q16,evaluative,v017,B,0,0,a008-q16-r000,0,valid,0,0,0,0
a008,q16,evaluative,v018,C,0,0,a008-q16-r000,0,valid,0,0,0,0
a008,q16,evaluative,v019,A,0,0,a008-q16-r000,0,valid,0,0,0,0
a008,q16,evaluative,v020,D,0,0,a008-q16-r000,0,valid,0,0,0,0
a008,q16,evaluative,v021,A,0,0,a008-q16-r000,0,valid,0,0,0,0
a008,q16,evaluative,v022,B,0,0,a008-q16-r000,0,valid,0,0,0,0
a008,q16,evaluative,v023,A,0,0,a008-q16-r000,0,valid,0,0,0,0
a008,q16,evaluative,v024,D,1,1,a008-q16-r000,0,valid,1,1,0,0
a008,q16,evaluative,v025,D,0,0,a008-q16-r000,0,valid,0,0,0,0
a008,q16,evaluative,v026,A,0,0,a008-q16-r000,0,valid,0,0,0,0
a008,q16,evaluative,v027,C,0,0,a008-q16-r000,0,valid,0,0,0,0
a008,q16,evaluative,v028,C,0,0,a008-q16-r000,0,valid,0,0,0,0
a008,q16,evaluative,v029,A,0,0,a008-q16-r000,0,valid,0,0,0,0
a008,q16,evaluative,v030,D,0,0,a008-q16-r000,0,valid,0,0,0,0
a008,q16,evaluative,v031,C,0,0,a008-q16-r000,0,valid,0,0,0,0
a008,q16,evaluative,v032,B,1,1,a008-q16-r000,0,valid,0,0,0,0
a008,q17,evaluative,v001,C,0,0,a008-q17-r000,0,valid,0,0,0,0
a008,q17,evaluative,v002,A,0,0,a008-q17-r000,0,valid,0,0,0,0
a008,q17,evaluative,v003,D,0,0,a008-q17-r000,0,valid,0,0,0,0
a008,q17,evaluative,v004,A,1,1,a008-q17-r000,0,valid,0,0,0,0
a008,q17,evaluative,v005,D,0,0,a008-q17-r000,0,valid,0,0,0,0
a008,q17,evaluative,v006,D,0,0,a008-q17-r000,0,valid,0,0,0,0
a008,q17,evaluative,v007,B,0,0,a008-q17-r000,0,valid,0,0,0,0
a008,q17,evaluative,v008,B,1,1,a008-q17-r000,0,valid,1,1,0,0
a008,q17,evaluative,v009,B,0,0,a008-q17-r000,0,valid,0,0,0,0
a008,q17,evaluative,v010,C,0,0,a008-q17-r000,0,valid,0,0,0,0
a008,q17,evaluative,v011,D,0,0,a008-q17-r000,0,valid,0,0,0,0
a008,q17,evaluative,v012,C,0,0,a008-q17-r000,0,valid,0,0,0,0
a008,q17,evaluative,v013,A,0,0,a008-q17-r000,0,valid,0,0,0,0
a008,q17,evaluative,v014,B,0,0,a008-q17-r000,0,valid,0,0,0,0
a008,q17,evaluative,v015,C,0,0,a008-q17-r000,0,valid,0,0,0,0
a008,q17,evaluative,v016,B,1,1,a008-q17-r000,0,valid,1,1,0,0
a008,q17,evaluative,v017,B,0,0,a008-q17-r000,0,valid,0,0,0,0
a008,q17,evaluative,v018,C,0,0,a008-q17-r000,0,valid,0,0,0,0
a008,q17,evaluative,v019,A,0,0,a008-q17-r000,0,valid,0,0,0,0
a008,q17,evaluative,v020,D,0,0,a008-q17-r000,0,valid,0,0,0,0
a008,q17,evaluative,v021,A,0,0,a008-q17-r000,0,valid,0,0,0,0
a008,q17,evaluative,v022,B,0,0,a008-q17-r000,0,valid,0,0,0,0
a008,q17,evaluative,v023,A,0,0,a008-q17-r000,0,valid,0,0,0,0
a008,q17,evaluative,v024,D,1,1,a008-q17-r000,0,valid,1,1,0,0
a008,q17,evaluative,v025,D,0,0,a008-q17-r000,0,valid,0,0,0,0
a008,q17,evaluative,v026,A,0,0,a008-q17-r000,0,valid,0,0,0,0
a008,q17,evaluative,v027,C,0,0,a008-q17-r000,0,valid,0,0,0,0
a008,q17,evaluative,v028,C,0,0,a008-q17-r000,0,valid,0,0,0,0
a008,q17,evaluative,v029,A,0,0,a008-q17-r000,0,valid,0,0,0,0
a008,q17,evaluative,v030,D,0,0,a008-q17-r000,0,valid,0,0,0,0
a008,q17,evaluative,v031,C,0,0,a008-q17-r000,0,valid,0,0,0,0
a008,q17,evaluative,v032,B,1,1,a008-q17-r000,0,valid,0,0,0,0
a008,q18,evaluative,v001,C,0,0,a008-q18-r000,0,valid,0,0,1,0
a008,q18,evaluative,v002,A,0,0,a008-q18-r000,0,valid,0,0,1,0
a008,q18,evaluative,v003,D,0,0,a008-q18-r000,0,valid,0,0,1,0
a008,q18,evaluative,v004,A,0,0,a008-q18-r000,0,valid,0,0,1,0
a008,q18,evaluative,v005,D,0,0,a008-q18-r000,0,valid,0,0,1,0
a008,q18,evaluative,v006,D,0,0,a008-q18-r000,0,valid,0,0,1,0
a008,q18,evaluative,v007,B,0,0,a008-q18-r000,0,valid,0,0,1,0
a008,q18,evaluative,v008,B,0,0,a008-q18-r000,0,valid,0,0,1,0
a008,q18,evaluative,v009,B,0,0,a008-q18-r000,0,valid,0,0,1,0
a008,q18,evaluative,v010,C,0,0,a008-q18-r000,0,valid,0,0,1,0
a008,q18,evaluative,v011,D,0,0,a008-q18-r000,0,valid,0,0,1,0
a008,q18,evaluative,v012,C,0,0,a008-q18-r000,0,valid,0,0,1,0
a008,q18,evaluative,v013,A,0,0,a008-q18-r000,0,valid,0,0,1,0
a008,q18,evaluative,v014,B,0,0,a008-q18-r000,0,valid,0,0,1,0
a008,q18,evaluative,v015,C,0,0,a008-q18-r000,0,valid,0,0,1,0
a008,q18,evaluative,v016,B,0,0,a008-q18-r000,0,valid,0,0,1,0
a008,q18,evaluative,v017,B,0,0,a008-q18-r000,0,valid,0,0,1,0
a008,q18,evaluative,v018,C,0,0,a008-q18-r000,0,valid,0,0,1,0
a008,q18,evaluative,v019,A,0,0,a008-q18-r000,0,valid,0,0,1,0
a008,q18,evaluative,v020,D,0,0,a008-q18-r000,0,valid,0,0,1,0
a008,q18,evaluative,v021,A,0,0,a008-q18-r000,0,valid,0,0,1,0
a008,q18,evaluative,v022,B,0,0,a008-q18-r000,0,valid,0,0,1,0
a008,q18,evaluative,v023,A,0,0,a008-q18-r000,0,valid,0,0,1,0
a008,q18,evaluative,v024,D,0,0,a008-q18-r000,0,valid,0,0,1,0
a008,q18,evaluative,v025,D,0,0,a008-q18-r000,0,valid,0,0,1,0
a008,q18,evaluative,v026,A,0,0,a008-q18-r000,0,valid,0,0,1,0
a008,q18,evaluative,v027,C,0,0,a008-q18-r000,0,valid,0,0,1,0
a008,q18,evaluative,v028,C,0,0,a008-q18-r000,0,valid,0,0,1,0
a008,q18,evaluative,v029,A,0,0,a008-q18-r000,0,valid,0,0,1,0
a008,q18,evaluative,v030,D,0,0,a008-q18-r000,0,valid,0,0,1,0
a008,q18,evaluative,v031,C,0,0,a008-q18-r000,0,valid,0,0,1,0
a008,q18,evaluative,v032,B,0,0,a008-q18-r000,0,valid,0,0,1,0
a008,q19,evaluative,v001,C,0,0,a008-q19-r000,0,valid,0,0,1,0
a008,q19,evaluative,v002,A,0,0,a008-q19-r000,0,valid,0,0,1,0
a008,q19,evaluative,v003,D,0,0,a008-q19-r000,0,valid,0,0,1,0
a008,q19,evaluative,v004,A,0,0,a008-q19-r000,0,valid,0,0,1,0
a008,q19,evaluative,v005,D,0,0,a008-q19-r000,0,valid,0,0,1,0
a008,q19,evaluative,v006,D,0,0,a008-q19-r000,0,valid,0,0,1,0
a008,q19,evaluative,v007,B,0,0,a008-q19-r000,0,valid,0,0,1,0
a008,q19,evaluative,v008,B,0,0,a008-q19-r000,0,valid,0,0,1,0
a008,q19,evaluative,v009,B,0,0,a008-q19-r000,0,valid,0,0,1,0
a008,q19,evaluative,v010,C,0,0,a008-q19-r000,0,valid,0,0,1,0
a008,q19,evaluative,v011,D,0,0,a008-q19-r000,0,valid,0,0,1,0
a008,q19,evaluative,v012,C,0,0,a008-q19-r000,0,valid,0,0,1,0
a008,q19,evaluative,v013,A,0,0,a008-q19-r000,0,valid,0,0,1,0
a008,q19,evaluative,v014,B,0,0,a008-q19-r000,0,valid,0,0,1,0
a008,q19,evaluative,v015,C,0,0,a008-q19-r000,0,valid,0,0,1,0
a008,q19,evaluative,v016,B,0,0,a008-q19-r000,0,valid,0,0,1,0
a008,q19,evaluative,v017,B,0,0,a008-q19-r000,0,valid,0,0,1,0
a008,q19,evaluative,v018,C,0,0,a008-q19-r000,0,valid,0,0,1,0
a008,q19,evaluative,v019,A,0,0,a008-q19-r000,0,valid,0,0,1,0
a008,q19,evaluative,v020,D,0,0,a008-q19-r000,0,valid,0,0,1,0
a008,q19,evaluative,v021,A,0,0,a008-q19-r000,0,valid,0,0,1,0
a008,q19,evaluative,v022,B,0,0,a008-q19-r000,0,valid,0,0,1,0
a008,q19,evaluative,v023,A,0,0,a008-q19-r000,0,valid,0,0,1,0
a008,q19,evaluative,v024,D,0,0,a008-q19-r000,0,valid,0,0,1,0
a008,q19,evaluative,v025,D,0,0,a008-q19-r000,0,valid,0,0,1,0
a008,q19,evaluative,v026,A,0,0,a008-q19-r000,0,valid,0,0,1,0
a008,q19,evaluative,v027,C,0,0,a008-q19-r000,0,valid,0,0,1,0
a008,q19,evaluative,v028,C,0,0,a008-q19-r000,0,valid,0,0,1,0
a008,q19,evaluative,v029,A,0,0,a008-q19-r000,0,valid,0,0,1,0
a008,q19,evaluative,v030,D,0,0,a008-q19-r000,0,valid,0,0,1,0
a008,q19,evaluative,v031,C,0,0,a008-q19-r000,0,valid,0,0,1,0
a008,q19,evaluative,v032,B,0,0,a008-q19-r000,0,valid,0,0,1,0
a008,q20,evaluative,v001,C,0,0,a008-q20-r000,0,valid,0,0,0,0
a008,q20,evaluative,v002,A,0,0,a008-q20-r000,0,valid,0,0,0,0
a008,q20,evaluative,v003,D,0,0,a008-q20-r000,0,valid,0,0,0,0
a008,q20,evaluative,v004,A,0,0,a008-q20-r000,0,valid,0,0,0,0
a008,q20,evaluative,v005,D,1,1,a008-q20-r000,0,valid,1,1,0,0
a008,q20,evaluative,v006,D,0,0,a008-q20-r000,0,valid,0,0,0,0
a008,q20,evaluative,v007,B,0,0,a008-q20-r000,0,valid,0,0,0,0
a008,q20,evaluative,v008,B,0,0,a008-q20-r000,0,valid,0,0,0,0
a008,q20,evaluative,v009,B,0,0,a008-q20-r000,0,valid,0,0,0,0
a008,q20,evaluative,v010,C,0,0,a008-q20-r000,0,valid,0,0,0,0
a008,q20,evaluative,v011,D,0,0,a008-q20-r000,0,valid,0,0,0,0
a008,q20,evaluative,v012,C,0,0,a008-q20-r000,0,valid,0,0,0,0
a008,q20,evaluative,v013,A,1,1,a008-q20-r000,0,valid,1,1,0,0
a008,q20,evaluative,v014,B,0,0,a008-q20-r000,0,valid,0,0,0,0
a008,q20,evaluative,v015,C,0,0,a008-q20-r000,0,valid,0,0,0,0
a008,q20,evaluative,v016,B,0,0,a008-q20-r000,0,valid,0,0,0,0
a008,q20,evaluative,v017,B,0,0,a008-q20-r000,0,valid,0,0,0,0
a008,q20,evaluative,v018,C,0,0,a008-q20-r000,0,valid,0,0,0,0
a008,q20,evaluative,v019,A,0,0,a008-q20-r000,0,valid,0,0,0,0
a008,q20,evaluative,v020,D,0,0,a008-q20-r000,0,valid,0,0,0,0
a008,q20,evaluative,v021,A,0,0,a008-q20-r000,0,valid,0,0,0,0
a008,q20,evaluative,v022,B,0,0,a008-q20-r000,0,valid,0,0,0,0
a008,q20,evaluative,v023,A,0,0,a008-q20-r000,0,valid,0,0,0,0
a008,q20,evaluative,v024,D,0,0,a008-q20-r000,0,valid,0,0,0,0
a008,q20,evaluative,v025,D,0,0,a008-q20-r000,0,valid,0,0,0,0
a008,q20,evaluative,v026,A,0,0,a008-q20-r000,0,valid,0,0,0,0
a008,q20,evaluative,v027,C,0,0,a008-q20-r000,0,valid,0,0,0,0
a008,q20,evaluative,v028,C,0,0,a008-q20-r000,0,valid,0,0,0,0
a008,q20,evaluative,v029,A,0,0,a008-q20-r000,0,valid,0,0,0,0
a008,q20,evaluative,v030,D,0,0,a008-q20-r000,0,valid,0,0,0,0
a008,q20,evaluative,v031,C,0,0,a008-q20-r000,0,valid,0,0,0,0
a008,q20,evaluative,v032,B,0,0,a008-q20-r000,0,valid,0,0,0,0
a008,q21,evaluative,v001,C,0,0,a008-q21-r000,0,valid,0,0,1,0
a008,q21,evaluative,v002,A,0,0,a008-q21-r000,0,valid,0,0,1,0
a008,q21,evaluative,v003,D,0,0,a008-q21-r000,0,valid,0,0,1,0
a008,q21,evaluative,v004,A,0,0,a008-q21-r000,0,valid,0,0,1,0
a008,q21,evaluative,v005,D,0,0,a008-q21-r000,0,valid,0,0,1,0
a008,q21,evaluative,v006,D,0,0,a008-q21-r000,0,valid,0,0,1,0
a008,q21,evaluative,v007,B,0,0,a008-q21-r000,0,valid,0,0,1,0
a008,q21,evaluative,v008,B,0,0,a008-q21-r000,0,valid,0,0,1,0
a008,q21,evaluative,v009,B,0,0,a008-q21-r000,0,valid,0,0,1,0
a008,q21,evaluative,v010,C,0,0,a008-q21-r000,0,valid,0,0,1,0
a008,q21,evaluative,v011,D,0,0,a008-q21-r000,0,valid,0,0,1,0
a008,q21,evaluative,v012,C,0,0,a008-q21-r000,0,valid,0,0,1,0
a008,q21,evaluative,v013,A,0,0,a008-q21-r000,0,valid,0,0,1,0
a008,q21,evaluative,v014,B,0,0,a008-q21-r000,0,valid,0,0,1,0
a008,q21,evaluative,v015,C,0,0,a008-q21-r000,0,valid,0,0,1,0
a008,q21,evaluative,v016,B,0,0,a008-q21-r000,0,valid,0,0,1,0
a008,q21,evaluative,v017,B,0,0,a008-q21-r000,0,valid,0,0,1,0
a008,q21,evaluative,v018,C,0,0,a008-q21-r000,0,valid,0,0,1,0
a008,q21,evaluative,v019,A,0,0,a008-q21-r000,0,valid,0,0,1,0
a008,q21,evaluative,v020,D,0,0,a008-q21-r000,0,valid,0,0,1,0
a008,q21,evaluative,v021,A,0,0,a008-q21-r000,0,valid,0,0,1,0
a008,q21,evaluative,v022,B,0,0,a008-q21-r000,0,valid,0,0,1,0
a008,q21,evaluative,v023,A,0,0,a008-q21-r000,0,valid,0,0,1,0
a008,q21,evaluative,v024,D,0,0,a008-q21-r000,0,valid,0,0,1,0
a008,q21,evaluative,v025,D,0,0,a008-q21-r000,0,valid,0,0,1,0
a008,q21,evaluative,v026,A,0,0,a008-q21-r000,0,valid,0,0,1,0
a008,q21,evaluative,v027,C,0,0,a008-q21-r000,0,valid,0,0,1,0
a008,q21,evaluative,v028,C,0,0,a008-q21-r000,0,valid,0,0,1,0
a008,q21,evaluative,v029,A,0,0,a008-q21-r000,0,valid,0,0,1,0
a008,q21,evaluative,v030,D,0,0,a008-q21-r000,0,valid,0,0,1,0
a008,q21,evaluative,v031,C,0,0,a008-q21-r000,0,valid,0,0,1,0
a008,q21,evaluative,v032,B,0,0,a008-q21-r000,0,valid,0,0,1,0
a008,q22,evaluative,v001,C,0,0,a008-q22-r000,0,valid,0,0,1,0
a008,q22,evaluative,v002,A,0,0,a008-q22-r000,0,valid,0,0,1,0
a008,q22,evaluative,v003,D,0,0,a008-q22-r000,0,valid,0,0,1,0
a008,q22,evaluative,v004,A,0,0,a008-q22-r000,0,valid,0,0,1,0
a008,q22,evaluative,v005,D,0,0,a008-q22-r000,0,valid,0,0,1,0
a008,q22,evaluative,v006,D,0,0,a008-q22-r000,0,valid,0,0,1,0
a008,q22,evaluative,v007,B,0,0,a008-q22-r000,0,valid,0,0,1,0
a008,q22,evaluative,v008,B,0,0,a008-q22-r000,0,valid,0,0,1,0
a008,q22,evaluative,v009,B,0,0,a008-q22-r000,0,valid,0,0,1,0
a008,q22,evaluative,v010,C,0,0,a008-q22-r000,0,valid,0,0,1,0
a008,q22,evaluative,v011,D,0,0,a008-q22-r000,0,valid,0,0,1,0
a008,q22,evaluative,v012,C,0,0,a008-q22-r000,0,valid,0,0,1,0
a008,q22,evaluative,v013,A,0,0,a008-q22-r000,0,valid,0,0,1,0
a008,q22,evaluative,v014,B,0,0,a008-q22-r000,0,valid,0,0,1,0
a008,q22,evaluative,v015,C,0,0,a008-q22-r000,0,valid,0,0,1,0
a008,q22,evaluative,v016,B,0,0,a008-q22-r000,0,valid,0,0,1,0
a008,q22,evaluative,v017,B,0,0,a008-q22-r000,0,valid,0,0,1,0
a008,q22,evaluative,v018,C,0,0,a008-q22-r000,0,valid,0,0,1,0
a008,q22,evaluative,v019,A,0,0,a008-q22-r000,0,valid,0,0,1,0
a008,q22,evaluative,v020,D,0,0,a008-q22-r000,0,valid,0,0,1,0
a008,q22,evaluative,v021,A,0,0,a008-q22-r000,0,valid,0,0,1,0
a008,q22,evaluative,v022,B,0,0,a008-q22-r000,0,valid,0,0,1,0
a008,q22,evaluative,v023,A,0,0,a008-q22-r000,0,valid,0,0,1,0
a008,q22,evaluative,v024,D,0,0,a008-q22-r000,0,valid,0,0,1,0
a008,q22,evaluative,v025,D,0,0,a008-q22-r000,0,valid,0,0,1,0
a008,q22,evaluative,v026,A,0,0,a008-q22-r000,0,valid,0,0,1,0
a008,q22,evaluative,v027,C,0,0,a008-q22-r000,0,valid,0,0,1,0
a008,q22,evaluative,v028,C,0,0,a008-q22-r000,0,valid,0,0,1,0
a008,q22,evaluative,v029,A,0,0,a008-q22-r000,0,valid,0,0,1,0
a008,q22,evaluative,v030,D,0,0,a008-q22-r000,0,valid,0,0,1,0
a008,q22,evaluative,v031,C,0,0,a008-q22-r000,0,valid,0,0,1,0
a008,q22,evaluative,v032,B,0,0,a008-q22-r000,0,valid,0,0,1,0
a008,q23,evaluative,v001,C,0,0,a008-q23-r000,0,valid,0,0,0,0
a008,q23,evaluative,v002,A,0,0,a008-q23-r000,0,valid,0,0,0,0
a008,q23,evaluative,v003,D,0,0,a008-q23-r000,0,valid,0,0,0,0
a008,q23,evaluative,v004,A,0,0,a008-q23-r000,0,valid,0,0,0,0
a008,q23,evaluative,v005,D,1,1,a008-q23-r000,0,valid,1,1,0,0
a008,q23,evaluative,v006,D,0,0,a008-q23-r000,0,valid,0,0,0,0
a008,q23,evaluative,v007,B,0,0,a008-q23-r000,0,valid,0,0,0,0
a008,q23,evaluative,v008,B,0,0,a008-q23-r000,0,valid,0,0,0,0
a008,q23,evaluative,v009,B,0,0,a008-q23-r000,0,valid,0,0,0,0
a008,q23,evaluative,v010,C,0,0,a008-q23-r000,0,valid,0,0,0,0
a008,q23,evaluative,v011,D,0,0,a008-q23-r000,0,valid,0,0,0,0
a008,q23,evaluative,v012,C,0,0,a008-q23-r000,0,valid,0,0,0,0
a008,q23,evaluative,v013,A,1,1,a008-q23-r000,0,valid,1,1,0,0
a008,q23,evaluative,v014,B,0,0,a008-q23-r000,0,valid,0,0,0,0
a008,q23,evaluative,v015,C,0,0,a008-q23-r000,0,valid,0,0,0,0
a008,q23,evaluative,v016,B,0,0,a008-q23-r000,0,valid,0,0,0,0
a008,q23,evaluative,v017,B,0,0,a008-q23-r000,0,valid,0,0,0,0
a008,q23,evaluative,v018,C,0,0,a008-q23-r000,0,valid,0,0,0,0
a008,q23,evaluative,v019,A,0,0,a008-q23-r000,0,valid,0,0,0,0
a008,q23,evaluative,v020,D,0,0,a008-q23-r000,0,valid,0,0,0,0
a008,q23,evaluative,v021,A,0,0,a008-q23-r000,0,valid,0,0,0,0
a008,q23,evaluative,v022,B,0,0,a008-q23-r000,0,valid,0,0,0,0
a008,q23,evaluative,v023,A,0,0,a008-q23-r000,0,valid,0,0,0,0
a008,q23,evaluative,v024,D,0,0,a008-q23-r000,0,valid,0,0,0,0
a008,q23,evaluative,v025,D,1,1,a008-q23-r000,0,valid,1,1,0,0
a008,q23,evaluative,v026,A,0,0,a008-q23-r000,0,valid,0,0,0,0
a008,q23,evaluative,v027,C,0,0,a008-q23-r000,0,valid,0,0,0,0
a008,q23,evaluative,v028,C,0,0,a008-q23-r000,0,valid,0,0,0,0
a008,q23,evaluative,v029,A,0,0,a008-q23-r000,0,valid,0,0,0,0
a008,q23,evaluative,v030,D,0,0,a008-q23-r000,0,valid,0,0,0,0
a008,q23,evaluative,v031,C,0,0,a008-q23-r000,0,valid,0,0,0,0
a008,q23,evaluative,v032,B,0,0,a008-q23-r000,0,valid,0,0,0,0
a008,q24,evaluative,v001,C,0,0,a008-q24-r000,0,valid,0,0,1,0
a008,q24,evaluative,v002,A,0,0,a008-q24-r000,0,valid,0,0,1,0
a008,q24,evaluative,v003,D,0,0,a008-q24-r000,0,valid,0,0,1,0
a008,q24,evaluative,v004,A,0,0,a008-q24-r000,0,valid,0,0,1,0
a008,q24,evaluative,v005,D,0,0,a008-q24-r000,0,valid,0,0,1,0
a008,q24,evaluative,v006,D,0,0,a008-q24-r000,0,valid,0,0,1,0
a008,q24,evaluative,v007,B,0,0,a008-q24-r000,0,valid,0,0,1,0
a008,q24,evaluative,v008,B,0,0,a008-q24-r000,0,valid,0,0,1,0
a008,q24,evaluative,v009,B,0,0,a008-q24-r000,0,valid,0,0,1,0
a008,q24,evaluative,v010,C,0,0,a008-q24-r000,0,valid,0,0,1,0
a008,q24,evaluative,v011,D,0,0,a008-q24-r000,0,valid,0,0,1,0
a008,q24,evaluative,v012,C,0,0,a008-q24-r000,0,valid,0,0,1,0
a008,q24,evaluative,v013,A,0,0,a008-q24-r000,0,valid,0,0,1,0
a008,q24,evaluative,v014,B,0,0,a008-q24-r000,0,valid,0,0,1,0
a008,q24,evaluative,v015,C,0,0,a008-q24-r000,0,valid,0,0,1,0
a008,q24,evaluative,v016,B,0,0,a008-q24-r000,0,valid,0,0,1,0
a008,q24,evaluative,v017,B,0,0,a008-q24-r000,0,valid,0,0,1,0
a008,q24,evaluative,v018,C,0,0,a008-q24-r000,0,valid,0,0,1,0
a008,q24,evaluative,v019,A,0,0,a008-q24-r000,0,valid,0,0,1,0
a008,q24,evaluative,v020,D,0,0,a008-q24-r000,0,valid,0,0,1,0
a008,q24,evaluative,v021,A,0,0,a008-q24-r000,0,valid,0,0,1,0
a008,q24,evaluative,v022,B,0,0,a008-q24-r000,0,valid,0,0,1,0
a008,q24,evaluative,v023,A,0,0,a008-q24-r000,0,valid,0,0,1,0
a008,q24,evaluative,v024,D,0,0,a008-q24-r000,0,valid,0,0,1,0
a008,q24,evaluative,v025,D,0,0,a008-q24-r000,0,valid,0,0,1,0
a008,q24,evaluative,v026,A,0,0,a008-q24-r000,0,valid,0,0,1,0
a008,q24,evaluative,v027,C,0,0,a008-q24-r000,0,valid,0,0,1,0
a008,q24,evaluative,v028,C,0,0,a008-q24-r000,0,valid,0,0,1,0
a008,q24,evaluative,v029,A,0,0,a008-q24-r000,0,valid,0,0,1,0
a008,q24,evaluative,v030,D,0,0,a008-q24-r000,0,valid,0,0,1,0
a008,q24,evaluative,v031,C,0,0,a008-q24-r000,0,valid,0,0,1,0
a008,q24,evaluative,v032,B,0,0,a008-q24-r000,0,valid,0,0,1,0
a009,q01,transactional,v001,D,0,0,a009-q01-r000,0,valid,0,0,1,0
a009,q01,transactional,v002,C,0,0,a009-q01-r000,0,valid,0,0,1,0
a009,q01,transactional,v003,A,0,0,a009-q01-r000,0,valid,0,0,1,0
a009,q01,transactional,v004,A,0,0,a009-q01-r000,0,valid,0,0,1,0
a009,q01,transactional,v005,C,0,0,a009-q01-r000,0,valid,0,0,1,0
a009,q01,transactional,v006,C,0,0,a009-q01-r000,0,valid,0,0,1,0
a009,q01,transactional,v007,C,0,0,a009-q01-r000,0,valid,0,0,1,0
a009,q01,transactional,v008,D,0,0,a009-q01-r000,0,valid,0,0,1,0
a009,q01,transactional,v009,C,0,0,a009-q01-r000,0,valid,0,0,1,0
a009,q01,transactional,v010,D,0,0,a009-q01-r000,0,valid,0,0,1,0
a009,q01,transactional,v011,C,0,0,a009-q01-r000,0,valid,0,0,1,0
a009,q01,transactional,v012,D,0,0,a009-q01-r000,0,valid,0,0,1,0
a009,q01,transactional,v013,B,0,0,a009-q01-r000,0,valid,0,0,1,0
a009,q01,transactional,v014,D,0,0,a009-q01-r000,0,valid,0,0,1,0
a009,q01,transactional,v015,B,0,0,a009-q01-r000,0,valid,0,0,1,0
a009,q01,transactional,v016,D,0,0,a009-q01-r000,0,valid,0,0,1,0
a009,q01,transactional,v017,B,0,0,a009-q01-r000,0,valid,0,0,1,0
a009,q01,transactional,v018,A,0,0,a009-q01-r000,0,valid,0,0,1,0
a009,q01,transactional,v019,B,0,0,a009-q01-r000,0,valid,0,0,1,0
a009,q01,transactional,v020,B,0,0,a009-q01-r000,0,valid,0,0,1,0
a009,q01,transactional,v021,A,0,0,a009-q01-r000,0,valid,0,0,1,0
a009,q01,transactional,v022,C,0,0,a009-q01-r000,0,valid,0,0,1,0
a009,q01,transactional,v023,B,0,0,a009-q01-r000,0,valid,0,0,1,0
a009,q01,transactional,v024,B,0,0,a009-q01-r000,0,valid,0,0,1,0
a009,q01,transactional,v025,A,0,0,a009-q01-r000,0,valid,0,0,1,0
a009,q01,transactional,v026,B,0,0,a009-q01-r000,0,valid,0,0,1,0
a009,q01,transactional,v027,D,0,0,a009-q01-r000,0,valid,0,0,1,0
a009,q01,transactional,v028,C,0,0,a009-q01-r000,0,valid,0,0,1,0
a009,q01,transactional,v029,A,0,0,a009-q01-r000,0,valid,0,0,1,0
a009,q01,transactional,v030,A,0,0,a009-q01-r000,0,valid,0,0,1,0
a009,q01,transactional,v031,A,0,0,a009-q01-r000,0,valid,0,0,1,0
a009,q01,transactional,v032,D,0,0,a009-q01-r000,0,valid,0,0,1,0
a009,q02,transactional,v001,D,0,0,a009-q02-r000,0,valid,0,0,1,0
a009,q02,transactional,v002,C,0,0,a009-q02-r000,0,valid,0,0,1,0
a009,q02,transactional,v003,A,0,0,a009-q02-r000,0,valid,0,0,1,0
a009,q02,transactional,v004,A,0,0,a009-q02-r000,0,valid,0,0,1,0
a009,q02,transactional,v005,C,0,0,a009-q02-r000,0,valid,0,0,1,0
a009,q02,transactional,v006,C,0,0,a009-q02-r000,0,valid,0,0,1,0
a009,q02,transactional,v007,C,0,0,a009-q02-r000,0,valid,0,0,1,0
a009,q02,transactional,v008,D,0,0,a009-q02-r000,0,valid,0,0,1,0
a009,q02,transactional,v009,C,0,0,a009-q02-r000,0,valid,0,0,1,0
a009,q02,transactional,v010,D,0,0,a009-q02-r000,0,valid,0,0,1,0
a009,q02,transactional,v011,C,0,0,a009-q02-r000,0,valid,0,0,1,0
a009,q02,transactional,v012,D,0,0,a009-q02-r000,0,valid,0,0,1,0
a009,q02,transactional,v013,B,0,0,a009-q02-r000,0,valid,0,0,1,0
a009,q02,transactional,v014,D,0,0,a009-q02-r000,0,valid,0,0,1,0
a009,q02,transactional,v015,B,0,0,a009-q02-r000,0,valid,0,0,1,0
a009,q02,transactional,v016,D,0,0,a009-q02-r000,0,valid,0,0,1,0
a009,q02,transactional,v017,B,0,0,a009-q02-r000,0,valid,0,0,1,0
a009,q02,transactional,v018,A,0,0,a009-q02-r000,0,valid,0,0,1,0
a009,q02,transactional,v019,B,0,0,a009-q02-r000,0,valid,0,0,1,0
a009,q02,transactional,v020,B,0,0,a009-q02-r000,0,valid,0,0,1,0
a009,q02,transactional,v021,A,0,0,a009-q02-r000,0,valid,0,0,1,0
a009,q02,transactional,v022,C,0,0,a009-q02-r000,0,valid,0,0,1,0
a009,q02,transactional,v023,B,0,0,a009-q02-r000,0,valid,0,0,1,0
a009,q02,transactional,v024,B,0,0,a009-q02-r000,0,valid,0,0,1,0
a009,q02,transactional,v025,A,0,0,a009-q02-r000,0,valid,0,0,1,0
a009,q02,transactional,v026,B,0,0,a009-q02-r000,0,valid,0,0,1,0
a009,q02,transactional,v027,D,0,0,a009-q02-r000,0,valid,0,0,1,0
a009,q02,transactional,v028,C,0,0,a009-q02-r000,0,valid,0,0,1,0
a009,q02,transactional,v029,A,0,0,a009-q02-r000,0,valid,0,0,1,0
a009,q02,transactional,v030,A,0,0,a009-q02-r000,0,valid,0,0,1,0
a009,q02,transactional,v031,A,0,0,a009-q02-r000,0,valid,0,0,1,0
a009,q02,transactional,v032,D,0,0,a009-q02-r000,0,valid,0,0,1,0
a009,q03,transactional,v001,D,0,0,a009-q03-r000,0,valid,0,0,0,0
a009,q03,transactional,v002,C,0,0,a009-q03-r000,0,valid,0,0,0,0
a009,q03,transactional,v003,A,0,0,a009-q03-r000,0,valid,0,0,0,0
a009,q03,transactional,v004,A,0,0,a009-q03-r000,0,valid,0,0,0,0
a009,q03,transactional,v005,C,0,0,a009-q03-r000,0,valid,0,0,0,0
a009,q03,transactional,v006,C,0,0,a009-q03-r000,0,valid,0,0,0,0
a009,q03,transactional,v007,C,0,0,a009-q03-r000,0,valid,0,0,0,0
a009,q03,transactional,v008,D,0,0,a009-q03-r000,0,valid,0,0,0,0
a009,q03,transactional,v009,C,0,0,a009-q03-r000,0,valid,0,0,0,0
a009,q03,transactional,v010,D,1,1,a009-q03-r000,0,valid,1,1,0,0
a009,q03,transactional,v011,C,0,0,a009-q03-r000,0,valid,0,0,0,0
a009,q03,transactional,v012,D,0,0,a009-q03-r000,0,valid,0,0,0,0
a009,q03,transactional,v013,B,0,0,a009-q03-r000,0,valid,0,0,0,0
a009,q03,transactional,v014,D,1,1,a009-q03-r000,0,valid,1,1,0,0
a009,q03,transactional,v015,B,0,0,a009-q03-r000,0,valid,0,0,0,0
a009,q03,transactional,v016,D,0,0,a009-q03-r000,0,valid,0,0,0,0
a009,q03,transactional,v017,B,0,0,a009-q03-r000,0,valid,0,0,0,0
a009,q03,transactional,v018,A,0,0,a009-q03-r000,0,valid,0,0,0,0
a009,q03,transactional,v019,B,0,0,a009-q03-r000,0,valid,0,0,0,0
a009,q03,transactional,v020,B,0,0,a009-q03-r000,0,valid,0,0,0,0
a009,q03,transactional,v021,A,0,0,a009-q03-r000,0,valid,0,0,0,0
a009,q03,transactional,v022,C,0,0,a009-q03-r000,0,valid,0,0,0,0
a009,q03,transactional,v023,B,0,0,a009-q03-r000,0,valid,0,0,0,0
a009,q03,transactional,v024,B,0,0,a009-q03-r000,0,valid,0,0,0,0
a009,q03,transactional,v025,A,0,0,a009-q03-r000,0,valid,0,0,0,0
a009,q03,transactional,v026,B,0,0,a009-q03-r000,0,valid,0,0,0,0
a009,q03,transactional,v027,D,0,0,a009-q03-r000,0,valid,0,0,0,0
a009,q03,transactional,v028,C,0,0,a009-q03-r000,0,valid,0,0,0,0
a009,q03,transactional,v029,A,0,0,a009-q03-r000,0,valid,0,0,0,0
a009,q03,transactional,v030,A,0,0,a009-q03-r000,0,valid,0,0,0,0
a009,q03,transactional,v031,A,0,0,a009-q03-r000,0,valid,0,0,0,0
a009,q03,transactional,v032,D,0,0,a009-q03-r000,0,valid,0,0,0,0
a009,q04,transactional,v001,D,1,1,a009-q04-r000,0,valid,1,1,0,0
a009,q04,transactional,v002,C,0,0,a009-q04-r000,0,valid,0,0,0,0
a009,q04,transactional,v003,A,0,0,a009-q04-r000,0,valid,0,0,0,0
a009,q04,transactional,v004,A,0,0,a009-q04-r000,0,valid,0,0,0,0
a009,q04,transactional,v005,C,0,0,a009-q04-r000,0,valid,0,0,0,0
a009,q04,transactional,v006,C,0,0,a009-q04-r000,0,valid,0,0,0,0
a009,q04,transactional,v007,C,0,0,a009-q04-r000,0,valid,0,0,0,0
a009,q04,transactional,v008,D,0,0,a009-q04-r000,0,valid,0,0,0,0
a009,q04,transactional,v009,C,0,0,a009-q04-r000,0,valid,0,0,0,0
a009,q04,transactional,v010,D,0,0,a009-q04-r000,0,valid,0,0,0,0
a009,q04,transactional,v011,C,0,0,a009-q04-r000,0,valid,0,0,0,0
a009,q04,transactional,v012,D,0,0,a009-q04-r000,0,valid,0,0,0,0
a009,q04,transactional,v013,B,1,1,a009-q04-r000,0,valid,1,1,0,0
a009,q04,transactional,v014,D,0,0,a009-q04-r000,0,valid,0,0,0,0
a009,q04,transactional,v015,B,0,0,a009-q04-r000,0,valid,0,0,0,0
a009,q04,transactional,v016,D,0,0,a009-q04-r000,0,valid,0,0,0,0
a009,q04,transactional,v017,B,0,0,a009-q04-r000,0,valid,0,0,0,0
a009,q04,transactional,v018,A,0,0,a009-q04-r000,0,valid,0,0,0,0
a009,q04,transactional,v019,B,0,0,a009-q04-r000,0,valid,0,0,0,0
a009,q04,transactional,v020,B,0,0,a009-q04-r000,0,valid,0,0,0,0
a009,q04,transactional,v021,A,0,0,a009-q04-r000,0,valid,0,0,0,0
a009,q04,transactional,v022,C,0,0,a009-q04-r000,0,valid,0,0,0,0
a009,q04,transactional,v023,B,0,0,a009-q04-r000,0,valid,0,0,0,0
a009,q04,transactional,v024,B,0,0,a009-q04-r000,0,valid,0,0,0,0
a009,q04,transactional,v025,A,0,0,a009-q04-r000,0,valid,0,0,0,0
a009,q04,transactional,v026,B,0,0,a009-q04-r000,0,valid,0,0,0,0
a009,q04,transactional,v027,D,0,0,a009-q04-r000,0,valid,0,0,0,0
a009,q04,transactional,v028,C,0,0,a009-q04-r000,0,valid,0,0,0,0
a009,q04,transactional,v029,A,0,0,a009-q04-r000,0,valid,0,0,0,0
a009,q04,transactional,v030,A,0,0,a009-q04-r000,0,valid,0,0,0,0
a009,q04,transactional,v031,A,0,0,a009-q04-r000,0,valid,0,0,0,0
a009,q04,transactional,v032,D,0,0,a009-q04-r000,0,valid,0,0,0,0
a009,q05,transactional,v001,D,0,0,a009-q05-r000,0,valid,0,0,0,0
a009,q05,transactional,v002,C,0,0,a009-q05-r000,0,valid,0,0,0,0
a009,q05,transactional,v003,A,0,0,a009-q05-r000,0,valid,0,0,0,0
a009,q05,transactional,v004,A,0,0,a009-q05-r000,0,valid,0,0,0,0
a009,q05,transactional,v005,C,0,0,a009-q05-r000,0,valid,0,0,0,0
a009,q05,transactional,v006,C,0,0,a009-q05-r000,0,valid,0,0,0,0
a009,q05,transactional,v007,C,0,0,a009-q05-r000,0,valid,0,0,0,0
a009,q05,transactional,v008,D,1,1,a009-q05-r000,0,valid,1,1,0,0
a009,q05,transactional,v009,C,0,0,a009-q05-r000,0,valid,0,0,0,0
a009,q05,transactional,v010,D,0,0,a009-q05-r000,0,valid,0,0,0,0
a009,q05,transactional,v011,C,0,0,a009-q05-r000,0,valid,0,0,0,0
a009,q05,transactional,v012,D,0,0,a009-q05-r000,0,valid,0,0,0,0
a009,q05,transactional,v013,B,0,0,a009-q05-r000,0,valid,0,0,0,0
a009,q05,transactional,v014,D,0,0,a009-q05-r000,0,valid,0,0,0,0
a009,q05,transactional,v015,B,0,0,a009-q05-r000,0,valid,0,0,0,0
a009,q05,transactional,v016,D,0,0,a009-q05-r000,0,valid,0,0,0,0
a009,q05,transactional,v017,B,0,0,a009-q05-r000,0,valid,0,0,0,0
a009,q05,transactional,v018,A,0,0,a009-q05-r000,0,valid,0,0,0,0
a009,q05,transactional,v019,B,0,0,a009-q05-r000,0,valid,0,0,0,0
a009,q05,transactional,v020,B,1,1,a009-q05-r000,0,valid,1,1,0,0
a009,q05,transactional,v021,A,0,0,a009-q05-r000,0,valid,0,0,0,0
a009,q05,transactional,v022,C,0,0,a009-q05-r000,0,valid,0,0,0,0
a009,q05,transactional,v023,B,0,0,a009-q05-r000,0,valid,0,0,0,0
a009,q05,transactional,v024,B,0,0,a009-q05-r000,0,valid,0,0,0,0
a009,q05,transactional,v025,A,0,0,a009-q05-r000,0,valid,0,0,0,0
a009,q05,transactional,v026,B,0,0,a009-q05-r000,0,valid,0,0,0,0
a009,q05,transactional,v027,D,0,0,a009-q05-r000,0,valid,0,0,0,0
a009,q05,transactional,v028,C,0,0,a009-q05-r000,0,valid,0,0,0,0
a009,q05,transactional,v029,A,0,0,a009-q05-r000,0,valid,0,0,0,0
a009,q05,transactional,v030,A,0,0,a009-q05-r000,0,valid,0,0,0,0
a009,q05,transactional,v031,A,0,0,a009-q05-r000,0,valid,0,0,0,0
a009,q05,transactional,v032,D,0,0,a009-q05-r000,0,valid,0,0,0,0
a009,q06,transactional,v001,D,0,0,a009-q06-r000,0,valid,0,0,1,0
a009,q06,transactional,v002,C,0,0,a009-q06-r000,0,valid,0,0,1,0
a009,q06,transactional,v003,A,0,0,a009-q06-r000,0,valid,0,0,1,0
a009,q06,transactional,v004,A,0,0,a009-q06-r000,0,valid,0,0,1,0
a009,q06,transactional,v005,C,0,0,a009-q06-r000,0,valid,0,0,1,0
a009,q06,transactional,v006,C,0,0,a009-q06-r000,0,valid,0,0,1,0
a009,q06,transactional,v007,C,0,0,a009-q06-r000,0,valid,0,0,1,0
a009,q06,transactional,v008,D,0,0,a009-q06-r000,0,valid,0,0,1,0
a009,q06,transactional,v009,C,0,0,a009-q06-r000,0,valid,0,0,1,0
a009,q06,transactional,v010,D,0,0,a009-q06-r000,0,valid,0,0,1,0
a009,q06,transactional,v011,C,0,0,a009-q06-r000,0,valid,0,0,1,0
a009,q06,transactional,v012,D,0,0,a009-q06-r000,0,valid,0,0,1,0
a009,q06,transactional,v013,B,0,0,a009-q06-r000,0,valid,0,0,1,0
a009,q06,transactional,v014,D,0,0,a009-q06-r000,0,valid,0,0,1,0
a009,q06,transactional,v015,B,0,0,a009-q06-r000,0,valid,0,0,1,0
a009,q06,transactional,v016,D,0,0,a009-q06-r000,0,valid,0,0,1,0
a009,q06,transactional,v017,B,0,0,a009-q06-r000,0,valid,0,0,1,0
a009,q06,transactional,v018,A,0,0,a009-q06-r000,0,valid,0,0,1,0
a009,q06,transactional,v019,B,0,0,a009-q06-r000,0,valid,0,0,1,0
a009,q06,transactional,v020,B,0,0,a009-q06-r000,0,valid,0,0,1,0
a009,q06,transactional,v021,A,0,0,a009-q06-r000,0,valid,0,0,1,0
a009,q06,transactional,v022,C,0,0,a009-q06-r000,0,valid,0,0,1,0
a009,q06,transactional,v023,B,0,0,a009-q06-r000,0,valid,0,0,1,0
a009,q06,transactional,v024,B,0,0,a009-q06-r000,0,valid,0,0,1,0
a009,q06,transactional,v025,A,0,0,a009-q06-r000,0,valid,0,0,1,0
a009,q06,transactional,v026,B,0,0,a009-q06-r000,0,valid,0,0,1,0
a009,q06,transactional,v027,D,0,0,a009-q06-r000,0,valid,0,0,1,0
a009,q06,transactional,v028,C,0,0,a009-q06-r000,0,valid,0,0,1,0
a009,q06,transactional,v029,A,0,0,a009-q06-r000,0,valid,0,0,1,0
a009,q06,transactional,v030,A,0,0,a009-q06-r000,0,valid,0,0,1,0
a009,q06,transactional,v031,A,0,0,a009-q06-r000,0,valid,0,0,1,0
a009,q06,transactional,v032,D,0,0,a009-q06-r000,0,valid,0,0,1,0
a009,q07,transactional,v001,D,0,0,a009-q07-r000,0,valid,0,0,1,0
a009,q07,transactional,v002,C,0,0,a009-q07-r000,0,valid,0,0,1,0
a009,q07,transactional,v003,A,0,0,a009-q07-r000,0,valid,0,0,1,0
a009,q07,transactional,v004,A,0,0,a009-q07-r000,0,valid,0,0,1,0
a009,q07,transactional,v005,C,0,0,a009-q07-r000,0,valid,0,0,1,0
a009,q07,transactional,v006,C,0,0,a009-q07-r000,0,valid,0,0,1,0
a009,q07,transactional,v007,C,0,0,a009-q07-r000,0,valid,0,0,1,0
a009,q07,transactional,v008,D,0,0,a009-q07-r000,0,valid,0,0,1,0
a009,q07,transactional,v009,C,0,0,a009-q07-r000,0,valid,0,0,1,0
a009,q07,transactional,v010,D,0,0,a009-q07-r000,0,valid,0,0,1,0
a009,q07,transactional,v011,C,0,0,a009-q07-r000,0,valid,0,0,1,0
a009,q07,transactional,v012,D,0,0,a009-q07-r000,0,valid,0,0,1,0
a009,q07,transactional,v013,B,0,0,a009-q07-r000,0,valid,0,0,1,0
a009,q07,transactional,v014,D,0,0,a009-q07-r000,0,valid,0,0,1,0
a009,q07,transactional,v015,B,0,0,a009-q07-r000,0,valid,0,0,1,0
a009,q07,transactional,v016,D,0,0,a009-q07-r000,0,valid,0,0,1,0
a009,q07,transactional,v017,B,0,0,a009-q07-r000,0,valid,0,0,1,0
a009,q07,transactional,v018,A,0,0,a009-q07-r000,0,valid,0,0,1,0
a009,q07,transactional,v019,B,0,0,a009-q07-r000,0,valid,0,0,1,0
a009,q07,transactional,v020,B,0,0,a009-q07-r000,0,valid,0,0,1,0
a009,q07,transactional,v021,A,0,0,a009-q07-r000,0,valid,0,0,1,0
a009,q07,transactional,v022,C,0,0,a009-q07-r000,0,valid,0,0,1,0
a009,q07,transactional,v023,B,0,0,a009-q07-r000,0,valid,0,0,1,0
a009,q07,transactional,v024,B,0,0,a009-q07-r000,0,valid,0,0,1,0
a009,q07,transactional,v025,A,0,0,a009-q07-r000,0,valid,0,0,1,0
a009,q07,transactional,v026,B,0,0,a009-q07-r000,0,valid,0,0,1,0
a009,q07,transactional,v027,D,0,0,a009-q07-r000,0,valid,0,0,1,0
a009,q07,transactional,v028,C,0,0,a009-q07-r000,0,valid,0,0,1,0
a009,q07,transactional,v029,A,0,0,a009-q07-r000,0,valid,0,0,1,0
a009,q07,transactional,v030,A,0,0,a009-q07-r000,0,valid,0,0,1,0
a009,q07,transactional,v031,A,0,0,a009-q07-r000,0,valid,0,0,1,0
a009,q07,transactional,v032,D,0,0,a009-q07-r000,0,valid,0,0,1,0
a009,q08,transactional,v001,D,1,1,a009-q08-r000,0,valid,1,1,0,0
a009,q08,transactional,v002,C,0,0,a009-q08-r000,0,valid,0,0,0,0
a009,q08,transactional,v003,A,0,0,a009-q08-r000,0,valid,0,0,0,0
a009,q08,transactional,v004,A,0,0,a009-q08-r000,0,valid,0,0,0,0
a009,q08,transactional,v005,C,0,0,a009-q08-r000,0,valid,0,0,0,0
a009,q08,transactional,v006,C,0,0,a009-q08-r000,0,valid,0,0,0,0
a009,q08,transactional,v007,C,0,0,a009-q08-r000,0,valid,0,0,0,0
a009,q08,transactional,v008,D,0,0,a009-q08-r000,0,valid,0,0,0,0
a009,q08,transactional,v009,C,0,0,a009-q08-r000,0,valid,0,0,0,0
a009,q08,transactional,v010,D,0,0,a009-q08-r000,0,valid,0,0,0,0
a009,q08,transactional,v011,C,0,0,a009-q08-r000,0,valid,0,0,0,0
a009,q08,transactional,v012,D,0,0,a009-q08-r000,0,valid,0,0,0,0
a009,q08,transactional,v013,B,1,1,a009-q08-r000,0,valid,1,1,0,0
a009,q08,transactional,v014,D,0,0,a009-q08-r000,0,valid,0,0,0,0
a009,q08,transactional,v015,B,0,0,a009-q08-r000,0,valid,0,0,0,0
a009,q08,transactional,v016,D,0,0,a009-q08-r000,0,valid,0,0,0,0
a009,q08,transactional,v017,B,0,0,a009-q08-r000,0,valid,0,0,0,0
a009,q08,transactional,v018,A,0,0,a009-q08-r000,0,valid,0,0,0,0
a009,q08,transactional,v019,B,0,0,a009-q08-r000,0,valid,0,0,0,0
a009,q08,transactional,v020,B,0,0,a009-q08-r000,0,valid,0,0,0,0
a009,q08,transactional,v021,A,0,0,a009-q08-r000,0,valid,0,0,0,0
a009,q08,transactional,v022,C,0,0,a009-q08-r000,0,valid,0,0,0,0
a009,q08,transactional,v023,B,0,0,a009-q08-r000,0,valid,0,0,0,0
a009,q08,transactional,v024,B,0,0,a009-q08-r000,0,valid,0,0,0,0
a009,q08,transactional,v025,A,0,0,a009-q08-r000,0,valid,0,0,0,0
a009,q08,transactional,v026,B,0,0,a009-q08-r000,0,valid,0,0,0,0
a009,q08,transactional,v027,D,0,0,a009-q08-r000,0,valid,0,0,0,0
a009,q08,transactional,v028,C,0,0,a009-q08-r000,0,valid,0,0,0,0
a009,q08,transactional,v029,A,0,0,a009-q08-r000,0,valid,0,0,0,0
a009,q08,transactional,v030,A,0,0,a009-q08-r000,0,valid,0,0,0,0
a009,q08,transactional,v031,A,0,0,a009-q08-r000,0,valid,0,0,0,0
a009,q08,transactional,v032,D,0,0,a009-q08-r000,0,valid,0,0,0,0
a009,q09,transactional,v001,D,0,0,a009-q09-r000,0,valid,0,0,1,0
a009,q09,transactional,v002,C,0,0,a009-q09-r000,0,valid,0,0,1,0
a009,q09,transactional,v003,A,0,0,a009-q09-r000,0,valid,0,0,1,0
a009,q09,transactional,v004,A,0,0,a009-q09-r000,0,valid,0,0,1,0
a009,q09,transactional,v005,C,0,0,a009-q09-r000,0,valid,0,0,1,0
a009,q09,transactional,v006,C,0,0,a009-q09-r000,0,valid,0,0,1,0
a009,q09,transactional,v007,C,0,0,a009-q09-r000,0,valid,0,0,1,0
a009,q09,transactional,v008,D,0,0,a009-q09-r000,0,valid,0,0,1,0
a009,q09,transactional,v009,C,0,0,a009-q09-r000,0,valid,0,0,1,0
a009,q09,transactional,v010,D,0,0,a009-q09-r000,0,valid,0,0,1,0
a009,q09,transactional,v011,C,0,0,a009-q09-r000,0,valid,0,0,1,0
a009,q09,transactional,v012,D,0,0,a009-q09-r000,0,valid,0,0,1,0
a009,q09,transactional,v013,B,0,0,a009-q09-r000,0,valid,0,0,1,0
a009,q09,transactional,v014,D,0,0,a009-q09-r000,0,valid,0,0,1,0
a009,q09,transactional,v015,B,0,0,a009-q09-r000,0,valid,0,0,1,0
a009,q09,transactional,v016,D,0,0,a009-q09-r000,0,valid,0,0,1,0
a009,q09,transactional,v017,B,0,0,a009-q09-r000,0,valid,0,0,1,0
a009,q09,transactional,v018,A,0,0,a009-q09-r000,0,valid,0,0,1,0
a009,q09,transactional,v019,B,0,0,a009-q09-r000,0,valid,0,0,1,0
a009,q09,transactional,v020,B,0,0,a009-q09-r000,0,valid,0,0,1,0
a009,q09,transactional,v021,A,0,0,a009-q09-r000,0,valid,0,0,1,0
a009,q09,transactional,v022,C,0,0,a009-q09-r000,0,valid,0,0,1,0
a009,q09,transactional,v023,B,0,0,a009-q09-r000,0,valid,0,0,1,0
a009,q09,transactional,v024,B,0,0,a009-q09-r000,0,valid,0,0,1,0
a009,q09,transactional,v025,A,0,0,a009-q09-r000,0,valid,0,0,1,0
a009,q09,transactional,v026,B,0,0,a009-q09-r000,0,valid,0,0,1,0
a009,q09,transactional,v027,D,0,0,a009-q09-r000,0,valid,0,0,1,0
a009,q09,transactional,v028,C,0,0,a009-q09-r000,0,valid,0,0,1,0
a009,q09,transactional,v029,A,0,0,a009-q09-r000,0,valid,0,0,1,0
a009,q09,transactional,v030,A,0,0,a009-q09-r000,0,valid,0,0,1,0
a009,q09,transactional,v031,A,0,0,a009-q09-r000,0,valid,0,0,1,0
a009,q09,transactional,v032,D,0,0,a009-q09-r000,0,valid,0,0,1,0
a009,q10,transactional,v001,D,0,0,a009-q10-r000,0,valid,0,0,1,0
a009,q10,transactional,v002,C,0,0,a009-q10-r000,0,valid,0,0,1,0
a009,q10,transactional,v003,A,0,0,a009-q10-r000,0,valid,0,0,1,0
a009,q10,transactional,v004,A,0,0,a009-q10-r000,0,valid,0,0,1,0
a009,q10,transactional,v005,C,0,0,a009-q10-r000,0,valid,0,0,1,0
a009,q10,transactional,v006,C,0,0,a009-q10-r000,0,valid,0,0,1,0
a009,q10,transactional,v007,C,0,0,a009-q10-r000,0,valid,0,0,1,0
a009,q10,transactional,v008,D,0,0,a009-q10-r000,0,valid,0,0,1,0
a009,q10,transactional,v009,C,0,0,a009-q10-r000,0,valid,0,0,1,0
a009,q10,transactional,v010,D,0,0,a009-q10-r000,0,valid,0,0,1,0
a009,q10,transactional,v011,C,0,0,a009-q10-r000,0,valid,0,0,1,0
a009,q10,transactional,v012,D,0,0,a009-q10-r000,0,valid,0,0,1,0
a009,q10,transactional,v013,B,0,0,a009-q10-r000,0,valid,0,0,1,0
a009,q10,transactional,v014,D,0,0,a009-q10-r000,0,valid,0,0,1,0
a009,q10,transactional,v015,B,0,0,a009-q10-r000,0,valid,0,0,1,0
a009,q10,transactional,v016,D,0,0,a009-q10-r000,0,valid,0,0,1,0
a009,q10,transactional,v017,B,0,0,a009-q10-r000,0,valid,0,0,1,0
a009,q10,transactional,v018,A,0,0,a009-q10-r000,0,valid,0,0,1,0
a009,q10,transactional,v019,B,0,0,a009-q10-r000,0,valid,0,0,1,0
a009,q10,transactional,v020,B,0,0,a009-q10-r000,0,valid,0,0,1,0
a009,q10,transactional,v021,A,0,0,a009-q10-r000,0,valid,0,0,1,0
a009,q10,transactional,v022,C,0,0,a009-q10-r000,0,valid,0,0,1,0
a009,q10,transactional,v023,B,0,0,a009-q10-r000,0,valid,0,0,1,0
a009,q10,transactional,v024,B,0,0,a009-q10-r000,0,valid,0,0,1,0
a009,q10,transactional,v025,A,0,0,a009-q10-r000,0,valid,0,0,1,0
a009,q10,transactional,v026,B,0,0,a009-q10-r000,0,valid,0,0,1,0
a009,q10,transactional,v027,D,0,0,a009-q10-r000,0,valid,0,0,1,0
a009,q10,transactional,v028,C,0,0,a009-q10-r000,0,valid,0,0,1,0
a009,q10,transactional,v029,A,0,0,a009-q10-r000,0,valid,0,0,1,0
a009,q10,transactional,v030,A,0,0,a009-q10-r000,0,valid,0,0,1,0
a009,q10,transactional,v031,A,0,0,a009-q10-r000,0,valid,0,0,1,0
a009,q10,transactional,v032,D,0,0,a009-q10-r000,0,valid,0,0,1,0
a009,q11,transactional,v001,D,1,1,a009-q11-r000,0,valid,1,1,0,0
a009,q11,transactional,v002,C,0,0,a009-q11-r000,0,valid,0,0,0,0
a009,q11,transactional,v003,A,0,0,a009-q11-r000,0,valid,0,0,0,0
a009,q11,transactional,v004,A,0,0,a009-q11-r000,0,valid,0,0,0,0
a009,q11,transactional,v005,C,0,0,a009-q11-r000,0,valid,0,0,0,0
a009,q11,transactional,v006,C,0,0,a009-q11-r000,0,valid,0,0,0,0
a009,q11,transactional,v007,C,0,0,a009-q11-r000,0,valid,0,0,0,0
a009,q11,transactional,v008,D,0,0,a009-q11-r000,0,valid,0,0,0,0
a009,q11,transactional,v009,C,0,0,a009-q11-r000,0,valid,0,0,0,0
a009,q11,transactional,v010,D,0,0,a009-q11-r000,0,valid,0,0,0,0
a009,q11,transactional,v011,C,0,0,a009-q11-r000,0,valid,0,0,0,0
a009,q11,transactional,v012,D,0,0,a009-q11-r000,0,valid,0,0,0,0
a009,q11,transactional,v013,B,1,1,a009-q11-r000,0,valid,1,1,0,0
a009,q11,transactional,v014,D,0,0,a009-q11-r000,0,valid,0,0,0,0
a009,q11,transactional,v015,B,0,0,a009-q11-r000,0,valid,0,0,0,0
a009,q11,transactional,v016,D,0,0,a009-q11-r000,0,valid,0,0,0,0
a009,q11,transactional,v017,B,1,1,a009-q11-r000,0,valid,1,1,0,0
a009,q11,transactional,v018,A,0,0,a009-q11-r000,0,valid,0,0,0,0
a009,q11,transactional,v019,B,0,0,a009-q11-r000,0,valid,0,0,0,0
a009,q11,transactional,v020,B,0,0,a009-q11-r000,0,valid,0,0,0,0
a009,q11,transactional,v021,A,0,0,a009-q11-r000,0,valid,0,0,0,0
a009,q11,transactional,v022,C,0,0,a009-q11-r000,0,valid,0,0,0,0
a009,q11,transactional,v023,B,0,0,a009-q11-r000,0,valid,0,0,0,0
a009,q11,transactional,v024,B,0,0,a009-q11-r000,0,valid,0,0,0,0
a009,q11,transactional,v025,A,0,0,a009-q11-r000,0,valid,0,0,0,0
a009,q11,transactional,v026,B,0,0,a009-q11-r000,0,valid,0,0,0,0
a009,q11,transactional,v027,D,0,0,a009-q11-r000,0,valid,0,0,0,0
a009,q11,transactional,v028,C,0,0,a009-q11-r000,0,valid,0,0,0,0
a009,q11,transactional,v029,A,0,0,a009-q11-r000,0,valid,0,0,0,0
a009,q11,transactional,v030,A,0,0,a009-q11-r000,0,valid,0,0,0,0
a009,q11,transactional,v031,A,0,0,a009-q11-r000,0,valid,0,0,0,0
a009,q11,transactional,v032,D,0,0,a009-q11-r000,0,valid,0,0,0,0
a009,q12,transactional,v001,D,0,0,a009-q12-r000,0,valid,0,0,1,0
a009,q12,transactional,v002,C,0,0,a009-q12-r000,0,valid,0,0,1,0
a009,q12,transactional,v003,A,0,0,a009-q12-r000,0,valid,0,0,1,0
a009,q12,transactional,v004,A,0,0,a009-q12-r000,0,valid,0,0,1,0
a009,q12,transactional,v005,C,0,0,a009-q12-r000,0,valid,0,0,1,0
a009,q12,transactional,v006,C,0,0,a009-q12-r000,0,valid,0,0,1,0
a009,q12,transactional,v007,C,0,0,a009-q12-r000,0,valid,0,0,1,0
a009,q12,transactional,v008,D,0,0,a009-q12-r000,0,valid,0,0,1,0
a009,q12,transactional,v009,C,0,0,a009-q12-r000,0,valid,0,0,1,0
a009,q12,transactional,v010,D,0,0,a009-q12-r000,0,valid,0,0,1,0
a009,q12,transactional,v011,C,0,0,a009-q12-r000,0,valid,0,0,1,0
a009,q12,transactional,v012,D,0,0,a009-q12-r000,0,valid,0,0,1,0
a009,q12,transactional,v013,B,0,0,a009-q12-r000,0,valid,0,0,1,0
a009,q12,transactional,v014,D,0,0,a009-q12-r000,0,valid,0,0,1,0
a009,q12,transactional,v015,B,0,0,a009-q12-r000,0,valid,0,0,1,0
a009,q12,transactional,v016,D,0,0,a009-q12-r000,0,valid,0,0,1,0
a009,q12,transactional,v017,B,0,0,a009-q12-r000,0,valid,0,0,1,0
a009,q12,transactional,v018,A,0,0,a009-q12-r000,0,valid,0,0,1,0
a009,q12,transactional,v019,B,0,0,a009-q12-r000,0,valid,0,0,1,0
a009,q12,transactional,v020,B,0,0,a009-q12-r000,0,valid,0,0,1,0
a009,q12,transactional,v021,A,0,0,a009-q12-r000,0,valid,0,0,1,0
a009,q12,transactional,v022,C,0,0,a009-q12-r000,0,valid,0,0,1,0
a009,q12,transactional,v023,B,0,0,a009-q12-r000,0,valid,0,0,1,0
a009,q12,transactional,v024,B,0,0,a009-q12-r000,0,valid,0,0,1,0
a009,q12,transactional,v025,A,0,0,a009-q12-r000,0,valid,0,0,1,0
a009,q12,transactional,v026,B,0,0,a009-q12-r000,0,valid,0,0,1,0
a009,q12,transactional,v027,D,0,0,a009-q12-r000,0,valid,0,0,1,0
a009,q12,transactional,v028,C,0,0,a009-q12-r000,0,valid,0,0,1,0
a009,q12,transactional,v029,A,0,0,a009-q12-r000,0,valid,0,0,1,0
a009,q12,transactional,v030,A,0,0,a009-q12-r000,0,valid,0,0,1,0
a009,q12,transactional,v031,A,0,0,a009-q12-r000,0,valid,0,0,1,0
a009,q12,transactional,v032,D,0,0,a009-q12-r000,0,valid,0,0,1,0
a009,q13,evaluative,v001,D,0,0,a009-q13-r000,0,valid,0,0,1,0
a009,q13,evaluative,v002,C,0,0,a009-q13-r000,0,valid,0,0,1,0
a009,q13,evaluative,v003,A,0,0,a009-q13-r000,0,valid,0,0,1,0
a009,q13,evaluative,v004,A,0,0,a009-q13-r000,0,valid,0,0,1,0
a009,q13,evaluative,v005,C,0,0,a009-q13-r000,0,valid,0,0,1,0
a009,q13,evaluative,v006,C,0,0,a009-q13-r000,0,valid,0,0,1,0
a009,q13,evaluative,v007,C,0,0,a009-q13-r000,0,valid,0,0,1,0
a009,q13,evaluative,v008,D,0,0,a009-q13-r000,0,valid,0,0,1,0
a009,q13,evaluative,v009,C,0,0,a009-q13-r000,0,valid,0,0,1,0
a009,q13,evaluative,v010,D,0,0,a009-q13-r000,0,valid,0,0,1,0
a009,q13,evaluative,v011,C,0,0,a009-q13-r000,0,valid,0,0,1,0
a009,q13,evaluative,v012,D,0,0,a009-q13-r000,0,valid,0,0,1,0
a009,q13,evaluative,v013,B,0,0,a009-q13-r000,0,valid,0,0,1,0
a009,q13,evaluative,v014,D,0,0,a009-q13-r000,0,valid,0,0,1,0
a009,q13,evaluative,v015,B,0,0,a009-q13-r000,0,valid,0,0,1,0
a009,q13,evaluative,v016,D,0,0,a009-q13-r000,0,valid,0,0,1,0
a009,q13,evaluative,v017,B,0,0,a009-q13-r000,0,valid,0,0,1,0
a009,q13,evaluative,v018,A,0,0,a009-q13-r000,0,valid,0,0,1,0
a009,q13,evaluative,v019,B,0,0,a009-q13-r000,0,valid,0,0,1,0
a009,q13,evaluative,v020,B,0,0,a009-q13-r000,0,valid,0,0,1,0
a009,q13,evaluative,v021,A,0,0,a009-q13-r000,0,valid,0,0,1,0
a009,q13,evaluative,v022,C,0,0,a009-q13-r000,0,valid,0,0,1,0
a009,q13,evaluative,v023,B,0,0,a009-q13-r000,0,valid,0,0,1,0
a009,q13,evaluative,v024,B,0,0,a009-q13-r000,0,valid,0,0,1,0
a009,q13,evaluative,v025,A,0,0,a009-q13-r000,0,valid,0,0,1,0
a009,q13,evaluative,v026,B,0,0,a009-q13-r000,0,valid,0,0,1,0
a009,q13,evaluative,v027,D,0,0,a009-q13-r000,0,valid,0,0,1,0
a009,q13,evaluative,v028,C,0,0,a009-q13-r000,0,valid,0,0,1,0
a009,q13,evaluative,v029,A,0,0,a009-q13-r000,0,valid,0,0,1,0
a009,q13,evaluative,v030,A,0,0,a009-q13-r000,0,valid,0,0,1,0
a009,q13,evaluative,v031,A,0,0,a009-q13-r000,0,valid,0,0,1,0
a009,q13,evaluative,v032,D,0,0,a009-q13-r000,0,valid,0,0,1,0
a009,q14,evaluative,v001,D,0,0,a009-q14-r000,0,valid,0,0,1,0
a009,q14,evaluative,v002,C,0,0,a009-q14-r000,0,valid,0,0,1,0
a009,q14,evaluative,v003,A,0,0,a009-q14-r000,0,valid,0,0,1,0
a009,q14,evaluative,v004,A,0,0,a009-q14-r000,0,valid,0,0,1,0
a009,q14,evaluative,v005,C,0,0,a009-q14-r000,0,valid,0,0,1,0
a009,q14,evaluative,v006,C,0,0,a009-q14-r000,0,valid,0,0,1,0
a009,q14,evaluative,v007,C,0,0,a009-q14-r000,0,valid,0,0,1,0
a009,q14,evaluative,v008,D,0,0,a009-q14-r000,0,valid,0,0,1,0
a009,q14,evaluative,v009,C,0,0,a009-q14-r000,0,valid,0,0,1,0
a009,q14,evaluative,v010,D,0,0,a009-q14-r000,0,valid,0,0,1,0
a009,q14,evaluative,v011,C,0,0,a009-q14-r000,0,valid,0,0,1,0
a009,q14,evaluative,v012,D,0,0,a009-q14-r000,0,valid,0,0,1,0
a009,q14,evaluative,v013,B,0,0,a009-q14-r000,0,valid,0,0,1,0
a009,q14,evaluative,v014,D,0,0,a009-q14-r000,0,valid,0,0,1,0
a009,q14,evaluative,v015,B,0,0,a009-q14-r000,0,valid,0,0,1,0
a009,q14,evaluative,v016,D,0,0,a009-q14-r000,0,valid,0,0,1,0
a009,q14,evaluative,v017,B,0,0,a009-q14-r000,0,valid,0,0,1,0
a009,q14,evaluative,v018,A,0,0,a009-q14-r000,0,valid,0,0,1,0
a009,q14,evaluative,v019,B,0,0,a009-q14-r000,0,valid,0,0,1,0
a009,q14,evaluative,v020,B,0,0,a009-q14-r000,0,valid,0,0,1,0
a009,q14,evaluative,v021,A,0,0,a009-q14-r000,0,valid,0,0,1,0
a009,q14,evaluative,v022,C,0,0,a009-q14-r000,0,valid,0,0,1,0
a009,q14,evaluative,v023,B,0,0,a009-q14-r000,0,valid,0,0,1,0
a009,q14,evaluative,v024,B,0,0,a009-q14-r000,0,valid,0,0,1,0
a009,q14,evaluative,v025,A,0,0,a009-q14-r000,0,valid,0,0,1,0
a009,q14,evaluative,v026,B,0,0,a009-q14-r000,0,valid,0,0,1,0
a009,q14,evaluative,v027,D,0,0,a009-q14-r000,0,valid,0,0,1,0
a009,q14,evaluative,v028,C,0,0,a009-q14-r000,0,valid,0,0,1,0
a009,q14,evaluative,v029,A,0,0,a009-q14-r000,0,valid,0,0,1,0
a009,q14,evaluative,v030,A,0,0,a009-q14-r000,0,valid,0,0,1,0
a009,q14,evaluative,v031,A,0,0,a009-q14-r000,0,valid,0,0,1,0
a009,q14,evaluative,v032,D,0,0,a009-q14-r000,0,valid,0,0,1,0
a009,q15,evaluative,v001,D,0,0,a009-q15-r000,0,valid,0,0,0,0
a009,q15,evaluative,v002,C,0,0,a009-q15-r000,0,valid,0,0,0,0
a009,q15,evaluative,v003,A,0,0,a009-q15-r000,0,valid,0,0,0,0
a009,q15,evaluative,v004,A,0,0,a009-q15-r000,0,valid,0,0,0,0
a009,q15,evaluative,v005,C,0,0,a009-q15-r000,0,valid,0,0,0,0
a009,q15,evaluative,v006,C,0,0,a009-q15-r000,0,valid,0,0,0,0
a009,q15,evaluative,v007,C,0,0,a009-q15-r000,0,valid,0,0,0,0
a009,q15,evaluative,v008,D,1,1,a009-q15-r000,0,valid,1,1,0,0
a009,q15,evaluative,v009,C,0,0,a009-q15-r000,0,valid,0,0,0,0
a009,q15,evaluative,v010,D,0,0,a009-q15-r000,0,valid,0,0,0,0
a009,q15,evaluative,v011,C,0,0,a009-q15-r000,0,valid,0,0,0,0
a009,q15,evaluative,v012,D,0,0,a009-q15-r000,0,valid,0,0,0,0
a009,q15,evaluative,v013,B,0,0,a009-q15-r000,0,valid,0,0,0,0
a009,q15,evaluative,v014,D,0,0,a009-q15-r000,0,valid,0,0,0,0
a009,q15,evaluative,v015,B,0,0,a009-q15-r000,0,valid,0,0,0,0
a009,q15,evaluative,v016,D,0,0,a009-q15-r000,0,valid,0,0,0,0
a009,q15,evaluative,v017,B,0,0,a009-q15-r000,0,valid,0,0,0,0
a009,q15,evaluative,v018,A,0,0,a009-q15-r000,0,valid,0,0,0,0
a009,q15,evaluative,v019,B,0,0,a009-q15-r000,0,valid,0,0,0,0
a009,q15,evaluative,v020,B,0,0,a009-q15-r000,0,valid,0,0,0,0
a009,q15,evaluative,v021,A,0,0,a009-q15-r000,0,valid,0,0,0,0
a009,q15,evaluative,v022,C,0,0,a009-q15-r000,0,valid,0,0,0,0
a009,q15,evaluative,v023,B,0,0,a009-q15-r000,0,valid,0,0,0,0
a009,q15,evaluative,v024,B,0,0,a009-q15-r000,0,valid,0,0,0,0
a009,q15,evaluative,v025,A,0,0,a009-q15-r000,0,valid,0,0,0,0
a009,q15,evaluative,v026,B,0,0,a009-q15-r000,0,valid,0,0,0,0
a009,q15,evaluative,v027,D,0,0,a009-q15-r000,0,valid,0,0,0,0
a009,q15,evaluative,v028,C,0,0,a009-q15-r000,0,valid,0,0,0,0
a009,q15,evaluative,v029,A,0,0,a009-q15-r000,0,valid,0,0,0,0
a009,q15,evaluative,v030,A,0,0,a009-q15-r000,0,valid,0,0,0,0
a009,q15,evaluative,v031,A,1,1,a009-q15-r000,0,valid,1,1,0,0
a009,q15,evaluative,v032,D,0,0,a009-q15-r000,0,valid,0,0,0,0
a009,q16,evaluative,v001,D,0,0,a009-q16-r000,0,valid,0,0,0,0
a009,q16,evaluative,v002,C,0,0,a009-q16-r000,0,valid,0,0,0,0
a009,q16,evaluative,v003,A,0,0,a009-q16-r000,0,valid,0,0,0,0
a009,q16,evaluative,v004,A,1,1,a009-q16-r000,0,valid,0,0,0,0
a009,q16,evaluative,v005,C,0,0,a009-q16-r000,0,valid,0,0,0,0
a009,q16,evaluative,v006,C,0,0,a009-q16-r000,0,valid,0,0,0,0
a009,q16,evaluative,v007,C,0,0,a009-q16-r000,0,valid,0,0,0,0
a009,q16,evaluative,v008,D,1,1,a009-q16-r000,0,valid,1,1,0,0
a009,q16,evaluative,v009,C,0,0,a009-q16-r000,0,valid,0,0,0,0
a009,q16,evaluative,v010,D,0,0,a009-q16-r000,0,valid,0,0,0,0
a009,q16,evaluative,v011,C,0,0,a009-q16-r000,0,valid,0,0,0,0
a009,q16,evaluative,v012,D,1,1,a009-q16-r000,0,valid,0,0,0,0
a009,q16,evaluative,v013,B,0,0,a009-q16-r000,0,valid,0,0,0,0
a009,q16,evaluative,v014,D,0,0,a009-q16-r000,0,valid,0,0,0,0
a009,q16,evaluative,v015,B,0,0,a009-q16-r000,0,valid,0,0,0,0
a009,q16,evaluative,v016,D,0,0,a009-q16-r000,0,valid,0,0,0,0
a009,q16,evaluative,v017,B,0,0,a009-q16-r000,0,valid,0,0,0,0
a009,q16,evaluative,v018,A,0,0,a009-q16-r000,0,valid,0,0,0,0
a009,q16,evaluative,v019,B,0,0,a009-q16-r000,0,valid,0,0,0,0
a009,q16,evaluative,v020,B,1,1,a009-q16-r000,0,valid,1,1,0,0
a009,q16,evaluative,v021,A,0,0,a009-q16-r000,0,valid,0,0,0,0
a009,q16,evaluative,v022,C,0,0,a009-q16-r000,0,valid,0,0,0,0
a009,q16,evaluative,v023,B,0,0,a009-q16-r000,0,valid,0,0,0,0
a009,q16,evaluative,v024,B,1,1,a009-q16-r000,0,valid,1,1,0,0
a009,q16,evaluative,v025,A,0,0,a009-q16-r000,0,valid,0,0,0,0
a009,q16,evaluative,v026,B,0,0,a009-q16-r000,0,valid,0,0,0,0
a009,q16,evaluative,v027,D,0,0,a009-q16-r000,0,valid,0,0,0,0
a009,q16,evaluative,v028,C,0,0,a009-q16-r000,0,valid,0,0,0,0
a009,q16,evaluative,v029,A,0,0,a009-q16-r000,0,valid,0,0,0,0
a009,q16,evaluative,v030,A,0,0,a009-q16-r000,0,valid,0,0,0,0
a009,q16,evaluative,v031,A,0,0,a009-q16-r000,0,valid,0,0,0,0
a009,q16,evaluative,v032,D,0,0,a009-q16-r000,0,valid,0,0,0,0
a009,q17,evaluative,v001,D,0,0,a009-q17-r000,0,valid,0,0,0,0
a009,q17,evaluative,v002,C,0,0,a009-q17-r000,0,valid,0,0,0,0
a009,q17,evaluative,v003,A,0,0,a009-q17-r000,0,valid,0,0,0,0
a009,q17,evaluative,v004,A,1,1,a009-q17-r000,0,valid,0,0,0,0
a009,q17,evaluative,v005,C,0,0,a009-q17-r000,0,valid,0,0,0,0
a009,q17,evaluative,v006,C,0,0,a009-q17-r000,0,valid,0,0,0,0
a009,q17,evaluative,v007,C,0,0,a009-q17-r000,0,valid,0,0,0,0
a009,q17,evaluative,v008,D,1,1,a009-q17-r000,0,valid,1,1,0,0
a009,q17,evaluative,v009,C,0,0,a009-q17-r000,0,valid,0,0,0,0
a009,q17,evaluative,v010,D,0,0,a009-q17-r000,0,valid,0,0,0,0
a009,q17,evaluative,v011,C,0,0,a009-q17-r000,0,valid,0,0,0,0
a009,q17,evaluative,v012,D,1,1,a009-q17-r000,0,valid,0,0,0,0
a009,q17,evaluative,v013,B,0,0,a009-q17-r000,0,valid,0,0,0,0
a009,q17,evaluative,v014,D,0,0,a009-q17-r000,0,valid,0,0,0,0
a009,q17,evaluative,v015,B,0,0,a009-q17-r000,0,valid,0,0,0,0
a009,q17,evaluative,v016,D,0,0,a009-q17-r000,0,valid,0,0,0,0
a009,q17,evaluative,v017,B,0,0,a009-q17-r000,0,valid,0,0,0,0
a009,q17,evaluative,v018,A,0,0,a009-q17-r000,0,valid,0,0,0,0
a009,q17,evaluative,v019,B,0,0,a009-q17-r000,0,valid,0,0,0,0
a009,q17,evaluative,v020,B,1,1,a009-q17-r000,0,valid,1,1,0,0
a009,q17,evaluative,v021,A,0,0,a009-q17-r000,0,valid,0,0,0,0
a009,q17,evaluative,v022,C,0,0,a009-q17-r000,0,valid,0,0,0,0
a009,q17,evaluative,v023,B,0,0,a009-q17-r000,0,valid,0,0,0,0
a009,q17,evaluative,v024,B,1,1,a009-q17-r000,0,valid,1,1,0,0
a009,q17,evaluative,v025,A,0,0,a009-q17-r000,0,valid,0,0,0,0
a009,q17,evaluative,v026,B,0,0,a009-q17-r000,0,valid,0,0,0,0
a009,q17,evaluative,v027,D,0,0,a009-q17-r000,0,valid,0,0,0,0
a009,q17,evaluative,v028,C,0,0,a009-q17-r000,0,valid,0,0,0,0
a009,q17,evaluative,v029,A,0,0,a009-q17-r000,0,valid,0,0,0,0
a009,q17,evaluative,v030,A,0,0,a009-q17-r000,0,valid,0,0,0,0
a009,q17,evaluative,v031,A,0,0,a009-q17-r000,0,valid,0,0,0,0
a009,q17,evaluative,v032,D,0,0,a009-q17-r000,0,valid,0,0,0,0
a009,q18,evaluative,v001,D,0,0,a009-q18-r000,0,valid,0,0,1,0
a009,q18,evaluative,v002,C,0,0,a009-q18-r000,0,valid,0,0,1,0
a009,q18,evaluative,v003,A,0,0,a009-q18-r000,0,valid,0,0,1,0
a009,q18,evaluative,v004,A,0,0,a009-q18-r000,0,valid,0,0,1,0
a009,q18,evaluative,v005,C,0,0,a009-q18-r000,0,valid,0,0,1,0
a009,q18,evaluative,v006,C,0,0,a009-q18-r000,0,valid,0,0,1,0
a009,q18,evaluative,v007,C,0,0,a009-q18-r000,0,valid,0,0,1,0
a009,q18,evaluative,v008,D,0,0,a009-q18-r000,0,valid,0,0,1,0
a009,q18,evaluative,v009,C,0,0,a009-q18-r000,0,valid,0,0,1,0
a009,q18,evaluative,v010,D,0,0,a009-q18-r000,0,valid,0,0,1,0
a009,q18,evaluative,v011,C,0,0,a009-q18-r000,0,valid,0,0,1,0
a009,q18,evaluative,v012,D,0,0,a009-q18-r000,0,valid,0,0,1,0
a009,q18,evaluative,v013,B,0,0,a009-q18-r000,0,valid,0,0,1,0
a009,q18,evaluative,v014,D,0,0,a009-q18-r000,0,valid,0,0,1,0
a009,q18,evaluative,v015,B,0,0,a009-q18-r000,0,valid,0,0,1,0
a009,q18,evaluative,v016,D,0,0,a009-q18-r000,0,valid,0,0,1,0
a009,q18,evaluative,v017,B,0,0,a009-q18-r000,0,valid,0,0,1,0
a009,q18,evaluative,v018,A,0,0,a009-q18-r000,0,valid,0,0,1,0
a009,q18,evaluative,v019,B,0,0,a009-q18-r000,0,valid,0,0,1,0
a009,q18,evaluative,v020,B,0,0,a009-q18-r000,0,valid,0,0,1,0
a009,q18,evaluative,v021,A,0,0,a009-q18-r000,0,valid,0,0,1,0
a009,q18,evaluative,v022,C,0,0,a009-q18-r000,0,valid,0,0,1,0
a009,q18,evaluative,v023,B,0,0,a009-q18-r000,0,valid,0,0,1,0
a009,q18,evaluative,v024,B,0,0,a009-q18-r000,0,valid,0,0,1,0
a009,q18,evaluative,v025,A,0,0,a009-q18-r000,0,valid,0,0,1,0
a009,q18,evaluative,v026,B,0,0,a009-q18-r000,0,valid,0,0,1,0
a009,q18,evaluative,v027,D,0,0,a009-q18-r000,0,valid,0,0,1,0
a009,q18,evaluative,v028,C,0,0,a009-q18-r000,0,valid,0,0,1,0
a009,q18,evaluative,v029,A,0,0,a009-q18-r000,0,valid,0,0,1,0
a009,q18,evaluative,v030,A,0,0,a009-q18-r000,0,valid,0,0,1,0
a009,q18,evaluative,v031,A,0,0,a009-q18-r000,0,valid,0,0,1,0
a009,q18,evaluative,v032,D,0,0,a009-q18-r000,0,valid,0,0,1,0
a009,q19,evaluative,v001,D,0,0,a009-q19-r000,0,valid,0,0,1,0
a009,q19,evaluative,v002,C,0,0,a009-q19-r000,0,valid,0,0,1,0
a009,q19,evaluative,v003,A,0,0,a009-q19-r000,0,valid,0,0,1,0
a009,q19,evaluative,v004,A,0,0,a009-q19-r000,0,valid,0,0,1,0
a009,q19,evaluative,v005,C,0,0,a009-q19-r000,0,valid,0,0,1,0
a009,q19,evaluative,v006,C,0,0,a009-q19-r000,0,valid,0,0,1,0
a009,q19,evaluative,v007,C,0,0,a009-q19-r000,0,valid,0,0,1,0
a009,q19,evaluative,v008,D,0,0,a009-q19-r000,0,valid,0,0,1,0
a009,q19,evaluative,v009,C,0,0,a009-q19-r000,0,valid,0,0,1,0
a009,q19,evaluative,v010,D,0,0,a009-q19-r000,0,valid,0,0,1,0
a009,q19,evaluative,v011,C,0,0,a009-q19-r000,0,valid,0,0,1,0
a009,q19,evaluative,v012,D,0,0,a009-q19-r000,0,valid,0,0,1,0
a009,q19,evaluative,v013,B,0,0,a009-q19-r000,0,valid,0,0,1,0
a009,q19,evaluative,v014,D,0,0,a009-q19-r000,0,valid,0,0,1,0
a009,q19,evaluative,v015,B,0,0,a009-q19-r000,0,valid,0,0,1,0
a009,q19,evaluative,v016,D,0,0,a009-q19-r000,0,valid,0,0,1,0
a009,q19,evaluative,v017,B,0,0,a009-q19-r000,0,valid,0,0,1,0
a009,q19,evaluative,v018,A,0,0,a009-q19-r000,0,valid,0,0,1,0
a009,q19,evaluative,v019,B,0,0,a009-q19-r000,0,valid,0,0,1,0
a009,q19,evaluative,v020,B,0,0,a009-q19-r000,0,valid,0,0,1,0
a009,q19,evaluative,v021,A,0,0,a009-q19-r000,0,valid,0,0,1,0
a009,q19,evaluative,v022,C,0,0,a009-q19-r000,0,valid,0,0,1,0
a009,q19,evaluative,v023,B,0,0,a009-q19-r000,0,valid,0,0,1,0
a009,q19,evaluative,v024,B,0,0,a009-q19-r000,0,valid,0,0,1,0
a009,q19,evaluative,v025,A,0,0,a009-q19-r000,0,valid,0,0,1,0
a009,q19,evaluative,v026,B,0,0,a009-q19-r000,0,valid,0,0,1,0
a009,q19,evaluative,v027,D,0,0,a009-q19-r000,0,valid,0,0,1,0
a009,q19,evaluative,v028,C,0,0,a009-q19-r000,0,valid,0,0,1,0
a009,q19,evaluative,v029,A,0,0,a009-q19-r000,0,valid,0,0,1,0
a009,q19,evaluative,v030,A,0,0,a009-q19-r000,0,valid,0,0,1,0
a009,q19,evaluative,v031,A,0,0,a009-q19-r000,0,valid,0,0,1,0
a009,q19,evaluative,v032,D,0,0,a009-q19-r000,0,valid,0,0,1,0
a009,q20,evaluative,v001,D,1,1,a009-q20-r000,0,valid,1,1,0,0
a009,q20,evaluative,v002,C,0,0,a009-q20-r000,0,valid,0,0,0,0
a009,q20,evaluative,v003,A,0,0,a009-q20-r000,0,valid,0,0,0,0
a009,q20,evaluative,v004,A,0,0,a009-q20-r000,0,valid,0,0,0,0
a009,q20,evaluative,v005,C,0,0,a009-q20-r000,0,valid,0,0,0,0
a009,q20,evaluative,v006,C,0,0,a009-q20-r000,0,valid,0,0,0,0
a009,q20,evaluative,v007,C,0,0,a009-q20-r000,0,valid,0,0,0,0
a009,q20,evaluative,v008,D,0,0,a009-q20-r000,0,valid,0,0,0,0
a009,q20,evaluative,v009,C,0,0,a009-q20-r000,0,valid,0,0,0,0
a009,q20,evaluative,v010,D,0,0,a009-q20-r000,0,valid,0,0,0,0
a009,q20,evaluative,v011,C,0,0,a009-q20-r000,0,valid,0,0,0,0
a009,q20,evaluative,v012,D,0,0,a009-q20-r000,0,valid,0,0,0,0
a009,q20,evaluative,v013,B,1,1,a009-q20-r000,0,valid,1,1,0,0
a009,q20,evaluative,v014,D,0,0,a009-q20-r000,0,valid,0,0,0,0
a009,q20,evaluative,v015,B,0,0,a009-q20-r000,0,valid,0,0,0,0
a009,q20,evaluative,v016,D,0,0,a009-q20-r000,0,valid,0,0,0,0
a009,q20,evaluative,v017,B,0,0,a009-q20-r000,0,valid,0,0,0,0
a009,q20,evaluative,v018,A,0,0,a009-q20-r000,0,valid,0,0,0,0
a009,q20,evaluative,v019,B,0,0,a009-q20-r000,0,valid,0,0,0,0
a009,q20,evaluative,v020,B,0,0,a009-q20-r000,0,valid,0,0,0,0
a009,q20,evaluative,v021,A,0,0,a009-q20-r000,0,valid,0,0,0,0
a009,q20,evaluative,v022,C,0,0,a009-q20-r000,0,valid,0,0,0,0
a009,q20,evaluative,v023,B,0,0,a009-q20-r000,0,valid,0,0,0,0
a009,q20,evaluative,v024,B,0,0,a009-q20-r000,0,valid,0,0,0,0
a009,q20,evaluative,v025,A,0,0,a009-q20-r000,0,valid,0,0,0,0
a009,q20,evaluative,v026,B,0,0,a009-q20-r000,0,valid,0,0,0,0
a009,q20,evaluative,v027,D,0,0,a009-q20-r000,0,valid,0,0,0,0
a009,q20,evaluative,v028,C,0,0,a009-q20-r000,0,valid,0,0,0,0
a009,q20,evaluative,v029,A,0,0,a009-q20-r000,0,valid,0,0,0,0
a009,q20,evaluative,v030,A,0,0,a009-q20-r000,0,valid,0,0,0,0
a009,q20,evaluative,v031,A,0,0,a009-q20-r000,0,valid,0,0,0,0
a009,q20,evaluative,v032,D,0,0,a009-q20-r000,0,valid,0,0,0,0
a009,q21,evaluative,v001,D,0,0,a009-q21-r000,0,valid,0,0,1,0
a009,q21,evaluative,v002,C,0,0,a009-q21-r000,0,valid,0,0,1,0
a009,q21,evaluative,v003,A,0,0,a009-q21-r000,0,valid,0,0,1,0
a009,q21,evaluative,v004,A,0,0,a009-q21-r000,0,valid,0,0,1,0
a009,q21,evaluative,v005,C,0,0,a009-q21-r000,0,valid,0,0,1,0
a009,q21,evaluative,v006,C,0,0,a009-q21-r000,0,valid,0,0,1,0
a009,q21,evaluative,v007,C,0,0,a009-q21-r000,0,valid,0,0,1,0
a009,q21,evaluative,v008,D,0,0,a009-q21-r000,0,valid,0,0,1,0
a009,q21,evaluative,v009,C,0,0,a009-q21-r000,0,valid,0,0,1,0
a009,q21,evaluative,v010,D,0,0,a009-q21-r000,0,valid,0,0,1,0
a009,q21,evaluative,v011,C,0,0,a009-q21-r000,0,valid,0,0,1,0
a009,q21,evaluative,v012,D,0,0,a009-q21-r000,0,valid,0,0,1,0
a009,q21,evaluative,v013,B,0,0,a009-q21-r000,0,valid,0,0,1,0
a009,q21,evaluative,v014,D,0,0,a009-q21-r000,0,valid,0,0,1,0
a009,q21,evaluative,v015,B,0,0,a009-q21-r000,0,valid,0,0,1,0
a009,q21,evaluative,v016,D,0,0,a009-q21-r000,0,valid,0,0,1,0
a009,q21,evaluative,v017,B,0,0,a009-q21-r000,0,valid,0,0,1,0
a009,q21,evaluative,v018,A,0,0,a009-q21-r000,0,valid,0,0,1,0
a009,q21,evaluative,v019,B,0,0,a009-q21-r000,0,valid,0,0,1,0
a009,q21,evaluative,v020,B,0,0,a009-q21-r000,0,valid,0,0,1,0
a009,q21,evaluative,v021,A,0,0,a009-q21-r000,0,valid,0,0,1,0
a009,q21,evaluative,v022,C,0,0,a009-q21-r000,0,valid,0,0,1,0
a009,q21,evaluative,v023,B,0,0,a009-q21-r000,0,valid,0,0,1,0
a009,q21,evaluative,v024,B,0,0,a009-q21-r000,0,valid,0,0,1,0
a009,q21,evaluative,v025,A,0,0,a009-q21-r000,0,valid,0,0,1,0
a009,q21,evaluative,v026,B,0,0,a009-q21-r000,0,valid,0,0,1,0
a009,q21,evaluative,v027,D,0,0,a009-q21-r000,0,valid,0,0,1,0
a009,q21,evaluative,v028,C,0,0,a009-q21-r000,0,valid,0,0,1,0
a009,q21,evaluative,v029,A,0,0,a009-q21-r000,0,valid,0,0,1,0
a009,q21,evaluative,v030,A,0,0,a009-q21-r000,0,valid,0,0,1,0
a009,q21,evaluative,v031,A,0,0,a009-q21-r000,0,valid,0,0,1,0
a009,q21,evaluative,v032,D,0,0,a009-q21-r000,0,valid,0,0,1,0
a009,q22,evaluative,v001,D,0,0,a009-q22-r000,0,valid,0,0,1,0
a009,q22,evaluative,v002,C,0,0,a009-q22-r000,0,valid,0,0,1,0
a009,q22,evaluative,v003,A,0,0,a009-q22-r000,0,valid,0,0,1,0
a009,q22,evaluative,v004,A,0,0,a009-q22-r000,0,valid,0,0,1,0
a009,q22,evaluative,v005,C,0,0,a009-q22-r000,0,valid,0,0,1,0
a009,q22,evaluative,v006,C,0,0,a009-q22-r000,0,valid,0,0,1,0
a009,q22,evaluative,v007,C,0,0,a009-q22-r000,0,valid,0,0,1,0
a009,q22,evaluative,v008,D,0,0,a009-q22-r000,0,valid,0,0,1,0
a009,q22,evaluative,v009,C,0,0,a009-q22-r000,0,valid,0,0,1,0
a009,q22,evaluative,v010,D,0,0,a009-q22-r000,0,valid,0,0,1,0
a009,q22,evaluative,v011,C,0,0,a009-q22-r000,0,valid,0,0,1,0
a009,q22,evaluative,v012,D,0,0,a009-q22-r000,0,valid,0,0,1,0
a009,q22,evaluative,v013,B,0,0,a009-q22-r000,0,valid,0,0,1,0
a009,q22,evaluative,v014,D,0,0,a009-q22-r000,0,valid,0,0,1,0
a009,q22,evaluative,v015,B,0,0,a009-q22-r000,0,valid,0,0,1,0
a009,q22,evaluative,v016,D,0,0,a009-q22-r000,0,valid,0,0,1,0
a009,q22,evaluative,v017,B,0,0,a009-q22-r000,0,valid,0,0,1,0
a009,q22,evaluative,v018,A,0,0,a009-q22-r000,0,valid,0,0,1,0
a009,q22,evaluative,v019,B,0,0,a009-q22-r000,0,valid,0,0,1,0
a009,q22,evaluative,v020,B,0,0,a009-q22-r000,0,valid,0,0,1,0
a009,q22,evaluative,v021,A,0,0,a009-q22-r000,0,valid,0,0,1,0
a009,q22,evaluative,v022,C,0,0,a009-q22-r000,0,valid,0,0,1,0
a009,q22,evaluative,v023,B,0,0,a009-q22-r000,0,valid,0,0,1,0
a009,q22,evaluative,v024,B,0,0,a009-q22-r000,0,valid,0,0,1,0
a009,q22,evaluative,v025,A,0,0,a009-q22-r000,0,valid,0,0,1,0
a009,q22,evaluative,v026,B,0,0,a009-q22-r000,0,valid,0,0,1,0
a009,q22,evaluative,v027,D,0,0,a009-q22-r000,0,valid,0,0,1,0
a009,q22,evaluative,v028,C,0,0,a009-q22-r000,0,valid,0,0,1,0
a009,q22,evaluative,v029,A,0,0,a009-q22-r000,0,valid,0,0,1,0
a009,q22,evaluative,v030,A,0,0,a009-q22-r000,0,valid,0,0,1,0
a009,q22,evaluative,v031,A,0,0,a009-q22-r000,0,valid,0,0,1,0
a009,q22,evaluative,v032,D,0,0,a009-q22-r000,0,valid,0,0,1,0
a009,q23,evaluative,v001,D,1,1,a009-q23-r000,0,valid,1,1,0,0
a009,q23,evaluative,v002,C,0,0,a009-q23-r000,0,valid,0,0,0,0
a009,q23,evaluative,v003,A,0,0,a009-q23-r000,0,valid,0,0,0,0
a009,q23,evaluative,v004,A,0,0,a009-q23-r000,0,valid,0,0,0,0
a009,q23,evaluative,v005,C,0,0,a009-q23-r000,0,valid,0,0,0,0
a009,q23,evaluative,v006,C,0,0,a009-q23-r000,0,valid,0,0,0,0
a009,q23,evaluative,v007,C,0,0,a009-q23-r000,0,valid,0,0,0,0
a009,q23,evaluative,v008,D,0,0,a009-q23-r000,0,valid,0,0,0,0
a009,q23,evaluative,v009,C,0,0,a009-q23-r000,0,valid,0,0,0,0
a009,q23,evaluative,v010,D,0,0,a009-q23-r000,0,valid,0,0,0,0
a009,q23,evaluative,v011,C,0,0,a009-q23-r000,0,valid,0,0,0,0
a009,q23,evaluative,v012,D,0,0,a009-q23-r000,0,valid,0,0,0,0
a009,q23,evaluative,v013,B,1,1,a009-q23-r000,0,valid,1,1,0,0
a009,q23,evaluative,v014,D,0,0,a009-q23-r000,0,valid,0,0,0,0
a009,q23,evaluative,v015,B,0,0,a009-q23-r000,0,valid,0,0,0,0
a009,q23,evaluative,v016,D,0,0,a009-q23-r000,0,valid,0,0,0,0
a009,q23,evaluative,v017,B,1,1,a009-q23-r000,0,valid,1,1,0,0
a009,q23,evaluative,v018,A,0,0,a009-q23-r000,0,valid,0,0,0,0
a009,q23,evaluative,v019,B,0,0,a009-q23-r000,0,valid,0,0,0,0
a009,q23,evaluative,v020,B,0,0,a009-q23-r000,0,valid,0,0,0,0
a009,q23,evaluative,v021,A,0,0,a009-q23-r000,0,valid,0,0,0,0
a009,q23,evaluative,v022,C,0,0,a009-q23-r000,0,valid,0,0,0,0
a009,q23,evaluative,v023,B,0,0,a009-q23-r000,0,valid,0,0,0,0
a009,q23,evaluative,v024,B,0,0,a009-q23-r000,0,valid,0,0,0,0
a009,q23,evaluative,v025,A,0,0,a009-q23-r000,0,valid,0,0,0,0
a009,q23,evaluative,v026,B,0,0,a009-q23-r000,0,valid,0,0,0,0
a009,q23,evaluative,v027,D,0,0,a009-q23-r000,0,valid,0,0,0,0
a009,q23,evaluative,v028,C,0,0,a009-q23-r000,0,valid,0,0,0,0
a009,q23,evaluative,v029,A,0,0,a009-q23-r000,0,valid,0,0,0,0
a009,q23,evaluative,v030,A,0,0,a009-q23-r000,0,valid,0,0,0,0
a009,q23,evaluative,v031,A,0,0,a009-q23-r000,0,valid,0,0,0,0
a009,q23,evaluative,v032,D,0,0,a009-q23-r000,0,valid,0,0,0,0
a009,q24,evaluative,v001,D,0,0,a009-q24-r000,0,valid,0,0,1,0
a009,q24,evaluative,v002,C,0,0,a009-q24-r000,0,valid,0,0,1,0
a009,q24,evaluative,v003,A,0,0,a009-q24-r000,0,valid,0,0,1,0
a009,q24,evaluative,v004,A,0,0,a009-q24-r000,0,valid,0,0,1,0
a009,q24,evaluative,v005,C,0,0,a009-q24-r000,0,valid,0,0,1,0
a009,q24,evaluative,v006,C,0,0,a009-q24-r000,0,valid,0,0,1,0
a009,q24,evaluative,v007,C,0,0,a009-q24-r000,0,valid,0,0,1,0
a009,q24,evaluative,v008,D,0,0,a009-q24-r000,0,valid,0,0,1,0
a009,q24,evaluative,v009,C,0,0,a009-q24-r000,0,valid,0,0,1,0
a009,q24,evaluative,v010,D,0,0,a009-q24-r000,0,valid,0,0,1,0
a009,q24,evaluative,v011,C,0,0,a009-q24-r000,0,valid,0,0,1,0
a009,q24,evaluative,v012,D,0,0,a009-q24-r000,0,valid,0,0,1,0
a009,q24,evaluative,v013,B,0,0,a009-q24-r000,0,valid,0,0,1,0
a009,q24,evaluative,v014,D,0,0,a009-q24-r000,0,valid,0,0,1,0
a009,q24,evaluative,v015,B,0,0,a009-q24-r000,0,valid,0,0,1,0
a009,q24,evaluative,v016,D,0,0,a009-q24-r000,0,valid,0,0,1,0
a009,q24,evaluative,v017,B,0,0,a009-q24-r000,0,valid,0,0,1,0
a009,q24,evaluative,v018,A,0,0,a009-q24-r000,0,valid,0,0,1,0
a009,q24,evaluative,v019,B,0,0,a009-q24-r000,0,valid,0,0,1,0
a009,q24,evaluative,v020,B,0,0,a009-q24-r000,0,valid,0,0,1,0
a009,q24,evaluative,v021,A,0,0,a009-q24-r000,0,valid,0,0,1,0
a009,q24,evaluative,v022,C,0,0,a009-q24-r000,0,valid,0,0,1,0
a009,q24,evaluative,v023,B,0,0,a009-q24-r000,0,valid,0,0,1,0
a009,q24,evaluative,v024,B,0,0,a009-q24-r000,0,valid,0,0,1,0
a009,q24,evaluative,v025,A,0,0,a009-q24-r000,0,valid,0,0,1,0
a009,q24,evaluative,v026,B,0,0,a009-q24-r000,0,valid,0,0,1,0
a009,q24,evaluative,v027,D,0,0,a009-q24-r000,0,valid,0,0,1,0
a009,q24,evaluative,v028,C,0,0,a009-q24-r000,0,valid,0,0,1,0
a009,q24,evaluative,v029,A,0,0,a009-q24-r000,0,valid,0,0,1,0
a009,q24,evaluative,v030,A,0,0,a009-q24-r000,0,valid,0,0,1,0
a009,q24,evaluative,v031,A,0,0,a009-q24-r000,0,valid,0,0,1,0
a009,q24,evaluative,v032,D,0,0,a009-q24-r000,0,valid,0,0,1,0
a010,q01,transactional,v001,A,0,0,a010-q01-r000,0,valid,0,0,1,0
a010,q01,transactional,v002,D,0,0,a010-q01-r000,0,valid,0,0,1,0
a010,q01,transactional,v003,B,0,0,a010-q01-r000,0,valid,0,0,1,0
a010,q01,transactional,v004,A,0,0,a010-q01-r000,0,valid,0,0,1,0
a010,q01,transactional,v005,D,0,0,a010-q01-r000,0,valid,0,0,1,0
a010,q01,transactional,v006,B,0,0,a010-q01-r000,0,valid,0,0,1,0
a010,q01,transactional,v007,B,0,0,a010-q01-r000,0,valid,0,0,1,0
a010,q01,transactional,v008,D,0,0,a010-q01-r000,0,valid,0,0,1,0
a010,q01,transactional,v009,C,0,0,a010-q01-r000,0,valid,0,0,1,0
a010,q01,transactional,v010,D,0,0,a010-q01-r000,0,valid,0,0,1,0
a010,q01,transactional,v011,D,0,0,a010-q01-r000,0,valid,0,0,1,0
a010,q01,transactional,v012,B,0,0,a010-q01-r000,0,valid,0,0,1,0
a010,q01,transactional,v013,B,0,0,a010-q01-r000,0,valid,0,0,1,0
a010,q01,transactional,v014,A,0,0,a010-q01-r000,0,valid,0,0,1,0
a010,q01,transactional,v015,C,0,0,a010-q01-r000,0,valid,0,0,1,0
a010,q01,transactional,v016,A,0,0,a010-q01-r000,0,valid,0,0,1,0
a010,q01,transactional,v017,A,0,0,a010-q01-r000,0,valid,0,0,1,0
a010,q01,transactional,v018,C,0,0,a010-q01-r000,0,valid,0,0,1,0
a010,q01,transactional,v019,C,0,0,a010-q01-r000,0,valid,0,0,1,0
a010,q01,transactional,v020,C,0,0,a010-q01-r000,0,valid,0,0,1,0
a010,q01,transactional,v021,D,0,0,a010-q01-r000,0,valid,0,0,1,0
a010,q01,transactional,v022,D,0,0,a010-q01-r000,0,valid,0,0,1,0
a010,q01,transactional,v023,C,0,0,a010-q01-r000,0,valid,0,0,1,0
a010,q01,transactional,v024,C,0,0,a010-q01-r000,0,valid,0,0,1,0
a010,q01,transactional,v025,D,0,0,a010-q01-r000,0,valid,0,0,1,0
a010,q01,transactional,v026,B,0,0,a010-q01-r000,0,valid,0,0,1,0
a010,q01,transactional,v027,A,0,0,a010-q01-r000,0,valid,0,0,1,0
a010,q01,transactional,v028,C,0,0,a010-q01-r000,0,valid,0,0,1,0
a010,q01,transactional,v029,B,0,0,a010-q01-r000,0,valid,0,0,1,0
a010,q01,transactional,v030,B,0,0,a010-q01-r000,0,valid,0,0,1,0
a010,q01,transactional,v031,A,0,0,a010-q01-r000,0,valid,0,0,1,0
a010,q01,transactional,v032,A,0,0,a010-q01-r000,0,valid,0,0,1,0
a010,q02,transactional,v001,A,0,0,a010-q02-r000,0,valid,0,0,1,0
a010,q02,transactional,v002,D,0,0,a010-q02-r000,0,valid,0,0,1,0
a010,q02,transactional,v003,B,0,0,a010-q02-r000,0,valid,0,0,1,0
a010,q02,transactional,v004,A,0,0,a010-q02-r000,0,valid,0,0,1,0
a010,q02,transactional,v005,D,0,0,a010-q02-r000,0,valid,0,0,1,0
a010,q02,transactional,v006,B,0,0,a010-q02-r000,0,valid,0,0,1,0
a010,q02,transactional,v007,B,0,0,a010-q02-r000,0,valid,0,0,1,0
a010,q02,transactional,v008,D,0,0,a010-q02-r000,0,valid,0,0,1,0
a010,q02,transactional,v009,C,0,0,a010-q02-r000,0,valid,0,0,1,0
a010,q02,transactional,v010,D,0,0,a010-q02-r000,0,valid,0,0,1,0
a010,q02,transactional,v011,D,0,0,a010-q02-r000,0,valid,0,0,1,0
a010,q02,transactional,v012,B,0,0,a010-q02-r000,0,valid,0,0,1,0
a010,q02,transactional,v013,B,0,0,a010-q02-r000,0,valid,0,0,1,0
a010,q02,transactional,v014,A,0,0,a010-q02-r000,0,valid,0,0,1,0
a010,q02,transactional,v015,C,0,0,a010-q02-r000,0,valid,0,0,1,0
a010,q02,transactional,v016,A,0,0,a010-q02-r000,0,valid,0,0,1,0
a010,q02,transactional,v017,A,0,0,a010-q02-r000,0,valid,0,0,1,0
a010,q02,transactional,v018,C,0,0,a010-q02-r000,0,valid,0,0,1,0
a010,q02,transactional,v019,C,0,0,a010-q02-r000,0,valid,0,0,1,0
a010,q02,transactional,v020,C,0,0,a010-q02-r000,0,valid,0,0,1,0
a010,q02,transactional,v021,D,0,0,a010-q02-r000,0,valid,0,0,1,0
a010,q02,transactional,v022,D,0,0,a010-q02-r000,0,valid,0,0,1,0
a010,q02,transactional,v023,C,0,0,a010-q02-r000,0,valid,0,0,1,0
a010,q02,transactional,v024,C,0,0,a010-q02-r000,0,valid,0,0,1,0
a010,q02,transactional,v025,D,0,0,a010-q02-r000,0,valid,0,0,1,0
a010,q02,transactional,v026,B,0,0,a010-q02-r000,0,valid,0,0,1,0
a010,q02,transactional,v027,A,0,0,a010-q02-r000,0,valid,0,0,1,0
a010,q02,transactional,v028,C,0,0,a010-q02-r000,0,valid,0,0,1,0
a010,q02,transactional,v029,B,0,0,a010-q02-r000,0,valid,0,0,1,0
a010,q02,transactional,v030,B,0,0,a010-q02-r000,0,valid,0,0,1,0
a010,q02,transactional,v031,A,0,0,a010-q02-r000,0,valid,0,0,1,0
a010,q02,transactional,v032,A,0,0,a010-q02-r000,0,valid,0,0,1,0
a010,q03,transactional,v001,A,0,0,a010-q03-r000,0,valid,0,0,0,0
a010,q03,transactional,v002,D,1,1,a010-q03-r000,0,valid,1,1,0,0
a010,q03,transactional,v003,B,0,0,a010-q03-r000,0,valid,0,0,0,0
a010,q03,transactional,v004,A,0,0,a010-q03-r000,0,valid,0,0,0,0
a010,q03,transactional,v005,D,0,0,a010-q03-r000,0,valid,0,0,0,0
a010,q03,transactional,v006,B,0,0,a010-q03-r000,0,valid,0,0,0,0
a010,q03,transactional,v007,B,0,0,a010-q03-r000,0,valid,0,0,0,0
a010,q03,transactional,v008,D,0,0,a010-q03-r000,0,valid,0,0,0,0
a010,q03,transactional,v009,C,0,0,a010-q03-r000,0,valid,0,0,0,0
a010,q03,transactional,v010,D,1,1,a010-q03-r000,0,valid,1,1,0,0
a010,q03,transactional,v011,D,0,0,a010-q03-r000,0,valid,0,0,0,0
a010,q03,transactional,v012,B,0,0,a010-q03-r000,0,valid,0,0,0,0
a010,q03,transactional,v013,B,0,0,a010-q03-r000,0,valid,0,0,0,0
a010,q03,transactional,v014,A,0,0,a010-q03-r000,0,valid,0,0,0,0
a010,q03,transactional,v015,C,0,0,a010-q03-r000,0,valid,0,0,0,0
a010,q03,transactional,v016,A,0,0,a010-q03-r000,0,valid,0,0,0,0
a010,q03,transactional,v017,A,0,0,a010-q03-r000,0,valid,0,0,0,0
a010,q03,transactional,v018,C,0,0,a010-q03-r000,0,valid,0,0,0,0
a010,q03,transactional,v019,C,0,0,a010-q03-r000,0,valid,0,0,0,0
a010,q03,transactional,v020,C,0,0,a010-q03-r000,0,valid,0,0,0,0
a010,q03,transactional,v021,D,0,0,a010-q03-r000,0,valid,0,0,0,0
a010,q03,transactional,v022,D,0,0,a010-q03-r000,0,valid,0,0,0,0
a010,q03,transactional,v023,C,0,0,a010-q03-r000,0,valid,0,0,0,0
a010,q03,transactional,v024,C,0,0,a010-q03-r000,0,valid,0,0,0,0
a010,q03,transactional,v025,D,0,0,a010-q03-r000,0,valid,0,0,0,0
a010,q03,transactional,v026,B,0,0,a010-q03-r000,0,valid,0,0,0,0
a010,q03,transactional,v027,A,0,0,a010-q03-r000,0,valid,0,0,0,0
a010,q03,transactional,v028,C,0,0,a010-q03-r000,0,valid,0,0,0,0
a010,q03,transactional,v029,B,0,0,a010-q03-r000,0,valid,0,0,0,0
a010,q03,transactional,v030,B,0,0,a010-q03-r000,0,valid,0,0,0,0
a010,q03,transactional,v031,A,0,0,a010-q03-r000,0,valid,0,0,0,0
a010,q03,transactional,v032,A,0,0,a010-q03-r000,0,valid,0,0,0,0
a010,q04,transactional,v001,A,0,0,a010-q04-r000,0,valid,0,0,0,0
a010,q04,transactional,v002,D,0,0,a010-q04-r000,0,valid,0,0,0,0
a010,q04,transactional,v003,B,0,0,a010-q04-r000,0,valid,0,0,0,0
a010,q04,transactional,v004,A,0,0,a010-q04-r000,0,valid,0,0,0,0
a010,q04,transactional,v005,D,1,1,a010-q04-r000,0,valid,1,1,0,0
a010,q04,transactional,v006,B,0,0,a010-q04-r000,0,valid,0,0,0,0
a010,q04,transactional,v007,B,0,0,a010-q04-r000,0,valid,0,0,0,0
a010,q04,transactional,v008,D,0,0,a010-q04-r000,0,valid,0,0,0,0
a010,q04,transactional,v009,C,0,0,a010-q04-r000,0,valid,0,0,0,0
a010,q04,transactional,v010,D,0,0,a010-q04-r000,0,valid,0,0,0,0
a010,q04,transactional,v011,D,0,0,a010-q04-r000,0,valid,0,0,0,0
a010,q04,transactional,v012,B,0,0,a010-q04-r000,0,valid,0,0,0,0
a010,q04,transactional,v013,B,1,1,a010-q04-r000,0,valid,1,1,0,0
a010,q04,transactional,v014,A,0,0,a010-q04-r000,0,valid,0,0,0,0
a010,q04,transactional,v015,C,0,0,a010-q04-r000,0,valid,0,0,0,0
a010,q04,transactional,v016,A,0,0,a010-q04-r000,0,valid,0,0,0,0
a010,q04,transactional,v017,A,0,0,a010-q04-r000,0,valid,0,0,0,0
a010,q04,transactional,v018,C,0,0,a010-q04-r000,0,valid,0,0,0,0
a010,q04,transactional,v019,C,0,0,a010-q04-r000,0,valid,0,0,0,0
a010,q04,transactional,v020,C,0,0,a010-q04-r000,0,valid,0,0,0,0
a010,q04,transactional,v021,D,0,0,a010-q04-r000,0,valid,0,0,0,0
a010,q04,transactional,v022,D,0,0,a010-q04-r000,0,valid,0,0,0,0
a010,q04,transactional,v023,C,0,0,a010-q04-r000,0,valid,0,0,0,0
a010,q04,transactional,v024,C,0,0,a010-q04-r000,0,valid,0,0,0,0
a010,q04,transactional,v025,D,0,0,a010-q04-r000,0,valid,0,0,0,0
a010,q04,transactional,v026,B,0,0,a010-q04-r000,0,valid,0,0,0,0
a010,q04,transactional,v027,A,0,0,a010-q04-r000,0,valid,0,0,0,0
a010,q04,transactional,v028,C,0,0,a010-q04-r000,0,valid,0,0,0,0
a010,q04,transactional,v029,B,0,0,a010-q04-r000,0,valid,0,0,0,0
a010,q04,transactional,v030,B,0,0,a010-q04-r000,0,valid,0,0,0,0
a010,q04,transactional,v031,A,0,0,a010-q04-r000,0,valid,0,0,0,0
a010,q04,transactional,v032,A,0,0,a010-q04-r000,0,valid,0,0,0,0
a010,q05,transactional,v001,A,0,0,a010-q05-r000,0,valid,0,0,0,0
a010,q05,transactional,v002,D,0,0,a010-q05-r000,0,valid,0,0,0,0
a010,q05,transactional,v003,B,0,0,a010-q05-r000,0,valid,0,0,0,0
a010,q05,transactional,v004,A,0,0,a010-q05-r000,0,valid,0,0,0,0
a010,q05,transactional,v005,D,0,0,a010-q05-r000,0,valid,0,0,0,0
a010,q05,transactional,v006,B,0,0,a010-q05-r000,0,valid,0,0,0,0
a010,q05,transactional,v007,B,0,0,a010-q05-r000,0,valid,0,0,0,0
a010,q05,transactional,v008,D,1,1,a010-q05-r000,0,valid,1,1,0,0
a010,q05,transactional,v009,C,0,0,a010-q05-r000,0,valid,0,0,0,0
a010,q05,transactional,v010,D,0,0,a010-q05-r000,0,valid,0,0,0,0
a010,q05,transactional,v011,D,0,0,a010-q05-r000,0,valid,0,0,0,0
a010,q05,transactional,v012,B,0,0,a010-q05-r000,0,valid,0,0,0,0
a010,q05,transactional,v013,B,0,0,a010-q05-r000,0,valid,0,0,0,0
a010,q05,transactional,v014,A,0,0,a010-q05-r000,0,valid,0,0,0,0
a010,q05,transactional,v015,C,0,0,a010-q05-r000,0,valid,0,0,0,0
a010,q05,transactional,v016,A,1,1,a010-q05-r000,0,valid,1,1,0,0
a010,q05,transactional,v017,A,0,0,a010-q05-r000,0,valid,0,0,0,0
a010,q05,transactional,v018,C,0,0,a010-q05-r000,0,valid,0,0,0,0
a010,q05,transactional,v019,C,0,0,a010-q05-r000,0,valid,0,0,0,0
a010,q05,transactional,v020,C,0,0,a010-q05-r000,0,valid,0,0,0,0
a010,q05,transactional,v021,D,0,0,a010-q05-r000,0,valid,0,0,0,0
a010,q05,transactional,v022,D,0,0,a010-q05-r000,0,valid,0,0,0,0
a010,q05,transactional,v023,C,0,0,a010-q05-r000,0,valid,0,0,0,0
a010,q05,transactional,v024,C,0,0,a010-q05-r000,0,valid,0,0,0,0
a010,q05,transactional,v025,D,0,0,a010-q05-r000,0,valid,0,0,0,0
a010,q05,transactional,v026,B,0,0,a010-q05-r000,0,valid,0,0,0,0
a010,q05,transactional,v027,A,0,0,a010-q05-r000,0,valid,0,0,0,0
a010,q05,transactional,v028,C,0,0,a010-q05-r000,0,valid,0,0,0,0
a010,q05,transactional,v029,B,0,0,a010-q05-r000,0,valid,0,0,0,0
a010,q05,transactional,v030,B,0,0,a010-q05-r000,0,valid,0,0,0,0
a010,q05,transactional,v031,A,0,0,a010-q05-r000,0,valid,0,0,0,0
a010,q05,transactional,v032,A,0,0,a010-q05-r000,0,valid,0,0,0,0
a010,q06,transactional,v001,A,0,0,a010-q06-r000,0,valid,0,0,1,0
a010,q06,transactional,v002,D,0,0,a010-q06-r000,0,valid,0,0,1,0
a010,q06,transactional,v003,B,0,0,a010-q06-r000,0,valid,0,0,1,0
a010,q06,transactional,v004,A,0,0,a010-q06-r000,0,valid,0,0,1,0
a010,q06,transactional,v005,D,0,0,a010-q06-r000,0,valid,0,0,1,0
a010,q06,transactional,v006,B,0,0,a010-q06-r000,0,valid,0,0,1,0
a010,q06,transactional,v007,B,0,0,a010-q06-r000,0,valid,0,0,1,0
a010,q06,transactional,v008,D,0,0,a010-q06-r000,0,valid,0,0,1,0
a010,q06,transactional,v009,C,0,0,a010-q06-r000,0,valid,0,0,1,0
a010,q06,transactional,v010,D,0,0,a010-q06-r000,0,valid,0,0,1,0
a010,q06,transactional,v011,D,0,0,a010-q06-r000,0,valid,0,0,1,0
a010,q06,transactional,v012,B,0,0,a010-q06-r000,0,valid,0,0,1,0
a010,q06,transactional,v013,B,0,0,a010-q06-r000,0,valid,0,0,1,0
a010,q06,transactional,v014,A,0,0,a010-q06-r000,0,valid,0,0,1,0
a010,q06,transactional,v015,C,0,0,a010-q06-r000,0,valid,0,0,1,0
a010,q06,transactional,v016,A,0,0,a010-q06-r000,0,valid,0,0,1,0
a010,q06,transactional,v017,A,0,0,a010-q06-r000,0,valid,0,0,1,0
a010,q06,transactional,v018,C,0,0,a010-q06-r000,0,valid,0,0,1,0
a010,q06,transactional,v019,C,0,0,a010-q06-r000,0,valid,0,0,1,0
a010,q06,transactional,v020,C,0,0,a010-q06-r000,0,valid,0,0,1,0
a010,q06,transactional,v021,D,0,0,a010-q06-r000,0,valid,0,0,1,0
a010,q06,transactional,v022,D,0,0,a010-q06-r000,0,valid,0,0,1,0
a010,q06,transactional,v023,C,0,0,a010-q06-r000,0,valid,0,0,1,0
a010,q06,transactional,v024,C,0,0,a010-q06-r000,0,valid,0,0,1,0
a010,q06,transactional,v025,D,0,0,a010-q06-r000,0,valid,0,0,1,0
a010,q06,transactional,v026,B,0,0,a010-q06-r000,0,valid,0,0,1,0
a010,q06,transactional,v027,A,0,0,a010-q06-r000,0,valid,0,0,1,0
a010,q06,transactional,v028,C,0,0,a010-q06-r000,0,valid,0,0,1,0
a010,q06,transactional,v029,B,0,0,a010-q06-r000,0,valid,0,0,1,0
a010,q06,transactional,v030,B,0,0,a010-q06-r000,0,valid,0,0,1,0
a010,q06,transactional,v031,A,0,0,a010-q06-r000,0,valid,0,0,1,0
a010,q06,transactional,v032,A,0,0,a010-q06-r000,0,valid,0,0,1,0
a010,q07,transactional,v001,A,0,0,a010-q07-r000,0,valid,0,0,1,0
a010,q07,transactional,v002,D,0,0,a010-q07-r000,0,valid,0,0,1,0
a010,q07,transactional,v003,B,0,0,a010-q07-r000,0,valid,0,0,1,0
a010,q07,transactional,v004,A,0,0,a010-q07-r000,0,valid,0,0,1,0
a010,q07,transactional,v005,D,0,0,a010-q07-r000,0,valid,0,0,1,0
a010,q07,transactional,v006,B,0,0,a010-q07-r000,0,valid,0,0,1,0
a010,q07,transactional,v007,B,0,0,a010-q07-r000,0,valid,0,0,1,0
a010,q07,transactional,v008,D,0,0,a010-q07-r000,0,valid,0,0,1,0
a010,q07,transactional,v009,C,0,0,a010-q07-r000,0,valid,0,0,1,0
a010,q07,transactional,v010,D,0,0,a010-q07-r000,0,valid,0,0,1,0
a010,q07,transactional,v011,D,0,0,a010-q07-r000,0,valid,0,0,1,0
a010,q07,transactional,v012,B,0,0,a010-q07-r000,0,valid,0,0,1,0
a010,q07,transactional,v013,B,0,0,a010-q07-r000,0,valid,0,0,1,0
a010,q07,transactional,v014,A,0,0,a010-q07-r000,0,valid,0,0,1,0
a010,q07,transactional,v015,C,0,0,a010-q07-r000,0,valid,0,0,1,0
a010,q07,transactional,v016,A,0,0,a010-q07-r000,0,valid,0,0,1,0
a010,q07,transactional,v017,A,0,0,a010-q07-r000,0,valid,0,0,1,0
a010,q07,transactional,v018,C,0,0,a010-q07-r000,0,valid,0,0,1,0
a010,q07,transactional,v019,C,0,0,a010-q07-r000,0,valid,0,0,1,0
a010,q07,transactional,v020,C,0,0,a010-q07-r000,0,valid,0,0,1,0
a010,q07,transactional,v021,D,0,0,a010-q07-r000,0,valid,0,0,1,0
a010,q07,transactional,v022,D,0,0,a010-q07-r000,0,valid,0,0,1,0
a010,q07,transactional,v023,C,0,0,a010-q07-r000,0,valid,0,0,1,0
a010,q07,transactional,v024,C,0,0,a010-q07-r000,0,valid,0,0,1,0
a010,q07,transactional,v025,D,0,0,a010-q07-r000,0,valid,0,0,1,0
a010,q07,transactional,v026,B,0,0,a010-q07-r000,0,valid,0,0,1,0
a010,q07,transactional,v027,A,0,0,a010-q07-r000,0,valid,0,0,1,0
a010,q07,transactional,v028,C,0,0,a010-q07-r000,0,valid,0,0,1,0
a010,q07,transactional,v029,B,0,0,a010-q07-r000,0,valid,0,0,1,0
a010,q07,transactional,v030,B,0,0,a010-q07-r000,0,valid,0,0,1,0
a010,q07,transactional,v031,A,0,0,a010-q07-r000,0,valid,0,0,1,0
a010,q07,transactional,v032,A,0,0,a010-q07-r000,0,valid,0,0,1,0
a010,q08,transactional,v001,A,0,0,a010-q08-r000,0,valid,0,0,0,0
a010,q08,transactional,v002,D,0,0,a010-q08-r000,0,valid,0,0,0,0
a010,q08,transactional,v003,B,0,0,a010-q08-r000,0,valid,0,0,0,0
a010,q08,transactional,v004,A,0,0,a010-q08-r000,0,valid,0,0,0,0
a010,q08,transactional,v005,D,1,1,a010-q08-r000,0,valid,1,1,0,0
a010,q08,transactional,v006,B,0,0,a010-q08-r000,0,valid,0,0,0,0
a010,q08,transactional,v007,B,0,0,a010-q08-r000,0,valid,0,0,0,0
a010,q08,transactional,v008,D,0,0,a010-q08-r000,0,valid,0,0,0,0
a010,q08,transactional,v009,C,0,0,a010-q08-r000,0,valid,0,0,0,0
a010,q08,transactional,v010,D,0,0,a010-q08-r000,0,valid,0,0,0,0
a010,q08,transactional,v011,D,0,0,a010-q08-r000,0,valid,0,0,0,0
a010,q08,transactional,v012,B,0,0,a010-q08-r000,0,valid,0,0,0,0
a010,q08,transactional,v013,B,1,1,a010-q08-r000,0,valid,1,1,0,0
a010,q08,transactional,v014,A,0,0,a010-q08-r000,0,valid,0,0,0,0
a010,q08,transactional,v015,C,0,0,a010-q08-r000,0,valid,0,0,0,0
a010,q08,transactional,v016,A,0,0,a010-q08-r000,0,valid,0,0,0,0
a010,q08,transactional,v017,A,0,0,a010-q08-r000,0,valid,0,0,0,0
a010,q08,transactional,v018,C,0,0,a010-q08-r000,0,valid,0,0,0,0
a010,q08,transactional,v019,C,0,0,a010-q08-r000,0,valid,0,0,0,0
a010,q08,transactional,v020,C,0,0,a010-q08-r000,0,valid,0,0,0,0
a010,q08,transactional,v021,D,0,0,a010-q08-r000,0,valid,0,0,0,0
a010,q08,transactional,v022,D,0,0,a010-q08-r000,0,valid,0,0,0,0
a010,q08,transactional,v023,C,0,0,a010-q08-r000,0,valid,0,0,0,0
a010,q08,transactional,v024,C,0,0,a010-q08-r000,0,valid,0,0,0,0
a010,q08,transactional,v025,D,0,0,a010-q08-r000,0,valid,0,0,0,0
a010,q08,transactional,v026,B,0,0,a010-q08-r000,0,valid,0,0,0,0
a010,q08,transactional,v027,A,0,0,a010-q08-r000,0,valid,0,0,0,0
a010,q08,transactional,v028,C,0,0,a010-q08-r000,0,valid,0,0,0,0
a010,q08,transactional,v029,B,0,0,a010-q08-r000,0,valid,0,0,0,0
a010,q08,transactional,v030,B,0,0,a010-q08-r000,0,valid,0,0,0,0
a010,q08,transactional,v031,A,0,0,a010-q08-r000,0,valid,0,0,0,0
a010,q08,transactional,v032,A,0,0,a010-q08-r000,0,valid,0,0,0,0
a010,q09,transactional,v001,A,0,0,a010-q09-r000,0,valid,0,0,1,0
a010,q09,transactional,v002,D,0,0,a010-q09-r000,0,valid,0,0,1,0
a010,q09,transactional,v003,B,0,0,a010-q09-r000,0,valid,0,0,1,0
a010,q09,transactional,v004,A,0,0,a010-q09-r000,0,valid,0,0,1,0
a010,q09,transactional,v005,D,0,0,a010-q09-r000,0,valid,0,0,1,0
a010,q09,transactional,v006,B,0,0,a010-q09-r000,0,valid,0,0,1,0
a010,q09,transactional,v007,B,0,0,a010-q09-r000,0,valid,0,0,1,0
a010,q09,transactional,v008,D,0,0,a010-q09-r000,0,valid,0,0,1,0
a010,q09,transactional,v009,C,0,0,a010-q09-r000,0,valid,0,0,1,0
a010,q09,transactional,v010,D,0,0,a010-q09-r000,0,valid,0,0,1,0
a010,q09,transactional,v011,D,0,0,a010-q09-r000,0,valid,0,0,1,0
a010,q09,transactional,v012,B,0,0,a010-q09-r000,0,valid,0,0,1,0
a010,q09,transactional,v013,B,0,0,a010-q09-r000,0,valid,0,0,1,0
a010,q09,transactional,v014,A,0,0,a010-q09-r000,0,valid,0,0,1,0
a010,q09,transactional,v015,C,0,0,a010-q09-r000,0,valid,0,0,1,0
a010,q09,transactional,v016,A,0,0,a010-q09-r000,0,valid,0,0,1,0
a010,q09,transactional,v017,A,0,0,a010-q09-r000,0,valid,0,0,1,0
a010,q09,transactional,v018,C,0,0,a010-q09-r000,0,valid,0,0,1,0
a010,q09,transactional,v019,C,0,0,a010-q09-r000,0,valid,0,0,1,0
a010,q09,transactional,v020,C,0,0,a010-q09-r000,0,valid,0,0,1,0
a010,q09,transactional,v021,D,0,0,a010-q09-r000,0,valid,0,0,1,0
a010,q09,transactional,v022,D,0,0,a010-q09-r000,0,valid,0,0,1,0
a010,q09,transactional,v023,C,0,0,a010-q09-r000,0,valid,0,0,1,0
a010,q09,transactional,v024,C,0,0,a010-q09-r000,0,valid,0,0,1,0
a010,q09,transactional,v025,D,0,0,a010-q09-r000,0,valid,0,0,1,0
a010,q09,transactional,v026,B,0,0,a010-q09-r000,0,valid,0,0,1,0
a010,q09,transactional,v027,A,0,0,a010-q09-r000,0,valid,0,0,1,0
a010,q09,transactional,v028,C,0,0,a010-q09-r000,0,valid,0,0,1,0
a010,q09,transactional,v029,B,0,0,a010-q09-r000,0,valid,0,0,1,0
a010,q09,transactional,v030,B,0,0,a010-q09-r000,0,valid,0,0,1,0
a010,q09,transactional,v031,A,0,0,a010-q09-r000,0,valid,0,0,1,0
a010,q09,transactional,v032,A,0,0,a010-q09-r000,0,valid,0,0,1,0
a010,q10,transactional,v001,A,0,0,a010-q10-r000,0,valid,0,0,1,0
a010,q10,transactional,v002,D,0,0,a010-q10-r000,0,valid,0,0,1,0
a010,q10,transactional,v003,B,0,0,a010-q10-r000,0,valid,0,0,1,0
a010,q10,transactional,v004,A,0,0,a010-q10-r000,0,valid,0,0,1,0
a010,q10,transactional,v005,D,0,0,a010-q10-r000,0,valid,0,0,1,0
a010,q10,transactional,v006,B,0,0,a010-q10-r000,0,valid,0,0,1,0
a010,q10,transactional,v007,B,0,0,a010-q10-r000,0,valid,0,0,1,0
a010,q10,transactional,v008,D,0,0,a010-q10-r000,0,valid,0,0,1,0
a010,q10,transactional,v009,C,0,0,a010-q10-r000,0,valid,0,0,1,0
a010,q10,transactional,v010,D,0,0,a010-q10-r000,0,valid,0,0,1,0
a010,q10,transactional,v011,D,0,0,a010-q10-r000,0,valid,0,0,1,0
a010,q10,transactional,v012,B,0,0,a010-q10-r000,0,valid,0,0,1,0
a010,q10,transactional,v013,B,0,0,a010-q10-r000,0,valid,0,0,1,0
a010,q10,transactional,v014,A,0,0,a010-q10-r000,0,valid,0,0,1,0
a010,q10,transactional,v015,C,0,0,a010-q10-r000,0,valid,0,0,1,0
a010,q10,transactional,v016,A,0,0,a010-q10-r000,0,valid,0,0,1,0
a010,q10,transactional,v017,A,0,0,a010-q10-r000,0,valid,0,0,1,0
a010,q10,transactional,v018,C,0,0,a010-q10-r000,0,valid,0,0,1,0
a010,q10,transactional,v019,C,0,0,a010-q10-r000,0,valid,0,0,1,0
a010,q10,transactional,v020,C,0,0,a010-q10-r000,0,valid,0,0,1,0
a010,q10,transactional,v021,D,0,0,a010-q10-r000,0,valid,0,0,1,0
a010,q10,transactional,v022,D,0,0,a010-q10-r000,0,valid,0,0,1,0
a010,q10,transactional,v023,C,0,0,a010-q10-r000,0,valid,0,0,1,0
a010,q10,transactional,v024,C,0,0,a010-q10-r000,0,valid,0,0,1,0
a010,q10,transactional,v025,D,0,0,a010-q10-r000,0,valid,0,0,1,0
a010,q10,transactional,v026,B,0,0,a010-q10-r000,0,valid,0,0,1,0
a010,q10,transactional,v027,A,0,0,a010-q10-r000,0,valid,0,0,1,0
a010,q10,transactional,v028,C,0,0,a010-q10-r000,0,valid,0,0,1,0
a010,q10,transactional,v029,B,0,0,a010-q10-r000,0,valid,0,0,1,0
a010,q10,transactional,v030,B,0,0,a010-q10-r000,0,valid,0,0,1,0
a010,q10,transactional,v031,A,0,0,a010-q10-r000,0,valid,0,0,1,0
a010,q10,transactional,v032,A,0,0,a010-q10-r000,0,valid,0,0,1,0
a010,q11,transactional,v001,A,0,0,a010-q11-r000,0,valid,0,0,1,0
a010,q11,transactional,v002,D,0,0,a010-q11-r000,0,valid,0,0,1,0
a010,q11,transactional,v003,B,0,0,a010-q11-r000,0,valid,0,0,1,0
a010,q11,transactional,v004,A,0,0,a010-q11-r000,0,valid,0,0,1,0
a010,q11,transactional,v005,D,0,0,a010-q11-r000,0,valid,0,0,1,0
a010,q11,transactional,v006,B,0,0,a010-q11-r000,0,valid,0,0,1,0
a010,q11,transactional,v007,B,0,0,a010-q11-r000,0,valid,0,0,1,0
a010,q11,transactional,v008,D,0,0,a010-q11-r000,0,valid,0,0,1,0
a010,q11,transactional,v009,C,0,0,a010-q11-r000,0,valid,0,0,1,0
a010,q11,transactional,v010,D,0,0,a010-q11-r000,0,valid,0,0,1,0
a010,q11,transactional,v011,D,0,0,a010-q11-r000,0,valid,0,0,1,0
a010,q11,transactional,v012,B,0,0,a010-q11-r000,0,valid,0,0,1,0
a010,q11,transactional,v013,B,0,0,a010-q11-r000,0,valid,0,0,1,0
a010,q11,transactional,v014,A,0,0,a010-q11-r000,0,valid,0,0,1,0
a010,q11,transactional,v015,C,0,0,a010-q11-r000,0,valid,0,0,1,0
a010,q11,transactional,v016,A,0,0,a010-q11-r000,0,valid,0,0,1,0
a010,q11,transactional,v017,A,0,0,a010-q11-r000,0,valid,0,0,1,0
a010,q11,transactional,v018,C,0,0,a010-q11-r000,0,valid,0,0,1,0
a010,q11,transactional,v019,C,0,0,a010-q11-r000,0,valid,0,0,1,0
a010,q11,transactional,v020,C,0,0,a010-q11-r000,0,valid,0,0,1,0
a010,q11,transactional,v021,D,0,0,a010-q11-r000,0,valid,0,0,1,0
a010,q11,transactional,v022,D,0,0,a010-q11-r000,0,valid,0,0,1,0
a010,q11,transactional,v023,C,0,0,a010-q11-r000,0,valid,0,0,1,0
a010,q11,transactional,v024,C,0,0,a010-q11-r000,0,valid,0,0,1,0
a010,q11,transactional,v025,D,0,0,a010-q11-r000,0,valid,0,0,1,0
a010,q11,transactional,v026,B,0,0,a010-q11-r000,0,valid,0,0,1,0
a010,q11,transactional,v027,A,0,0,a010-q11-r000,0,valid,0,0,1,0
a010,q11,transactional,v028,C,0,0,a010-q11-r000,0,valid,0,0,1,0
a010,q11,transactional,v029,B,0,0,a010-q11-r000,0,valid,0,0,1,0
a010,q11,transactional,v030,B,0,0,a010-q11-r000,0,valid,0,0,1,0
a010,q11,transactional,v031,A,0,0,a010-q11-r000,0,valid,0,0,1,0
a010,q11,transactional,v032,A,0,0,a010-q11-r000,0,valid,0,0,1,0
a010,q12,transactional,v001,A,0,0,a010-q12-r000,0,valid,0,0,1,0
a010,q12,transactional,v002,D,0,0,a010-q12-r000,0,valid,0,0,1,0
a010,q12,transactional,v003,B,0,0,a010-q12-r000,0,valid,0,0,1,0
a010,q12,transactional,v004,A,0,0,a010-q12-r000,0,valid,0,0,1,0
a010,q12,transactional,v005,D,0,0,a010-q12-r000,0,valid,0,0,1,0
a010,q12,transactional,v006,B,0,0,a010-q12-r000,0,valid,0,0,1,0
a010,q12,transactional,v007,B,0,0,a010-q12-r000,0,valid,0,0,1,0
a010,q12,transactional,v008,D,0,0,a010-q12-r000,0,valid,0,0,1,0
a010,q12,transactional,v009,C,0,0,a010-q12-r000,0,valid,0,0,1,0
a010,q12,transactional,v010,D,0,0,a010-q12-r000,0,valid,0,0,1,0
a010,q12,transactional,v011,D,0,0,a010-q12-r000,0,valid,0,0,1,0
a010,q12,transactional,v012,B,0,0,a010-q12-r000,0,valid,0,0,1,0
a010,q12,transactional,v013,B,0,0,a010-q12-r000,0,valid,0,0,1,0
a010,q12,transactional,v014,A,0,0,a010-q12-r000,0,valid,0,0,1,0
a010,q12,transactional,v015,C,0,0,a010-q12-r000,0,valid,0,0,1,0
a010,q12,transactional,v016,A,0,0,a010-q12-r000,0,valid,0,0,1,0
a010,q12,transactional,v017,A,0,0,a010-q12-r000,0,valid,0,0,1,0
a010,q12,transactional,v018,C,0,0,a010-q12-r000,0,valid,0,0,1,0
a010,q12,transactional,v019,C,0,0,a010-q12-r000,0,valid,0,0,1,0
a010,q12,transactional,v020,C,0,0,a010-q12-r000,0,valid,0,0,1,0
a010,q12,transactional,v021,D,0,0,a010-q12-r000,0,valid,0,0,1,0
a010,q12,transactional,v022,D,0,0,a010-q12-r000,0,valid,0,0,1,0
a010,q12,transactional,v023,C,0,0,a010-q12-r000,0,valid,0,0,1,0
a010,q12,transactional,v024,C,0,0,a010-q12-r000,0,valid,0,0,1,0
a010,q12,transactional,v025,D,0,0,a010-q12-r000,0,valid,0,0,1,0
a010,q12,transactional,v026,B,0,0,a010-q12-r000,0,valid,0,0,1,0
a010,q12,transactional,v027,A,0,0,a010-q12-r000,0,valid,0,0,1,0
a010,q12,transactional,v028,C,0,0,a010-q12-r000,0,valid,0,0,1,0
a010,q12,transactional,v029,B,0,0,a010-q12-r000,0,valid,0,0,1,0
a010,q12,transactional,v030,B,0,0,a010-q12-r000,0,valid,0,0,1,0
a010,q12,transactional,v031,A,0,0,a010-q12-r000,0,valid,0,0,1,0
a010,q12,transactional,v032,A,0,0,a010-q12-r000,0,valid,0,0,1,0
a010,q13,evaluative,v001,A,0,0,a010-q13-r000,0,valid,0,0,1,0
a010,q13,evaluative,v002,D,0,0,a010-q13-r000,0,valid,0,0,1,0
a010,q13,evaluative,v003,B,0,0,a010-q13-r000,0,valid,0,0,1,0
a010,q13,evaluative,v004,A,0,0,a010-q13-r000,0,valid,0,0,1,0
a010,q13,evaluative,v005,D,0,0,a010-q13-r000,0,valid,0,0,1,0
a010,q13,evaluative,v006,B,0,0,a010-q13-r000,0,valid,0,0,1,0
a010,q13,evaluative,v007,B,0,0,a010-q13-r000,0,valid,0,0,1,0
a010,q13,evaluative,v008,D,0,0,a010-q13-r000,0,valid,0,0,1,0
a010,q13,evaluative,v009,C,0,0,a010-q13-r000,0,valid,0,0,1,0
a010,q13,evaluative,v010,D,0,0,a010-q13-r000,0,valid,0,0,1,0
a010,q13,evaluative,v011,D,0,0,a010-q13-r000,0,valid,0,0,1,0
a010,q13,evaluative,v012,B,0,0,a010-q13-r000,0,valid,0,0,1,0
a010,q13,evaluative,v013,B,0,0,a010-q13-r000,0,valid,0,0,1,0
a010,q13,evaluative,v014,A,0,0,a010-q13-r000,0,valid,0,0,1,0
a010,q13,evaluative,v015,C,0,0,a010-q13-r000,0,valid,0,0,1,0
a010,q13,evaluative,v016,A,0,0,a010-q13-r000,0,valid,0,0,1,0
a010,q13,evaluative,v017,A,0,0,a010-q13-r000,0,valid,0,0,1,0
a010,q13,evaluative,v018,C,0,0,a010-q13-r000,0,valid,0,0,1,0
a010,q13,evaluative,v019,C,0,0,a010-q13-r000,0,valid,0,0,1,0
a010,q13,evaluative,v020,C,0,0,a010-q13-r000,0,valid,0,0,1,0
a010,q13,evaluative,v021,D,0,0,a010-q13-r000,0,valid,0,0,1,0
a010,q13,evaluative,v022,D,0,0,a010-q13-r000,0,valid,0,0,1,0
a010,q13,evaluative,v023,C,0,0,a010-q13-r000,0,valid,0,0,1,0
a010,q13,evaluative,v024,C,0,0,a010-q13-r000,0,valid,0,0,1,0
a010,q13,evaluative,v025,D,0,0,a010-q13-r000,0,valid,0,0,1,0
a010,q13,evaluative,v026,B,0,0,a010-q13-r000,0,valid,0,0,1,0
a010,q13,evaluative,v027,A,0,0,a010-q13-r000,0,valid,0,0,1,0
a010,q13,evaluative,v028,C,0,0,a010-q13-r000,0,valid,0,0,1,0
a010,q13,evaluative,v029,B,0,0,a010-q13-r000,0,valid,0,0,1,0
a010,q13,evaluative,v030,B,0,0,a010-q13-r000,0,valid,0,0,1,0
a010,q13,evaluative,v031,A,0,0,a010-q13-r000,0,valid,0,0,1,0
a010,q13,evaluative,v032,A,0,0,a010-q13-r000,0,valid,0,0,1,0
a010,q14,evaluative,v001,A,0,0,a010-q14-r000,0,valid,0,0,1,0
a010,q14,evaluative,v002,D,0,0,a010-q14-r000,0,valid,0,0,1,0
a010,q14,evaluative,v003,B,0,0,a010-q14-r000,0,valid,0,0,1,0
a010,q14,evaluative,v004,A,0,0,a010-q14-r000,0,valid,0,0,1,0
a010,q14,evaluative,v005,D,0,0,a010-q14-r000,0,valid,0,0,1,0
a010,q14,evaluative,v006,B,0,0,a010-q14-r000,0,valid,0,0,1,0
a010,q14,evaluative,v007,B,0,0,a010-q14-r000,0,valid,0,0,1,0
a010,q14,evaluative,v008,D,0,0,a010-q14-r000,0,valid,0,0,1,0
a010,q14,evaluative,v009,C,0,0,a010-q14-r000,0,valid,0,0,1,0
a010,q14,evaluative,v010,D,0,0,a010-q14-r000,0,valid,0,0,1,0
a010,q14,evaluative,v011,D,0,0,a010-q14-r000,0,valid,0,0,1,0
a010,q14,evaluative,v012,B,0,0,a010-q14-r000,0,valid,0,0,1,0
a010,q14,evaluative,v013,B,0,0,a010-q14-r000,0,valid,0,0,1,0
a010,q14,evaluative,v014,A,0,0,a010-q14-r000,0,valid,0,0,1,0
a010,q14,evaluative,v015,C,0,0,a010-q14-r000,0,valid,0,0,1,0
a010,q14,evaluative,v016,A,0,0,a010-q14-r000,0,valid,0,0,1,0
a010,q14,evaluative,v017,A,0,0,a010-q14-r000,0,valid,0,0,1,0
a010,q14,evaluative,v018,C,0,0,a010-q14-r000,0,valid,0,0,1,0
a010,q14,evaluative,v019,C,0,0,a010-q14-r000,0,valid,0,0,1,0
a010,q14,evaluative,v020,C,0,0,a010-q14-r000,0,valid,0,0,1,0
a010,q14,evaluative,v021,D,0,0,a010-q14-r000,0,valid,0,0,1,0
a010,q14,evaluative,v022,D,0,0,a010-q14-r000,0,valid,0,0,1,0
a010,q14,evaluative,v023,C,0,0,a010-q14-r000,0,valid,0,0,1,0
a010,q14,evaluative,v024,C,0,0,a010-q14-r000,0,valid,0,0,1,0
a010,q14,evaluative,v025,D,0,0,a010-q14-r000,0,valid,0,0,1,0
a010,q14,evaluative,v026,B,0,0,a010-q14-r000,0,valid,0,0,1,0
a010,q14,evaluative,v027,A,0,0,a010-q14-r000,0,valid,0,0,1,0
a010,q14,evaluative,v028,C,0,0,a010-q14-r000,0,valid,0,0,1,0
a010,q14,evaluative,v029,B,0,0,a010-q14-r000,0,valid,0,0,1,0
a010,q14,evaluative,v030,B,0,0,a010-q14-r000,0,valid,0,0,1,0
a010,q14,evaluative,v031,A,0,0,a010-q14-r000,0,valid,0,0,1,0
a010,q14,evaluative,v032,A,0,0,a010-q14-r000,0,valid,0,0,1,0
a010,q15,evaluative,v001,A,0,0,a010-q15-r000,0,valid,0,0,0,0
a010,q15,evaluative,v002,D,0,0,a010-q15-r000,0,valid,0,0,0,0
a010,q15,evaluative,v003,B,0,0,a010-q15-r000,0,valid,0,0,0,0
a010,q15,evaluative,v004,A,0,0,a010-q15-r000,0,valid,0,0,0,0
a010,q15,evaluative,v005,D,0,0,a010-q15-r000,0,valid,0,0,0,0
a010,q15,evaluative,v006,B,0,0,a010-q15-r000,0,valid,0,0,0,0
a010,q15,evaluative,v007,B,0,0,a010-q15-r000,0,valid,0,0,0,0
a010,q15,evaluative,v008,D,0,0,a010-q15-r000,0,valid,0,0,0,0
a010,q15,evaluative,v009,C,0,0,a010-q15-r000,0,valid,0,0,0,0
a010,q15,evaluative,v010,D,0,0,a010-q15-r000,0,valid,0,0,0,0
a010,q15,evaluative,v011,D,0,0,a010-q15-r000,0,valid,0,0,0,0
a010,q15,evaluative,v012,B,0,0,a010-q15-r000,0,valid,0,0,0,0
a010,q15,evaluative,v013,B,0,0,a010-q15-r000,0,valid,0,0,0,0
a010,q15,evaluative,v014,A,0,0,a010-q15-r000,0,valid,0,0,0,0
a010,q15,evaluative,v015,C,0,0,a010-q15-r000,0,valid,0,0,0,0
a010,q15,evaluative,v016,A,1,1,a010-q15-r000,0,valid,1,1,0,0
a010,q15,evaluative,v017,A,0,0,a010-q15-r000,0,valid,0,0,0,0
a010,q15,evaluative,v018,C,0,0,a010-q15-r000,0,valid,0,0,0,0
a010,q15,evaluative,v019,C,0,0,a010-q15-r000,0,valid,0,0,0,0
a010,q15,evaluative,v020,C,0,0,a010-q15-r000,0,valid,0,0,0,0
a010,q15,evaluative,v021,D,0,0,a010-q15-r000,0,valid,0,0,0,0
a010,q15,evaluative,v022,D,0,0,a010-q15-r000,0,valid,0,0,0,0
a010,q15,evaluative,v023,C,0,0,a010-q15-r000,0,valid,0,0,0,0
a010,q15,evaluative,v024,C,0,0,a010-q15-r000,0,valid,0,0,0,0
a010,q15,evaluative,v025,D,0,0,a010-q15-r000,0,valid,0,0,0,0
a010,q15,evaluative,v026,B,0,0,a010-q15-r000,0,valid,0,0,0,0
a010,q15,evaluative,v027,A,1,1,a010-q15-r000,0,valid,1,1,0,0
a010,q15,evaluative,v028,C,0,0,a010-q15-r000,0,valid,0,0,0,0
a010,q15,evaluative,v029,B,0,0,a010-q15-r000,0,valid,0,0,0,0
a010,q15,evaluative,v030,B,0,0,a010-q15-r000,0,valid,0,0,0,0
a010,q15,evaluative,v031,A,0,0,a010-q15-r000,0,valid,0,0,0,0
a010,q15,evaluative,v032,A,0,0,a010-q15-r000,0,valid,0,0,0,0
a010,q16,evaluative,v001,A,0,0,a010-q16-r000,0,valid,0,0,0,0
a010,q16,evaluative,v002,D,0,0,a010-q16-r000,0,valid,0,0,0,0
a010,q16,evaluative,v003,B,0,0,a010-q16-r000,0,valid,0,0,0,0
a010,q16,evaluative,v004,A,1,1,a010-q16-r000,0,valid,0,0,0,0
a010,q16,evaluative,v005,D,0,0,a010-q16-r000,0,valid,0,0,0,0
a010,q16,evaluative,v006,B,0,0,a010-q16-r000,0,valid,0,0,0,0
a010,q16,evaluative,v007,B,0,0,a010-q16-r000,0,valid,0,0,0,0
a010,q16,evaluative,v008,D,1,1,a010-q16-r000,0,valid,1,1,0,0
a010,q16,evaluative,v009,C,0,0,a010-q16-r000,0,valid,0,0,0,0
a010,q16,evaluative,v010,D,0,0,a010-q16-r000,0,valid,0,0,0,0
a010,q16,evaluative,v011,D,0,0,a010-q16-r000,0,valid,0,0,0,0
a010,q16,evaluative,v012,B,1,1,a010-q16-r000,0,valid,1,1,0,0
a010,q16,evaluative,v013,B,0,0,a010-q16-r000,0,valid,0,0,0,0
a010,q16,evaluative,v014,A,0,0,a010-q16-r000,0,valid,0,0,0,0
a010,q16,evaluative,v015,C,0,0,a010-q16-r000,0,valid,0,0,0,0
a010,q16,evaluative,v016,A,1,1,a010-q16-r000,0,valid,1,1,0,0
a010,q16,evaluative,v017,A,0,0,a010-q16-r000,0,valid,0,0,0,0
a010,q16,evaluative,v018,C,0,0,a010-q16-r000,0,valid,0,0,0,0
a010,q16,evaluative,v019,C,0,0,a010-q16-r000,0,valid,0,0,0,0
a010,q16,evaluative,v020,C,0,0,a010-q16-r000,0,valid,0,0,0,0
a010,q16,evaluative,v021,D,0,0,a010-q16-r000,0,valid,0,0,0,0
a010,q16,evaluative,v022,D,0,0,a010-q16-r000,0,valid,0,0,0,0
a010,q16,evaluative,v023,C,0,0,a010-q16-r000,0,valid,0,0,0,0
a010,q16,evaluative,v024,C,0,0,a010-q16-r000,0,valid,0,0,0,0
a010,q16,evaluative,v025,D,0,0,a010-q16-r000,0,valid,0,0,0,0
a010,q16,evaluative,v026,B,0,0,a010-q16-r000,0,valid,0,0,0,0
a010,q16,evaluative,v027,A,0,0,a010-q16-r000,0,valid,0,0,0,0
a010,q16,evaluative,v028,C,0,0,a010-q16-r000,0,valid,0,0,0,0
a010,q16,evaluative,v029,B,0,0,a010-q16-r000,0,valid,0,0,0,0
a010,q16,evaluative,v030,B,0,0,a010-q16-r000,0,valid,0,0,0,0
a010,q16,evaluative,v031,A,0,0,a010-q16-r000,0,valid,0,0,0,0
a010,q16,evaluative,v032,A,1,1,a010-q16-r000,0,valid,0,0,0,0
a010,q17,evaluative,v001,A,0,0,a010-q17-r000,0,valid,0,0,0,0
a010,q17,evaluative,v002,D,0,0,a010-q17-r000,0,valid,0,0,0,0
a010,q17,evaluative,v003,B,0,0,a010-q17-r000,0,valid,0,0,0,0
a010,q17,evaluative,v004,A,1,1,a010-q17-r000,0,valid,0,0,0,0
a010,q17,evaluative,v005,D,0,0,a010-q17-r000,0,valid,0,0,0,0
a010,q17,evaluative,v006,B,0,0,a010-q17-r000,0,valid,0,0,0,0
a010,q17,evaluative,v007,B,0,0,a010-q17-r000,0,valid,0,0,0,0
a010,q17,evaluative,v008,D,1,1,a010-q17-r000,0,valid,1,1,0,0
a010,q17,evaluative,v009,C,0,0,a010-q17-r000,0,valid,0,0,0,0
a010,q17,evaluative,v010,D,0,0,a010-q17-r000,0,valid,0,0,0,0
a010,q17,evaluative,v011,D,0,0,a010-q17-r000,0,valid,0,0,0,0
a010,q17,evaluative,v012,B,1,1,a010-q17-r000,0,valid,1,1,0,0
a010,q17,evaluative,v013,B,0,0,a010-q17-r000,0,valid,0,0,0,0
a010,q17,evaluative,v014,A,0,0,a010-q17-r000,0,valid,0,0,0,0
a010,q17,evaluative,v015,C,0,0,a010-q17-r000,0,valid,0,0,0,0
a010,q17,evaluative,v016,A,1,1,a010-q17-r000,0,valid,1,1,0,0
a010,q17,evaluative,v017,A,0,0,a010-q17-r000,0,valid,0,0,0,0
a010,q17,evaluative,v018,C,0,0,a010-q17-r000,0,valid,0,0,0,0
a010,q17,evaluative,v019,C,0,0,a010-q17-r000,0,valid,0,0,0,0
a010,q17,evaluative,v020,C,0,0,a010-q17-r000,0,valid,0,0,0,0
a010,q17,evaluative,v021,D,0,0,a010-q17-r000,0,valid,0,0,0,0
a010,q17,evaluative,v022,D,0,0,a010-q17-r000,0,valid,0,0,0,0
a010,q17,evaluative,v023,C,0,0,a010-q17-r000,0,valid,0,0,0,0
a010,q17,evaluative,v024,C,0,0,a010-q17-r000,0,valid,0,0,0,0
a010,q17,evaluative,v025,D,0,0,a010-q17-r000,0,valid,0,0,0,0
a010,q17,evaluative,v026,B,0,0,a010-q17-r000,0,valid,0,0,0,0
a010,q17,evaluative,v027,A,0,0,a010-q17-r000,0,valid,0,0,0,0
a010,q17,evaluative,v028,C,0,0,a010-q17-r000,0,valid,0,0,0,0
a010,q17,evaluative,v029,B,0,0,a010-q17-r000,0,valid,0,0,0,0
a010,q17,evaluative,v030,B,0,0,a010-q17-r000,0,valid,0,0,0,0
a010,q17,evaluative,v031,A,0,0,a010-q17-r000,0,valid,0,0,0,0
a010,q17,evaluative,v032,A,1,1,a010-q17-r000,0,valid,0,0,0,0
a010,q18,evaluative,v001,A,0,0,a010-q18-r000,0,valid,0,0,1,0
a010,q18,evaluative,v002,D,0,0,a010-q18-r000,0,valid,0,0,1,0
a010,q18,evaluative,v003,B,0,0,a010-q18-r000,0,valid,0,0,1,0
a010,q18,evaluative,v004,A,0,0,a010-q18-r000,0,valid,0,0,1,0
a010,q18,evaluative,v005,D,0,0,a010-q18-r000,0,valid,0,0,1,0
a010,q18,evaluative,v006,B,0,0,a010-q18-r000,0,valid,0,0,1,0
a010,q18,evaluative,v007,B,0,0,a010-q18-r000,0,valid,0,0,1,0
a010,q18,evaluative,v008,D,0,0,a010-q18-r000,0,valid,0,0,1,0
a010,q18,evaluative,v009,C,0,0,a010-q18-r000,0,valid,0,0,1,0
a010,q18,evaluative,v010,D,0,0,a010-q18-r000,0,valid,0,0,1,0
a010,q18,evaluative,v011,D,0,0,a010-q18-r000,0,valid,0,0,1,0
a010,q18,evaluative,v012,B,0,0,a010-q18-r000,0,valid,0,0,1,0
a010,q18,evaluative,v013,B,0,0,a010-q18-r000,0,valid,0,0,1,0
a010,q18,evaluative,v014,A,0,0,a010-q18-r000,0,valid,0,0,1,0
a010,q18,evaluative,v015,C,0,0,a010-q18-r000,0,valid,0,0,1,0
a010,q18,evaluative,v016,A,0,0,a010-q18-r000,0,valid,0,0,1,0
a010,q18,evaluative,v017,A,0,0,a010-q18-r000,0,valid,0,0,1,0
a010,q18,evaluative,v018,C,0,0,a010-q18-r000,0,valid,0,0,1,0
a010,q18,evaluative,v019,C,0,0,a010-q18-r000,0,valid,0,0,1,0
a010,q18,evaluative,v020,C,0,0,a010-q18-r000,0,valid,0,0,1,0
a010,q18,evaluative,v021,D,0,0,a010-q18-r000,0,valid,0,0,1,0
a010,q18,evaluative,v022,D,0,0,a010-q18-r000,0,valid,0,0,1,0
a010,q18,evaluative,v023,C,0,0,a010-q18-r000,0,valid,0,0,1,0
a010,q18,evaluative,v024,C,0,0,a010-q18-r000,0,valid,0,0,1,0
a010,q18,evaluative,v025,D,0,0,a010-q18-r000,0,valid,0,0,1,0
a010,q18,evaluative,v026,B,0,0,a010-q18-r000,0,valid,0,0,1,0
a010,q18,evaluative,v027,A,0,0,a010-q18-r000,0,valid,0,0,1,0
a010,q18,evaluative,v028,C,0,0,a010-q18-r000,0,valid,0,0,1,0
a010,q18,evaluative,v029,B,0,0,a010-q18-r000,0,valid,0,0,1,0
a010,q18,evaluative,v030,B,0,0,a010-q18-r000,0,valid,0,0,1,0
a010,q18,evaluative,v031,A,0,0,a010-q18-r000,0,valid,0,0,1,0
a010,q18,evaluative,v032,A,0,0,a010-q18-r000,0,valid,0,0,1,0
a010,q19,evaluative,v001,A,0,0,a010-q19-r000,0,valid,0,0,1,0
a010,q19,evaluative,v002,D,0,0,a010-q19-r000,0,valid,0,0,1,0
a010,q19,evaluative,v003,B,0,0,a010-q19-r000,0,valid,0,0,1,0
a010,q19,evaluative,v004,A,0,0,a010-q19-r000,0,valid,0,0,1,0
a010,q19,evaluative,v005,D,0,0,a010-q19-r000,0,valid,0,0,1,0
a010,q19,evaluative,v006,B,0,0,a010-q19-r000,0,valid,0,0,1,0
a010,q19,evaluative,v007,B,0,0,a010-q19-r000,0,valid,0,0,1,0
a010,q19,evaluative,v008,D,0,0,a010-q19-r000,0,valid,0,0,1,0
a010,q19,evaluative,v009,C,0,0,a010-q19-r000,0,valid,0,0,1,0
a010,q19,evaluative,v010,D,0,0,a010-q19-r000,0,valid,0,0,1,0
a010,q19,evaluative,v011,D,0,0,a010-q19-r000,0,valid,0,0,1,0
a010,q19,evaluative,v012,B,0,0,a010-q19-r000,0,valid,0,0,1,0
a010,q19,evaluative,v013,B,0,0,a010-q19-r000,0,valid,0,0,1,0
a010,q19,evaluative,v014,A,0,0,a010-q19-r000,0,valid,0,0,1,0
a010,q19,evaluative,v015,C,0,0,a010-q19-r000,0,valid,0,0,1,0
a010,q19,evaluative,v016,A,0,0,a010-q19-r000,0,valid,0,0,1,0
a010,q19,evaluative,v017,A,0,0,a010-q19-r000,0,valid,0,0,1,0
a010,q19,evaluative,v018,C,0,0,a010-q19-r000,0,valid,0,0,1,0
a010,q19,evaluative,v019,C,0,0,a010-q19-r000,0,valid,0,0,1,0
a010,q19,evaluative,v020,C,0,0,a010-q19-r000,0,valid,0,0,1,0
a010,q19,evaluative,v021,D,0,0,a010-q19-r000,0,valid,0,0,1,0
a010,q19,evaluative,v022,D,0,0,a010-q19-r000,0,valid,0,0,1,0
a010,q19,evaluative,v023,C,0,0,a010-q19-r000,0,valid,0,0,1,0
a010,q19,evaluative,v024,C,0,0,a010-q19-r000,0,valid,0,0,1,0
a010,q19,evaluative,v025,D,0,0,a010-q19-r000,0,valid,0,0,1,0
a010,q19,evaluative,v026,B,0,0,a010-q19-r000,0,valid,0,0,1,0
a010,q19,evaluative,v027,A,0,0,a010-q19-r000,0,valid,0,0,1,0
a010,q19,evaluative,v028,C,0,0,a010-q19-r000,0,valid,0,0,1,0
a010,q19,evaluative,v029,B,0,0,a010-q19-r000,0,valid,0,0,1,0
a010,q19,evaluative,v030,B,0,0,a010-q19-r000,0,valid,0,0,1,0
a010,q19,evaluative,v031,A,0,0,a010-q19-r000,0,valid,0,0,1,0
a010,q19,evaluative,v032,A,0,0,a010-q19-r000,0,valid,0,0,1,0
a010,q20,evaluative,v001,A,0,0,a010-q20-r000,0,valid,0,0,0,0
a010,q20,evaluative,v002,D,0,0,a010-q20-r000,0,valid,0,0,0,0
a010,q20,evaluative,v003,B,0,0,a010-q20-r000,0,valid,0,0,0,0
a010,q20,evaluative,v004,A,0,0,a010-q20-r000,0,valid,0,0,0,0
a010,q20,evaluative,v005,D,1,1,a010-q20-r000,0,valid,1,1,0,0
a010,q20,evaluative,v006,B,0,0,a010-q20-r000,0,valid,0,0,0,0
a010,q20,evaluative,v007,B,0,0,a010-q20-r000,0,valid,0,0,0,0
a010,q20,evaluative,v008,D,0,0,a010-q20-r000,0,valid,0,0,0,0
a010,q20,evaluative,v009,C,0,0,a010-q20-r000,0,valid,0,0,0,0
a010,q20,evaluative,v010,D,0,0,a010-q20-r000,0,valid,0,0,0,0
a010,q20,evaluative,v011,D,0,0,a010-q20-r000,0,valid,0,0,0,0
a010,q20,evaluative,v012,B,0,0,a010-q20-r000,0,valid,0,0,0,0
a010,q20,evaluative,v013,B,1,1,a010-q20-r000,0,valid,1,1,0,0
a010,q20,evaluative,v014,A,0,0,a010-q20-r000,0,valid,0,0,0,0
a010,q20,evaluative,v015,C,0,0,a010-q20-r000,0,valid,0,0,0,0
a010,q20,evaluative,v016,A,0,0,a010-q20-r000,0,valid,0,0,0,0
a010,q20,evaluative,v017,A,0,0,a010-q20-r000,0,valid,0,0,0,0
a010,q20,evaluative,v018,C,0,0,a010-q20-r000,0,valid,0,0,0,0
a010,q20,evaluative,v019,C,0,0,a010-q20-r000,0,valid,0,0,0,0
a010,q20,evaluative,v020,C,0,0,a010-q20-r000,0,valid,0,0,0,0
a010,q20,evaluative,v021,D,0,0,a010-q20-r000,0,valid,0,0,0,0
a010,q20,evaluative,v022,D,0,0,a010-q20-r000,0,valid,0,0,0,0
a010,q20,evaluative,v023,C,0,0,a010-q20-r000,0,valid,0,0,0,0
a010,q20,evaluative,v024,C,0,0,a010-q20-r000,0,valid,0,0,0,0
a010,q20,evaluative,v025,D,0,0,a010-q20-r000,0,valid,0,0,0,0
a010,q20,evaluative,v026,B,0,0,a010-q20-r000,0,valid,0,0,0,0
a010,q20,evaluative,v027,A,0,0,a010-q20-r000,0,valid,0,0,0,0
a010,q20,evaluative,v028,C,0,0,a010-q20-r000,0,valid,0,0,0,0
a010,q20,evaluative,v029,B,0,0,a010-q20-r000,0,valid,0,0,0,0
a010,q20,evaluative,v030,B,0,0,a010-q20-r000,0,valid,0,0,0,0
a010,q20,evaluative,v031,A,0,0,a010-q20-r000,0,valid,0,0,0,0
a010,q20,evaluative,v032,A,0,0,a010-q20-r000,0,valid,0,0,0,0
a010,q21,evaluative,v001,A,0,0,a010-q21-r000,0,valid,0,0,1,0
a010,q21,evaluative,v002,D,0,0,a010-q21-r000,0,valid,0,0,1,0
a010,q21,evaluative,v003,B,0,0,a010-q21-r000,0,valid,0,0,1,0
a010,q21,evaluative,v004,A,0,0,a010-q21-r000,0,valid,0,0,1,0
a010,q21,evaluative,v005,D,0,0,a010-q21-r000,0,valid,0,0,1,0
a010,q21,evaluative,v006,B,0,0,a010-q21-r000,0,valid,0,0,1,0
a010,q21,evaluative,v007,B,0,0,a010-q21-r000,0,valid,0,0,1,0
a010,q21,evaluative,v008,D,0,0,a010-q21-r000,0,valid,0,0,1,0
a010,q21,evaluative,v009,C,0,0,a010-q21-r000,0,valid,0,0,1,0
a010,q21,evaluative,v010,D,0,0,a010-q21-r000,0,valid,0,0,1,0
a010,q21,evaluative,v011,D,0,0,a010-q21-r000,0,valid,0,0,1,0
a010,q21,evaluative,v012,B,0,0,a010-q21-r000,0,valid,0,0,1,0
a010,q21,evaluative,v013,B,0,0,a010-q21-r000,0,valid,0,0,1,0
a010,q21,evaluative,v014,A,0,0,a010-q21-r000,0,valid,0,0,1,0
a010,q21,evaluative,v015,C,0,0,a010-q21-r000,0,valid,0,0,1,0
a010,q21,evaluative,v016,A,0,0,a010-q21-r000,0,valid,0,0,1,0
a010,q21,evaluative,v017,A,0,0,a010-q21-r000,0,valid,0,0,1,0
a010,q21,evaluative,v018,C,0,0,a010-q21-r000,0,valid,0,0,1,0
a010,q21,evaluative,v019,C,0,0,a010-q21-r000,0,valid,0,0,1,0
a010,q21,evaluative,v020,C,0,0,a010-q21-r000,0,valid,0,0,1,0
a010,q21,evaluative,v021,D,0,0,a010-q21-r000,0,valid,0,0,1,0
a010,q21,evaluative,v022,D,0,0,a010-q21-r000,0,valid,0,0,1,0
a010,q21,evaluative,v023,C,0,0,a010-q21-r000,0,valid,0,0,1,0
a010,q21,evaluative,v024,C,0,0,a010-q21-r000,0,valid,0,0,1,0
a010,q21,evaluative,v025,D,0,0,a010-q21-r000,0,valid,0,0,1,0
a010,q21,evaluative,v026,B,0,0,a010-q21-r000,0,valid,0,0,1,0
a010,q21,evaluative,v027,A,0,0,a010-q21-r000,0,valid,0,0,1,0
a010,q21,evaluative,v028,C,0,0,a010-q21-r000,0,valid,0,0,1,0
a010,q21,evaluative,v029,B,0,0,a010-q21-r000,0,valid,0,0,1,0
a010,q21,evaluative,v030,B,0,0,a010-q21-r000,0,valid,0,0,1,0
a010,q21,evaluative,v031,A,0,0,a010-q21-r000,0,valid,0,0,1,0
a010,q21,evaluative,v032,A,0,0,a010-q21-r000,0,valid,0,0,1,0
a010,q22,evaluative,v001,A,0,0,a010-q22-r000,0,valid,0,0,1,0
a010,q22,evaluative,v002,D,0,0,a010-q22-r000,0,valid,0,0,1,0
a010,q22,evaluative,v003,B,0,0,a010-q22-r000,0,valid,0,0,1,0
a010,q22,evaluative,v004,A,0,0,a010-q22-r000,0,valid,0,0,1,0
a010,q22,evaluative,v005,D,0,0,a010-q22-r000,0,valid,0,0,1,0
a010,q22,evaluative,v006,B,0,0,a010-q22-r000,0,valid,0,0,1,0
a010,q22,evaluative,v007,B,0,0,a010-q22-r000,0,valid,0,0,1,0
a010,q22,evaluative,v008,D,0,0,a010-q22-r000,0,valid,0,0,1,0
a010,q22,evaluative,v009,C,0,0,a010-q22-r000,0,valid,0,0,1,0
a010,q22,evaluative,v010,D,0,0,a010-q22-r000,0,valid,0,0,1,0
a010,q22,evaluative,v011,D,0,0,a010-q22-r000,0,valid,0,0,1,0
a010,q22,evaluative,v012,B,0,0,a010-q22-r000,0,valid,0,0,1,0
a010,q22,evaluative,v013,B,0,0,a010-q22-r000,0,valid,0,0,1,0
a010,q22,evaluative,v014,A,0,0,a010-q22-r000,0,valid,0,0,1,0
a010,q22,evaluative,v015,C,0,0,a010-q22-r000,0,valid,0,0,1,0
a010,q22,evaluative,v016,A,0,0,a010-q22-r000,0,valid,0,0,1,0
a010,q22,evaluative,v017,A,0,0,a010-q22-r000,0,valid,0,0,1,0
a010,q22,evaluative,v018,C,0,0,a010-q22-r000,0,valid,0,0,1,0
a010,q22,evaluative,v019,C,0,0,a010-q22-r000,0,valid,0,0,1,0
a010,q22,evaluative,v020,C,0,0,a010-q22-r000,0,valid,0,0,1,0
a010,q22,evaluative,v021,D,0,0,a010-q22-r000,0,valid,0,0,1,0
a010,q22,evaluative,v022,D,0,0,a010-q22-r000,0,valid,0,0,1,0
a010,q22,evaluative,v023,C,0,0,a010-q22-r000,0,valid,0,0,1,0
a010,q22,evaluative,v024,C,0,0,a010-q22-r000,0,valid,0,0,1,0
a010,q22,evaluative,v025,D,0,0,a010-q22-r000,0,valid,0,0,1,0
a010,q22,evaluative,v026,B,0,0,a010-q22-r000,0,valid,0,0,1,0
a010,q22,evaluative,v027,A,0,0,a010-q22-r000,0,valid,0,0,1,0
a010,q22,evaluative,v028,C,0,0,a010-q22-r000,0,valid,0,0,1,0
a010,q22,evaluative,v029,B,0,0,a010-q22-r000,0,valid,0,0,1,0
a010,q22,evaluative,v030,B,0,0,a010-q22-r000,0,valid,0,0,1,0
a010,q22,evaluative,v031,A,0,0,a010-q22-r000,0,valid,0,0,1,0
a010,q22,evaluative,v032,A,0,0,a010-q22-r000,0,valid,0,0,1,0
a010,q23,evaluative,v001,A,0,0,a010-q23-r000,0,valid,0,0,0,0
a010,q23,evaluative,v002,D,0,0,a010-q23-r000,0,valid,0,0,0,0
a010,q23,evaluative,v003,B,0,0,a010-q23-r000,0,valid,0,0,0,0
a010,q23,evaluative,v004,A,0,0,a010-q23-r000,0,valid,0,0,0,0
a010,q23,evaluative,v005,D,0,0,a010-q23-r000,0,valid,0,0,0,0
a010,q23,evaluative,v006,B,0,0,a010-q23-r000,0,valid,0,0,0,0
a010,q23,evaluative,v007,B,1,1,a010-q23-r000,0,valid,1,1,0,0
a010,q23,evaluative,v008,D,0,0,a010-q23-r000,0,valid,0,0,0,0
a010,q23,evaluative,v009,C,0,0,a010-q23-r000,0,valid,0,0,0,0
a010,q23,evaluative,v010,D,0,0,a010-q23-r000,0,valid,0,0,0,0
a010,q23,evaluative,v011,D,0,0,a010-q23-r000,0,valid,0,0,0,0
a010,q23,evaluative,v012,B,0,0,a010-q23-r000,0,valid,0,0,0,0
a010,q23,evaluative,v013,B,0,0,a010-q23-r000,0,valid,0,0,0,0
a010,q23,evaluative,v014,A,0,0,a010-q23-r000,0,valid,0,0,0,0
a010,q23,evaluative,v015,C,0,0,a010-q23-r000,0,valid,0,0,0,0
a010,q23,evaluative,v016,A,0,0,a010-q23-r000,0,valid,0,0,0,0
a010,q23,evaluative,v017,A,0,0,a010-q23-r000,0,valid,0,0,0,0
a010,q23,evaluative,v018,C,0,0,a010-q23-r000,0,valid,0,0,0,0
a010,q23,evaluative,v019,C,0,0,a010-q23-r000,0,valid,0,0,0,0
a010,q23,evaluative,v020,C,0,0,a010-q23-r000,0,valid,0,0,0,0
a010,q23,evaluative,v021,D,0,0,a010-q23-r000,0,valid,0,0,0,0
a010,q23,evaluative,v022,D,0,0,a010-q23-r000,0,valid,0,0,0,0
a010,q23,evaluative,v023,C,0,0,a010-q23-r000,0,valid,0,0,0,0
a010,q23,evaluative,v024,C,0,0,a010-q23-r000,0,valid,0,0,0,0
a010,q23,evaluative,v025,D,0,0,a010-q23-r000,0,valid,0,0,0,0
a010,q23,evaluative,v026,B,0,0,a010-q23-r000,0,valid,0,0,0,0
a010,q23,evaluative,v027,A,1,1,a010-q23-r000,0,valid,1,1,0,0
a010,q23,evaluative,v028,C,0,0,a010-q23-r000,0,valid,0,0,0,0
a010,q23,evaluative,v029,B,0,0,a010-q23-r000,0,valid,0,0,0,0
a010,q23,evaluative,v030,B,0,0,a010-q23-r000,0,valid,0,0,0,0
a010,q23,evaluative,v031,A,1,1,a010-q23-r000,0,valid,1,1,0,0
a010,q23,evaluative,v032,A,0,0,a010-q23-r000,0,valid,0,0,0,0
a010,q24,evaluative,v001,A,0,0,a010-q24-r000,0,valid,0,0,1,0
a010,q24,evaluative,v002,D,0,0,a010-q24-r000,0,valid,0,0,1,0
a010,q24,evaluative,v003,B,0,0,a010-q24-r000,0,valid,0,0,1,0
a010,q24,evaluative,v004,A,0,0,a010-q24-r000,0,valid,0,0,1,0
a010,q24,evaluative,v005,D,0,0,a010-q24-r000,0,valid,0,0,1,0
a010,q24,evaluative,v006,B,0,0,a010-q24-r000,0,valid,0,0,1,0
a010,q24,evaluative,v007,B,0,0,a010-q24-r000,0,valid,0,0,1,0
a010,q24,evaluative,v008,D,0,0,a010-q24-r000,0,valid,0,0,1,0
a010,q24,evaluative,v009,C,0,0,a010-q24-r000,0,valid,0,0,1,0
a010,q24,evaluative,v010,D,0,0,a010-q24-r000,0,valid,0,0,1,0
a010,q24,evaluative,v011,D,0,0,a010-q24-r000,0,valid,0,0,1,0
a010,q24,evaluative,v012,B,0,0,a010-q24-r000,0,valid,0,0,1,0
a010,q24,evaluative,v013,B,0,0,a010-q24-r000,0,valid,0,0,1,0
a010,q24,evaluative,v014,A,0,0,a010-q24-r000,0,valid,0,0,1,0
a010,q24,evaluative,v015,C,0,0,a010-q24-r000,0,valid,0,0,1,0
a010,q24,evaluative,v016,A,0,0,a010-q24-r000,0,valid,0,0,1,0
a010,q24,evaluative,v017,A,0,0,a010-q24-r000,0,valid,0,0,1,0
a010,q24,evaluative,v018,C,0,0,a010-q24-r000,0,valid,0,0,1,0
a010,q24,evaluative,v019,C,0,0,a010-q24-r000,0,valid,0,0,1,0
a010,q24,evaluative,v020,C,0,0,a010-q24-r000,0,valid,0,0,1,0
a010,q24,evaluative,v021,D,0,0,a010-q24-r000,0,valid,0,0,1,0
a010,q24,evaluative,v022,D,0,0,a010-q24-r000,0,valid,0,0,1,0
a010,q24,evaluative,v023,C,0,0,a010-q24-r000,0,valid,0,0,1,0
a010,q24,evaluative,v024,C,0,0,a010-q24-r000,0,valid,0,0,1,0
a010,q24,evaluative,v025,D,0,0,a010-q24-r000,0,valid,0,0,1,0
a010,q24,evaluative,v026,B,0,0,a010-q24-r000,0,valid,0,0,1,0
a010,q24,evaluative,v027,A,0,0,a010-q24-r000,0,valid,0,0,1,0
a010,q24,evaluative,v028,C,0,0,a010-q24-r000,0,valid,0,0,1,0
a010,q24,evaluative,v029,B,0,0,a010-q24-r000,0,valid,0,0,1,0
a010,q24,evaluative,v030,B,0,0,a010-q24-r000,0,valid,0,0,1,0
a010,q24,evaluative,v031,A,0,0,a010-q24-r000,0,valid,0,0,1,0
a010,q24,evaluative,v032,A,0,0,a010-q24-r000,0,valid,0,0,1,0
a011,q01,transactional,v001,D,0,0,a011-q01-r000,0,valid,0,0,1,0
a011,q01,transactional,v002,C,0,0,a011-q01-r000,0,valid,0,0,1,0
a011,q01,transactional,v003,B,0,0,a011-q01-r000,0,valid,0,0,1,0
a011,q01,transactional,v004,A,0,0,a011-q01-r000,0,valid,0,0,1,0
a011,q01,transactional,v005,D,0,0,a011-q01-r000,0,valid,0,0,1,0
a011,q01,transactional,v006,A,0,0,a011-q01-r000,0,valid,0,0,1,0
a011,q01,transactional,v007,B,0,0,a011-q01-r000,0,valid,0,0,1,0
a011,q01,transactional,v008,D,0,0,a011-q01-r000,0,valid,0,0,1,0
a011,q01,transactional,v009,D,0,0,a011-q01-r000,0,valid,0,0,1,0
a011,q01,transactional,v010,B,0,0,a011-q01-r000,0,valid,0,0,1,0
a011,q01,transactional,v011,B,0,0,a011-q01-r000,0,valid,0,0,1,0
a011,q01,transactional,v012,C,0,0,a011-q01-r000,0,valid,0,0,1,0
a011,q01,transactional,v013,C,0,0,a011-q01-r000,0,valid,0,0,1,0
a011,q01,transactional,v014,B,0,0,a011-q01-r000,0,valid,0,0,1,0
a011,q01,transactional,v015,B,0,0,a011-q01-r000,0,valid,0,0,1,0
a011,q01,transactional,v016,C,0,0,a011-q01-r000,0,valid,0,0,1,0
a011,q01,transactional,v017,D,0,0,a011-q01-r000,0,valid,0,0,1,0
a011,q01,transactional,v018,D,0,0,a011-q01-r000,0,valid,0,0,1,0
a011,q01,transactional,v019,D,0,0,a011-q01-r000,0,valid,0,0,1,0
a011,q01,transactional,v020,A,0,0,a011-q01-r000,0,valid,0,0,1,0
a011,q01,transactional,v021,C,0,0,a011-q01-r000,0,valid,0,0,1,0
a011,q01,transactional,v022,A,0,0,a011-q01-r000,0,valid,0,0,1,0
a011,q01,transactional,v023,C,0,0,a011-q01-r000,0,valid,0,0,1,0
a011,q01,transactional,v024,C,0,0,a011-q01-r000,0,valid,0,0,1,0
a011,q01,transactional,v025,A,0,0,a011-q01-r000,0,valid,0,0,1,0
a011,q01,transactional,v026,C,0,0,a011-q01-r000,0,valid,0,0,1,0
a011,q01,transactional,v027,A,0,0,a011-q01-r000,0,valid,0,0,1,0
a011,q01,transactional,v028,B,0,0,a011-q01-r000,0,valid,0,0,1,0
a011,q01,transactional,v029,A,0,0,a011-q01-r000,0,valid,0,0,1,0
a011,q01,transactional,v030,B,0,0,a011-q01-r000,0,valid,0,0,1,0
a011,q01,transactional,v031,D,0,0,a011-q01-r000,0,valid,0,0,1,0
a011,q01,transactional,v032,A,0,0,a011-q01-r000,0,valid,0,0,1,0
a011,q02,transactional,v001,D,0,0,a011-q02-r000,0,valid,0,0,1,0
a011,q02,transactional,v002,C,0,0,a011-q02-r000,0,valid,0,0,1,0
a011,q02,transactional,v003,B,0,0,a011-q02-r000,0,valid,0,0,1,0
a011,q02,transactional,v004,A,0,0,a011-q02-r000,0,valid,0,0,1,0
a011,q02,transactional,v005,D,0,0,a011-q02-r000,0,valid,0,0,1,0
a011,q02,transactional,v006,A,0,0,a011-q02-r000,0,valid,0,0,1,0
a011,q02,transactional,v007,B,0,0,a011-q02-r000,0,valid,0,0,1,0
a011,q02,transactional,v008,D,0,0,a011-q02-r000,0,valid,0,0,1,0
a011,q02,transactional,v009,D,0,0,a011-q02-r000,0,valid,0,0,1,0
a011,q02,transactional,v010,B,0,0,a011-q02-r000,0,valid,0,0,1,0
a011,q02,transactional,v011,B,0,0,a011-q02-r000,0,valid,0,0,1,0
a011,q02,transactional,v012,C,0,0,a011-q02-r000,0,valid,0,0,1,0
a011,q02,transactional,v013,C,0,0,a011-q02-r000,0,valid,0,0,1,0
a011,q02,transactional,v014,B,0,0,a011-q02-r000,0,valid,0,0,1,0
a011,q02,transactional,v015,B,0,0,a011-q02-r000,0,valid,0,0,1,0
a011,q02,transactional,v016,C,0,0,a011-q02-r000,0,valid,0,0,1,0
a011,q02,transactional,v017,D,0,0,a011-q02-r000,0,valid,0,0,1,0
a011,q02,transactional,v018,D,0,0,a011-q02-r000,0,valid,0,0,1,0
a011,q02,transactional,v019,D,0,0,a011-q02-r000,0,valid,0,0,1,0
a011,q02,transactional,v020,A,0,0,a011-q02-r000,0,valid,0,0,1,0
a011,q02,transactional,v021,C,0,0,a011-q02-r000,0,valid,0,0,1,0
a011,q02,transactional,v022,A,0,0,a011-q02-r000,0,valid,0,0,1,0
a011,q02,transactional,v023,C,0,0,a011-q02-r000,0,valid,0,0,1,0
a011,q02,transactional,v024,C,0,0,a011-q02-r000,0,valid,0,0,1,0
a011,q02,transactional,v025,A,0,0,a011-q02-r000,0,valid,0,0,1,0
a011,q02,transactional,v026,C,0,0,a011-q02-r000,0,valid,0,0,1,0
a011,q02,transactional,v027,A,0,0,a011-q02-r000,0,valid,0,0,1,0
a011,q02,transactional,v028,B,0,0,a011-q02-r000,0,valid,0,0,1,0
a011,q02,transactional,v029,A,0,0,a011-q02-r000,0,valid,0,0,1,0
a011,q02,transactional,v030,B,0,0,a011-q02-r000,0,valid,0,0,1,0
a011,q02,transactional,v031,D,0,0,a011-q02-r000,0,valid,0,0,1,0
a011,q02,transactional,v032,A,0,0,a011-q02-r000,0,valid,0,0,1,0
a011,q03,transactional,v001,D,0,0,a011-q03-r000,0,valid,0,0,0,0
a011,q03,transactional,v002,C,0,0,a011-q03-r000,0,valid,0,0,0,0
a011,q03,transactional,v003,B,0,0,a011-q03-r000,0,valid,0,0,0,0
a011,q03,transactional,v004,A,0,0,a011-q03-r000,0,valid,0,0,0,0
a011,q03,transactional,v005,D,0,0,a011-q03-r000,0,valid,0,0,0,0
a011,q03,transactional,v006,A,0,0,a011-q03-r000,0,valid,0,0,0,0
a011,q03,transactional,v007,B,0,0,a011-q03-r000,0,valid,0,0,0,0
a011,q03,transactional,v008,D,0,0,a011-q03-r000,0,valid,0,0,0,0
a011,q03,transactional,v009,D,0,0,a011-q03-r000,0,valid,0,0,0,0
a011,q03,transactional,v010,B,0,0,a011-q03-r000,0,valid,0,0,0,0
a011,q03,transactional,v011,B,0,0,a011-q03-r000,0,valid,0,0,0,0
a011,q03,transactional,v012,C,0,0,a011-q03-r000,0,valid,0,0,0,0
a011,q03,transactional,v013,C,0,0,a011-q03-r000,0,valid,0,0,0,0
a011,q03,transactional,v014,B,0,0,a011-q03-r000,0,valid,0,0,0,0
a011,q03,transactional,v015,B,0,0,a011-q03-r000,0,valid,0,0,0,0
a011,q03,transactional,v016,C,0,0,a011-q03-r000,0,valid,0,0,0,0
a011,q03,transactional,v017,D,0,0,a011-q03-r000,0,valid,0,0,0,0
a011,q03,transactional,v018,D,1,1,a011-q03-r000,0,valid,1,1,0,0
a011,q03,transactional,v019,D,0,0,a011-q03-r000,0,valid,0,0,0,0
a011,q03,transactional,v020,A,0,0,a011-q03-r000,0,valid,0,0,0,0
a011,q03,transactional,v021,C,0,0,a011-q03-r000,0,valid,0,0,0,0
a011,q03,transactional,v022,A,1,1,a011-q03-r000,0,valid,1,1,0,0
a011,q03,transactional,v023,C,0,0,a011-q03-r000,0,valid,0,0,0,0
a011,q03,transactional,v024,C,0,0,a011-q03-r000,0,valid,0,0,0,0
a011,q03,transactional,v025,A,0,0,a011-q03-r000,0,valid,0,0,0,0
a011,q03,transactional,v026,C,0,0,a011-q03-r000,0,valid,0,0,0,0
a011,q03,transactional,v027,A,0,0,a011-q03-r000,0,valid,0,0,0,0
a011,q03,transactional,v028,B,0,0,a011-q03-r000,0,valid,0,0,0,0
a011,q03,transactional,v029,A,0,0,a011-q03-r000,0,valid,0,0,0,0
a011,q03,transactional,v030,B,0,0,a011-q03-r000,0,valid,0,0,0,0
a011,q03,transactional,v031,D,0,0,a011-q03-r000,0,valid,0,0,0,0
a011,q03,transactional,v032,A,0,0,a011-q03-r000,0,valid,0,0,0,0
a011,q04,transactional,v001,D,1,1,a011-q04-r000,0,valid,1,1,0,0
a011,q04,transactional,v002,C,0,0,a011-q04-r000,0,valid,0,0,0,0
a011,q04,transactional,v003,B,0,0,a011-q04-r000,0,valid,0,0,0,0
a011,q04,transactional,v004,A,0,0,a011-q04-r000,0,valid,0,0,0,0
a011,q04,transactional,v005,D,1,1,a011-q04-r000,0,valid,1,1,0,0
a011,q04,transactional,v006,A,0,0,a011-q04-r000,0,valid,0,0,0,0
a011,q04,transactional,v007,B,0,0,a011-q04-r000,0,valid,0,0,0,0
a011,q04,transactional,v008,D,0,0,a011-q04-r000,0,valid,0,0,0,0
a011,q04,transactional,v009,D,0,0,a011-q04-r000,0,valid,0,0,0,0
a011,q04,transactional,v010,B,0,0,a011-q04-r000,0,valid,0,0,0,0
a011,q04,transactional,v011,B,0,0,a011-q04-r000,0,valid,0,0,0,0
a011,q04,transactional,v012,C,0,0,a011-q04-r000,0,valid,0,0,0,0
a011,q04,transactional,v013,C,0,0,a011-q04-r000,0,valid,0,0,0,0
a011,q04,transactional,v014,B,0,0,a011-q04-r000,0,valid,0,0,0,0
a011,q04,transactional,v015,B,0,0,a011-q04-r000,0,valid,0,0,0,0
a011,q04,transactional,v016,C,0,0,a011-q04-r000,0,valid,0,0,0,0
a011,q04,transactional,v017,D,0,0,a011-q04-r000,0,valid,0,0,0,0
a011,q04,transactional,v018,D,0,0,a011-q04-r000,0,valid,0,0,0,0
a011,q04,transactional,v019,D,0,0,a011-q04-r000,0,valid,0,0,0,0
a011,q04,transactional,v020,A,0,0,a011-q04-r000,0,valid,0,0,0,0
a011,q04,transactional,v021,C,0,0,a011-q04-r000,0,valid,0,0,0,0
a011,q04,transactional,v022,A,0,0,a011-q04-r000,0,valid,0,0,0,0
a011,q04,transactional,v023,C,0,0,a011-q04-r000,0,valid,0,0,0,0
a011,q04,transactional,v024,C,0,0,a011-q04-r000,0,valid,0,0,0,0
a011,q04,transactional,v025,A,0,0,a011-q04-r000,0,valid,0,0,0,0
a011,q04,transactional,v026,C,0,0,a011-q04-r000,0,valid,0,0,0,0
a011,q04,transactional,v027,A,0,0,a011-q04-r000,0,valid,0,0,0,0
a011,q04,transactional,v028,B,0,0,a011-q04-r000,0,valid,0,0,0,0
a011,q04,transactional,v029,A,0,0,a011-q04-r000,0,valid,0,0,0,0
a011,q04,transactional,v030,B,0,0,a011-q04-r000,0,valid,0,0,0,0
a011,q04,transactional,v031,D,0,0,a011-q04-r000,0,valid,0,0,0,0
a011,q04,transactional,v032,A,0,0,a011-q04-r000,0,valid,0,0,0,0
a011,q05,transactional,v001,D,0,0,a011-q05-r000,0,valid,0,0,0,0
a011,q05,transactional,v002,C,0,0,a011-q05-r000,0,valid,0,0,0,0
a011,q05,transactional,v003,B,0,0,a011-q05-r000,0,valid,0,0,0,0
a011,q05,transactional,v004,A,0,0,a011-q05-r000,0,valid,0,0,0,0
a011,q05,transactional,v005,D,0,0,a011-q05-r000,0,valid,0,0,0,0
a011,q05,transactional,v006,A,0,0,a011-q05-r000,0,valid,0,0,0,0
a011,q05,transactional,v007,B,0,0,a011-q05-r000,0,valid,0,0,0,0
a011,q05,transactional,v008,D,1,1,a011-q05-r000,0,valid,1,1,0,0
a011,q05,transactional,v009,D,0,0,a011-q05-r000,0,valid,0,0,0,0
a011,q05,transactional,v010,B,0,0,a011-q05-r000,0,valid,0,0,0,0
a011,q05,transactional,v011,B,0,0,a011-q05-r000,0,valid,0,0,0,0
a011,q05,transactional,v012,C,0,0,a011-q05-r000,0,valid,0,0,0,0
a011,q05,transactional,v013,C,0,0,a011-q05-r000,0,valid,0,0,0,0
a011,q05,transactional,v014,B,0,0,a011-q05-r000,0,valid,0,0,0,0
a011,q05,transactional,v015,B,0,0,a011-q05-r000,0,valid,0,0,0,0
a011,q05,transactional,v016,C,0,0,a011-q05-r000,0,valid,0,0,0,0
a011,q05,transactional,v017,D,0,0,a011-q05-r000,0,valid,0,0,0,0
a011,q05,transactional,v018,D,0,0,a011-q05-r000,0,valid,0,0,0,0
a011,q05,transactional,v019,D,0,0,a011-q05-r000,0,valid,0,0,0,0
a011,q05,transactional,v020,A,1,1,a011-q05-r000,0,valid,1,1,0,0
a011,q05,transactional,v021,C,0,0,a011-q05-r000,0,valid,0,0,0,0
a011,q05,transactional,v022,A,0,0,a011-q05-r000,0,valid,0,0,0,0
a011,q05,transactional,v023,C,0,0,a011-q05-r000,0,valid,0,0,0,0
a011,q05,transactional,v024,C,0,0,a011-q05-r000,0,valid,0,0,0,0
a011,q05,transactional,v025,A,0,0,a011-q05-r000,0,valid,0,0,0,0
a011,q05,transactional,v026,C,0,0,a011-q05-r000,0,valid,0,0,0,0
a011,q05,transactional,v027,A,0,0,a011-q05-r000,0,valid,0,0,0,0
a011,q05,transactional,v028,B,0,0,a011-q05-r000,0,valid,0,0,0,0
a011,q05,transactional,v029,A,0,0,a011-q05-r000,0,valid,0,0,0,0
a011,q05,transactional,v030,B,0,0,a011-q05-r000,0,valid,0,0,0,0
a011,q05,transactional,v031,D,0,0,a011-q05-r000,0,valid,0,0,0,0
a011,q05,transactional,v032,A,0,0,a011-q05-r000,0,valid,0,0,0,0
a011,q06,transactional,v001,D,0,0,a011-q06-r000,0,valid,0,0,1,0
a011,q06,transactional,v002,C,0,0,a011-q06-r000,0,valid,0,0,1,0
a011,q06,transactional,v003,B,0,0,a011-q06-r000,0,valid,0,0,1,0
a011,q06,transactional,v004,A,0,0,a011-q06-r000,0,valid,0,0,1,0
a011,q06,transactional,v005,D,0,0,a011-q06-r000,0,valid,0,0,1,0
a011,q06,transactional,v006,A,0,0,a011-q06-r000,0,valid,0,0,1,0
a011,q06,transactional,v007,B,0,0,a011-q06-r000,0,valid,0,0,1,0
a011,q06,transactional,v008,D,0,0,a011-q06-r000,0,valid,0,0,1,0
a011,q06,transactional,v009,D,0,0,a011-q06-r000,0,valid,0,0,1,0
a011,q06,transactional,v010,B,0,0,a011-q06-r000,0,valid,0,0,1,0
a011,q06,transactional,v011,B,0,0,a011-q06-r000,0,valid,0,0,1,0
a011,q06,transactional,v012,C,0,0,a011-q06-r000,0,valid,0,0,1,0
a011,q06,transactional,v013,C,0,0,a011-q06-r000,0,valid,0,0,1,0
a011,q06,transactional,v014,B,0,0,a011-q06-r000,0,valid,0,0,1,0
a011,q06,transactional,v015,B,0,0,a011-q06-r000,0,valid,0,0,1,0
a011,q06,transactional,v016,C,0,0,a011-q06-r000,0,valid,0,0,1,0
a011,q06,transactional,v017,D,0,0,a011-q06-r000,0,valid,0,0,1,0
a011,q06,transactional,v018,D,0,0,a011-q06-r000,0,valid,0,0,1,0
a011,q06,transactional,v019,D,0,0,a011-q06-r000,0,valid,0,0,1,0
a011,q06,transactional,v020,A,0,0,a011-q06-r000,0,valid,0,0,1,0
a011,q06,transactional,v021,C,0,0,a011-q06-r000,0,valid,0,0,1,0
a011,q06,transactional,v022,A,0,0,a011-q06-r000,0,valid,0,0,1,0
a011,q06,transactional,v023,C,0,0,a011-q06-r000,0,valid,0,0,1,0
a011,q06,transactional,v024,C,0,0,a011-q06-r000,0,valid,0,0,1,0
a011,q06,transactional,v025,A,0,0,a011-q06-r000,0,valid,0,0,1,0
a011,q06,transactional,v026,C,0,0,a011-q06-r000,0,valid,0,0,1,0
a011,q06,transactional,v027,A,0,0,a011-q06-r000,0,valid,0,0,1,0
a011,q06,transactional,v028,B,0,0,a011-q06-r000,0,valid,0,0,1,0
a011,q06,transactional,v029,A,0,0,a011-q06-r000,0,valid,0,0,1,0
a011,q06,transactional,v030,B,0,0,a011-q06-r000,0,valid,0,0,1,0
a011,q06,transactional,v031,D,0,0,a011-q06-r000,0,valid,0,0,1,0
a011,q06,transactional,v032,A,0,0,a011-q06-r000,0,valid,0,0,1,0
a011,q07,transactional,v001,D,0,0,a011-q07-r000,0,valid,0,0,1,0
a011,q07,transactional,v002,C,0,0,a011-q07-r000,0,valid,0,0,1,0
a011,q07,transactional,v003,B,0,0,a011-q07-r000,0,valid,0,0,1,0
a011,q07,transactional,v004,A,0,0,a011-q07-r000,0,valid,0,0,1,0
a011,q07,transactional,v005,D,0,0,a011-q07-r000,0,valid,0,0,1,0
a011,q07,transactional,v006,A,0,0,a011-q07-r000,0,valid,0,0,1,0
a011,q07,transactional,v007,B,0,0,a011-q07-r000,0,valid,0,0,1,0
a011,q07,transactional,v008,D,0,0,a011-q07-r000,0,valid,0,0,1,0
a011,q07,transactional,v009,D,0,0,a011-q07-r000,0,valid,0,0,1,0
a011,q07,transactional,v010,B,0,0,a011-q07-r000,0,valid,0,0,1,0
a011,q07,transactional,v011,B,0,0,a011-q07-r000,0,valid,0,0,1,0
a011,q07,transactional,v012,C,0,0,a011-q07-r000,0,valid,0,0,1,0
a011,q07,transactional,v013,C,0,0,a011-q07-r000,0,valid,0,0,1,0
a011,q07,transactional,v014,B,0,0,a011-q07-r000,0,valid,0,0,1,0
a011,q07,transactional,v015,B,0,0,a011-q07-r000,0,valid,0,0,1,0
a011,q07,transactional,v016,C,0,0,a011-q07-r000,0,valid,0,0,1,0
a011,q07,transactional,v017,D,0,0,a011-q07-r000,0,valid,0,0,1,0
a011,q07,transactional,v018,D,0,0,a011-q07-r000,0,valid,0,0,1,0
a011,q07,transactional,v019,D,0,0,a011-q07-r000,0,valid,0,0,1,0
a011,q07,transactional,v020,A,0,0,a011-q07-r000,0,valid,0,0,1,0
a011,q07,transactional,v021,C,0,0,a011-q07-r000,0,valid,0,0,1,0
a011,q07,transactional,v022,A,0,0,a011-q07-r000,0,valid,0,0,1,0
a011,q07,transactional,v023,C,0,0,a011-q07-r000,0,valid,0,0,1,0
a011,q07,transactional,v024,C,0,0,a011-q07-r000,0,valid,0,0,1,0
a011,q07,transactional,v025,A,0,0,a011-q07-r000,0,valid,0,0,1,0
a011,q07,transactional,v026,C,0,0,a011-q07-r000,0,valid,0,0,1,0
a011,q07,transactional,v027,A,0,0,a011-q07-r000,0,valid,0,0,1,0
a011,q07,transactional,v028,B,0,0,a011-q07-r000,0,valid,0,0,1,0
a011,q07,transactional,v029,A,0,0,a011-q07-r000,0,valid,0,0,1,0
a011,q07,transactional,v030,B,0,0,a011-q07-r000,0,valid,0,0,1,0
a011,q07,transactional,v031,D,0,0,a011-q07-r000,0,valid,0,0,1,0
a011,q07,transactional,v032,A,0,0,a011-q07-r000,0,valid,0,0,1,0
a011,q08,transactional,v001,D,1,1,a011-q08-r000,0,valid,1,1,0,0
a011,q08,transactional,v002,C,0,0,a011-q08-r000,0,valid,0,0,0,0
a011,q08,transactional,v003,B,0,0,a011-q08-r000,0,valid,0,0,0,0
a011,q08,transactional,v004,A,0,0,a011-q08-r000,0,valid,0,0,0,0
a011,q08,transactional,v005,D,1,1,a011-q08-r000,0,valid,1,1,0,0
a011,q08,transactional,v006,A,0,0,a011-q08-r000,0,valid,0,0,0,0
a011,q08,transactional,v007,B,0,0,a011-q08-r000,0,valid,0,0,0,0
a011,q08,transactional,v008,D,0,0,a011-q08-r000,0,valid,0,0,0,0
a011,q08,transactional,v009,D,0,0,a011-q08-r000,0,valid,0,0,0,0
a011,q08,transactional,v010,B,0,0,a011-q08-r000,0,valid,0,0,0,0
a011,q08,transactional,v011,B,0,0,a011-q08-r000,0,valid,0,0,0,0
a011,q08,transactional,v012,C,0,0,a011-q08-r000,0,valid,0,0,0,0
a011,q08,transactional,v013,C,0,0,a011-q08-r000,0,valid,0,0,0,0
a011,q08,transactional,v014,B,0,0,a011-q08-r000,0,valid,0,0,0,0
a011,q08,transactional,v015,B,0,0,a011-q08-r000,0,valid,0,0,0,0
a011,q08,transactional,v016,C,0,0,a011-q08-r000,0,valid,0,0,0,0
a011,q08,transactional,v017,D,0,0,a011-q08-r000,0,valid,0,0,0,0
a011,q08,transactional,v018,D,0,0,a011-q08-r000,0,valid,0,0,0,0
a011,q08,transactional,v019,D,0,0,a011-q08-r000,0,valid,0,0,0,0
a011,q08,transactional,v020,A,0,0,a011-q08-r000,0,valid,0,0,0,0
a011,q08,transactional,v021,C,0,0,a011-q08-r000,0,valid,0,0,0,0
a011,q08,transactional,v022,A,0,0,a011-q08-r000,0,valid,0,0,0,0
a011,q08,transactional,v023,C,0,0,a011-q08-r000,0,valid,0,0,0,0
a011,q08,transactional,v024,C,0,0,a011-q08-r000,0,valid,0,0,0,0
a011,q08,transactional,v025,A,0,0,a011-q08-r000,0,valid,0,0,0,0
a011,q08,transactional,v026,C,0,0,a011-q08-r000,0,valid,0,0,0,0
a011,q08,transactional,v027,A,0,0,a011-q08-r000,0,valid,0,0,0,0
a011,q08,transactional,v028,B,0,0,a011-q08-r000,0,valid,0,0,0,0
a011,q08,transactional,v029,A,0,0,a011-q08-r000,0,valid,0,0,0,0
a011,q08,transactional,v030,B,0,0,a011-q08-r000,0,valid,0,0,0,0
a011,q08,transactional,v031,D,0,0,a011-q08-r000,0,valid,0,0,0,0
a011,q08,transactional,v032,A,0,0,a011-q08-r000,0,valid,0,0,0,0
a011,q09,transactional,v001,D,0,0,a011-q09-r000,0,valid,0,0,1,0
a011,q09,transactional,v002,C,0,0,a011-q09-r000,0,valid,0,0,1,0
a011,q09,transactional,v003,B,0,0,a011-q09-r000,0,valid,0,0,1,0
a011,q09,transactional,v004,A,0,0,a011-q09-r000,0,valid,0,0,1,0
a011,q09,transactional,v005,D,0,0,a011-q09-r000,0,valid,0,0,1,0
a011,q09,transactional,v006,A,0,0,a011-q09-r000,0,valid,0,0,1,0
a011,q09,transactional,v007,B,0,0,a011-q09-r000,0,valid,0,0,1,0
a011,q09,transactional,v008,D,0,0,a011-q09-r000,0,valid,0,0,1,0
a011,q09,transactional,v009,D,0,0,a011-q09-r000,0,valid,0,0,1,0
a011,q09,transactional,v010,B,0,0,a011-q09-r000,0,valid,0,0,1,0
a011,q09,transactional,v011,B,0,0,a011-q09-r000,0,valid,0,0,1,0
a011,q09,transactional,v012,C,0,0,a011-q09-r000,0,valid,0,0,1,0
a011,q09,transactional,v013,C,0,0,a011-q09-r000,0,valid,0,0,1,0
a011,q09,transactional,v014,B,0,0,a011-q09-r000,0,valid,0,0,1,0
a011,q09,transactional,v015,B,0,0,a011-q09-r000,0,valid,0,0,1,0
a011,q09,transactional,v016,C,0,0,a011-q09-r000,0,valid,0,0,1,0
a011,q09,transactional,v017,D,0,0,a011-q09-r000,0,valid,0,0,1,0
a011,q09,transactional,v018,D,0,0,a011-q09-r000,0,valid,0,0,1,0
a011,q09,transactional,v019,D,0,0,a011-q09-r000,0,valid,0,0,1,0
a011,q09,transactional,v020,A,0,0,a011-q09-r000,0,valid,0,0,1,0
a011,q09,transactional,v021,C,0,0,a011-q09-r000,0,valid,0,0,1,0
a011,q09,transactional,v022,A,0,0,a011-q09-r000,0,valid,0,0,1,0
a011,q09,transactional,v023,C,0,0,a011-q09-r000,0,valid,0,0,1,0
a011,q09,transactional,v024,C,0,0,a011-q09-r000,0,valid,0,0,1,0
a011,q09,transactional,v025,A,0,0,a011-q09-r000,0,valid,0,0,1,0
a011,q09,transactional,v026,C,0,0,a011-q09-r000,0,valid,0,0,1,0
a011,q09,transactional,v027,A,0,0,a011-q09-r000,0,valid,0,0,1,0
a011,q09,transactional,v028,B,0,0,a011-q09-r000,0,valid,0,0,1,0
a011,q09,transactional,v029,A,0,0,a011-q09-r000,0,valid,0,0,1,0
a011,q09,transactional,v030,B,0,0,a011-q09-r000,0,valid,0,0,1,0
a011,q09,transactional,v031,D,0,0,a011-q09-r000,0,valid,0,0,1,0
a011,q09,transactional,v032,A,0,0,a011-q09-r000,0,valid,0,0,1,0
a011,q10,transactional,v001,D,0,0,a011-q10-r000,0,valid,0,0,1,0
a011,q10,transactional,v002,C,0,0,a011-q10-r000,0,valid,0,0,1,0
a011,q10,transactional,v003,B,0,0,a011-q10-r000,0,valid,0,0,1,0
a011,q10,transactional,v004,A,0,0,a011-q10-r000,0,valid,0,0,1,0
a011,q10,transactional,v005,D,0,0,a011-q10-r000,0,valid,0,0,1,0
a011,q10,transactional,v006,A,0,0,a011-q10-r000,0,valid,0,0,1,0
a011,q10,transactional,v007,B,0,0,a011-q10-r000,0,valid,0,0,1,0
a011,q10,transactional,v008,D,0,0,a011-q10-r000,0,valid,0,0,1,0
a011,q10,transactional,v009,D,0,0,a011-q10-r000,0,valid,0,0,1,0
a011,q10,transactional,v010,B,0,0,a011-q10-r000,0,valid,0,0,1,0
a011,q10,transactional,v011,B,0,0,a011-q10-r000,0,valid,0,0,1,0
a011,q10,transactional,v012,C,0,0,a011-q10-r000,0,valid,0,0,1,0
a011,q10,transactional,v013,C,0,0,a011-q10-r000,0,valid,0,0,1,0
a011,q10,transactional,v014,B,0,0,a011-q10-r000,0,valid,0,0,1,0
a011,q10,transactional,v015,B,0,0,a011-q10-r000,0,valid,0,0,1,0
a011,q10,transactional,v016,C,0,0,a011-q10-r000,0,valid,0,0,1,0
a011,q10,transactional,v017,D,0,0,a011-q10-r000,0,valid,0,0,1,0
a011,q10,transactional,v018,D,0,0,a011-q10-r000,0,valid,0,0,1,0
a011,q10,transactional,v019,D,0,0,a011-q10-r000,0,valid,0,0,1,0
a011,q10,transactional,v020,A,0,0,a011-q10-r000,0,valid,0,0,1,0
a011,q10,transactional,v021,C,0,0,a011-q10-r000,0,valid,0,0,1,0
a011,q10,transactional,v022,A,0,0,a011-q10-r000,0,valid,0,0,1,0
a011,q10,transactional,v023,C,0,0,a011-q10-r000,0,valid,0,0,1,0
a011,q10,transactional,v024,C,0,0,a011-q10-r000,0,valid,0,0,1,0
a011,q10,transactional,v025,A,0,0,a011-q10-r000,0,valid,0,0,1,0
a011,q10,transactional,v026,C,0,0,a011-q10-r000,0,valid,0,0,1,0
a011,q10,transactional,v027,A,0,0,a011-q10-r000,0,valid,0,0,1,0
a011,q10,transactional,v028,B,0,0,a011-q10-r000,0,valid,0,0,1,0
a011,q10,transactional,v029,A,0,0,a011-q10-r000,0,valid,0,0,1,0
a011,q10,transactional,v030,B,0,0,a011-q10-r000,0,valid,0,0,1,0
a011,q10,transactional,v031,D,0,0,a011-q10-r000,0,valid,0,0,1,0
a011,q10,transactional,v032,A,0,0,a011-q10-r000,0,valid,0,0,1,0
a011,q11,transactional,v001,D,0,0,a011-q11-r000,0,valid,0,0,1,0
a011,q11,transactional,v002,C,0,0,a011-q11-r000,0,valid,0,0,1,0
a011,q11,transactional,v003,B,0,0,a011-q11-r000,0,valid,0,0,1,0
a011,q11,transactional,v004,A,0,0,a011-q11-r000,0,valid,0,0,1,0
a011,q11,transactional,v005,D,0,0,a011-q11-r000,0,valid,0,0,1,0
a011,q11,transactional,v006,A,0,0,a011-q11-r000,0,valid,0,0,1,0
a011,q11,transactional,v007,B,0,0,a011-q11-r000,0,valid,0,0,1,0
a011,q11,transactional,v008,D,0,0,a011-q11-r000,0,valid,0,0,1,0
a011,q11,transactional,v009,D,0,0,a011-q11-r000,0,valid,0,0,1,0
a011,q11,transactional,v010,B,0,0,a011-q11-r000,0,valid,0,0,1,0
a011,q11,transactional,v011,B,0,0,a011-q11-r000,0,valid,0,0,1,0
a011,q11,transactional,v012,C,0,0,a011-q11-r000,0,valid,0,0,1,0
a011,q11,transactional,v013,C,0,0,a011-q11-r000,0,valid,0,0,1,0
a011,q11,transactional,v014,B,0,0,a011-q11-r000,0,valid,0,0,1,0
a011,q11,transactional,v015,B,0,0,a011-q11-r000,0,valid,0,0,1,0
a011,q11,transactional,v016,C,0,0,a011-q11-r000,0,valid,0,0,1,0
a011,q11,transactional,v017,D,0,0,a011-q11-r000,0,valid,0,0,1,0
a011,q11,transactional,v018,D,0,0,a011-q11-r000,0,valid,0,0,1,0
a011,q11,transactional,v019,D,0,0,a011-q11-r000,0,valid,0,0,1,0
a011,q11,transactional,v020,A,0,0,a011-q11-r000,0,valid,0,0,1,0
a011,q11,transactional,v021,C,0,0,a011-q11-r000,0,valid,0,0,1,0
a011,q11,transactional,v022,A,0,0,a011-q11-r000,0,valid,0,0,1,0
a011,q11,transactional,v023,C,0,0,a011-q11-r000,0,valid,0,0,1,0
a011,q11,transactional,v024,C,0,0,a011-q11-r000,0,valid,0,0,1,0
a011,q11,transactional,v025,A,0,0,a011-q11-r000,0,valid,0,0,1,0
a011,q11,transactional,v026,C,0,0,a011-q11-r000,0,valid,0,0,1,0
a011,q11,transactional,v027,A,0,0,a011-q11-r000,0,valid,0,0,1,0
a011,q11,transactional,v028,B,0,0,a011-q11-r000,0,valid,0,0,1,0
a011,q11,transactional,v029,A,0,0,a011-q11-r000,0,valid,0,0,1,0
a011,q11,transactional,v030,B,0,0,a011-q11-r000,0,valid,0,0,1,0
a011,q11,transactional,v031,D,0,0,a011-q11-r000,0,valid,0,0,1,0
a011,q11,transactional,v032,A,0,0,a011-q11-r000,0,valid,0,0,1,0
a011,q12,transactional,v001,D,0,0,a011-q12-r000,0,valid,0,0,1,0
a011,q12,transactional,v002,C,0,0,a011-q12-r000,0,valid,0,0,1,0
a011,q12,transactional,v003,B,0,0,a011-q12-r000,0,valid,0,0,1,0
a011,q12,transactional,v004,A,0,0,a011-q12-r000,0,valid,0,0,1,0
a011,q12,transactional,v005,D,0,0,a011-q12-r000,0,valid,0,0,1,0
a011,q12,transactional,v006,A,0,0,a011-q12-r000,0,valid,0,0,1,0
a011,q12,transactional,v007,B,0,0,a011-q12-r000,0,valid,0,0,1,0
a011,q12,transactional,v008,D,0,0,a011-q12-r000,0,valid,0,0,1,0
a011,q12,transactional,v009,D,0,0,a011-q12-r000,0,valid,0,0,1,0
a011,q12,transactional,v010,B,0,0,a011-q12-r000,0,valid,0,0,1,0
a011,q12,transactional,v011,B,0,0,a011-q12-r000,0,valid,0,0,1,0
a011,q12,transactional,v012,C,0,0,a011-q12-r000,0,valid,0,0,1,0
a011,q12,transactional,v013,C,0,0,a011-q12-r000,0,valid,0,0,1,0
a011,q12,transactional,v014,B,0,0,a011-q12-r000,0,valid,0,0,1,0
a011,q12,transactional,v015,B,0,0,a011-q12-r000,0,valid,0,0,1,0
a011,q12,transactional,v016,C,0,0,a011-q12-r000,0,valid,0,0,1,0
a011,q12,transactional,v017,D,0,0,a011-q12-r000,0,valid,0,0,1,0
a011,q12,transactional,v018,D,0,0,a011-q12-r000,0,valid,0,0,1,0
a011,q12,transactional,v019,D,0,0,a011-q12-r000,0,valid,0,0,1,0
a011,q12,transactional,v020,A,0,0,a011-q12-r000,0,valid,0,0,1,0
a011,q12,transactional,v021,C,0,0,a011-q12-r000,0,valid,0,0,1,0
a011,q12,transactional,v022,A,0,0,a011-q12-r000,0,valid,0,0,1,0
a011,q12,transactional,v023,C,0,0,a011-q12-r000,0,valid,0,0,1,0
a011,q12,transactional,v024,C,0,0,a011-q12-r000,0,valid,0,0,1,0
a011,q12,transactional,v025,A,0,0,a011-q12-r000,0,valid,0,0,1,0
a011,q12,transactional,v026,C,0,0,a011-q12-r000,0,valid,0,0,1,0
a011,q12,transactional,v027,A,0,0,a011-q12-r000,0,valid,0,0,1,0
a011,q12,transactional,v028,B,0,0,a011-q12-r000,0,valid,0,0,1,0
a011,q12,transactional,v029,A,0,0,a011-q12-r000,0,valid,0,0,1,0
a011,q12,transactional,v030,B,0,0,a011-q12-r000,0,valid,0,0,1,0
a011,q12,transactional,v031,D,0,0,a011-q12-r000,0,valid,0,0,1,0
a011,q12,transactional,v032,A,0,0,a011-q12-r000,0,valid,0,0,1,0
a011,q13,evaluative,v001,D,0,0,a011-q13-r000,0,valid,0,0,1,0
a011,q13,evaluative,v002,C,0,0,a011-q13-r000,0,valid,0,0,1,0
a011,q13,evaluative,v003,B,0,0,a011-q13-r000,0,valid,0,0,1,0
a011,q13,evaluative,v004,A,0,0,a011-q13-r000,0,valid,0,0,1,0
a011,q13,evaluative,v005,D,0,0,a011-q13-r000,0,valid,0,0,1,0
a011,q13,evaluative,v006,A,0,0,a011-q13-r000,0,valid,0,0,1,0
a011,q13,evaluative,v007,B,0,0,a011-q13-r000,0,valid,0,0,1,0
a011,q13,evaluative,v008,D,0,0,a011-q13-r000,0,valid,0,0,1,0
a011,q13,evaluative,v009,D,0,0,a011-q13-r000,0,valid,0,0,1,0
a011,q13,evaluative,v010,B,0,0,a011-q13-r000,0,valid,0,0,1,0
a011,q13,evaluative,v011,B,0,0,a011-q13-r000,0,valid,0,0,1,0
a011,q13,evaluative,v012,C,0,0,a011-q13-r000,0,valid,0,0,1,0
a011,q13,evaluative,v013,C,0,0,a011-q13-r000,0,valid,0,0,1,0
a011,q13,evaluative,v014,B,0,0,a011-q13-r000,0,valid,0,0,1,0
a011,q13,evaluative,v015,B,0,0,a011-q13-r000,0,valid,0,0,1,0
a011,q13,evaluative,v016,C,0,0,a011-q13-r000,0,valid,0,0,1,0
a011,q13,evaluative,v017,D,0,0,a011-q13-r000,0,valid,0,0,1,0
a011,q13,evaluative,v018,D,0,0,a011-q13-r000,0,valid,0,0,1,0
a011,q13,evaluative,v019,D,0,0,a011-q13-r000,0,valid,0,0,1,0
a011,q13,evaluative,v020,A,0,0,a011-q13-r000,0,valid,0,0,1,0
a011,q13,evaluative,v021,C,0,0,a011-q13-r000,0,valid,0,0,1,0
a011,q13,evaluative,v022,A,0,0,a011-q13-r000,0,valid,0,0,1,0
a011,q13,evaluative,v023,C,0,0,a011-q13-r000,0,valid,0,0,1,0
a011,q13,evaluative,v024,C,0,0,a011-q13-r000,0,valid,0,0,1,0
a011,q13,evaluative,v025,A,0,0,a011-q13-r000,0,valid,0,0,1,0
a011,q13,evaluative,v026,C,0,0,a011-q13-r000,0,valid,0,0,1,0
a011,q13,evaluative,v027,A,0,0,a011-q13-r000,0,valid,0,0,1,0
a011,q13,evaluative,v028,B,0,0,a011-q13-r000,0,valid,0,0,1,0
a011,q13,evaluative,v029,A,0,0,a011-q13-r000,0,valid,0,0,1,0
a011,q13,evaluative,v030,B,0,0,a011-q13-r000,0,valid,0,0,1,0
a011,q13,evaluative,v031,D,0,0,a011-q13-r000,0,valid,0,0,1,0
a011,q13,evaluative,v032,A,0,0,a011-q13-r000,0,valid,0,0,1,0
a011,q14,evaluative,v001,D,0,0,a011-q14-r000,0,valid,0,0,1,0
a011,q14,evaluative,v002,C,0,0,a011-q14-r000,0,valid,0,0,1,0
a011,q14,evaluative,v003,B,0,0,a011-q14-r000,0,valid,0,0,1,0
a011,q14,evaluative,v004,A,0,0,a011-q14-r000,0,valid,0,0,1,0
a011,q14,evaluative,v005,D,0,0,a011-q14-r000,0,valid,0,0,1,0
a011,q14,evaluative,v006,A,0,0,a011-q14-r000,0,valid,0,0,1,0
a011,q14,evaluative,v007,B,0,0,a011-q14-r000,0,valid,0,0,1,0
a011,q14,evaluative,v008,D,0,0,a011-q14-r000,0,valid,0,0,1,0
a011,q14,evaluative,v009,D,0,0,a011-q14-r000,0,valid,0,0,1,0
a011,q14,evaluative,v010,B,0,0,a011-q14-r000,0,valid,0,0,1,0
a011,q14,evaluative,v011,B,0,0,a011-q14-r000,0,valid,0,0,1,0
a011,q14,evaluative,v012,C,0,0,a011-q14-r000,0,valid,0,0,1,0
a011,q14,evaluative,v013,C,0,0,a011-q14-r000,0,valid,0,0,1,0
a011,q14,evaluative,v014,B,0,0,a011-q14-r000,0,valid,0,0,1,0
a011,q14,evaluative,v015,B,0,0,a011-q14-r000,0,valid,0,0,1,0
a011,q14,evaluative,v016,C,0,0,a011-q14-r000,0,valid,0,0,1,0
a011,q14,evaluative,v017,D,0,0,a011-q14-r000,0,valid,0,0,1,0
a011,q14,evaluative,v018,D,0,0,a011-q14-r000,0,valid,0,0,1,0
a011,q14,evaluative,v019,D,0,0,a011-q14-r000,0,valid,0,0,1,0
a011,q14,evaluative,v020,A,0,0,a011-q14-r000,0,valid,0,0,1,0
a011,q14,evaluative,v021,C,0,0,a011-q14-r000,0,valid,0,0,1,0
a011,q14,evaluative,v022,A,0,0,a011-q14-r000,0,valid,0,0,1,0
a011,q14,evaluative,v023,C,0,0,a011-q14-r000,0,valid,0,0,1,0
a011,q14,evaluative,v024,C,0,0,a011-q14-r000,0,valid,0,0,1,0
a011,q14,evaluative,v025,A,0,0,a011-q14-r000,0,valid,0,0,1,0
a011,q14,evaluative,v026,C,0,0,a011-q14-r000,0,valid,0,0,1,0
a011,q14,evaluative,v027,A,0,0,a011-q14-r000,0,valid,0,0,1,0
a011,q14,evaluative,v028,B,0,0,a011-q14-r000,0,valid,0,0,1,0
a011,q14,evaluative,v029,A,0,0,a011-q14-r000,0,valid,0,0,1,0
a011,q14,evaluative,v030,B,0,0,a011-q14-r000,0,valid,0,0,1,0
a011,q14,evaluative,v031,D,0,0,a011-q14-r000,0,valid,0,0,1,0
a011,q14,evaluative,v032,A,0,0,a011-q14-r000,0,valid,0,0,1,0
a011,q15,evaluative,v001,D,0,0,a011-q15-r000,0,valid,0,0,0,0
a011,q15,evaluative,v002,C,0,0,a011-q15-r000,0,valid,0,0,0,0
a011,q15,evaluative,v003,B,0,0,a011-q15-r000,0,valid,0,0,0,0
a011,q15,evaluative,v004,A,0,0,a011-q15-r000,0,valid,0,0,0,0
a011,q15,evaluative,v005,D,0,0,a011-q15-r000,0,valid,0,0,0,0
a011,q15,evaluative,v006,A,0,0,a011-q15-r000,0,valid,0,0,0,0
a011,q15,evaluative,v007,B,1,1,a011-q15-r000,0,valid,1,1,0,0
a011,q15,evaluative,v008,D,0,0,a011-q15-r000,0,valid,0,0,0,0
a011,q15,evaluative,v009,D,0,0,a011-q15-r000,0,valid,0,0,0,0
a011,q15,evaluative,v010,B,0,0,a011-q15-r000,0,valid,0,0,0,0
a011,q15,evaluative,v011,B,0,0,a011-q15-r000,0,valid,0,0,0,0
a011,q15,evaluative,v012,C,0,0,a011-q15-r000,0,valid,0,0,0,0
a011,q15,evaluative,v013,C,0,0,a011-q15-r000,0,valid,0,0,0,0
a011,q15,evaluative,v014,B,0,0,a011-q15-r000,0,valid,0,0,0,0
a011,q15,evaluative,v015,B,0,0,a011-q15-r000,0,valid,0,0,0,0
a011,q15,evaluative,v016,C,0,0,a011-q15-r000,0,valid,0,0,0,0
a011,q15,evaluative,v017,D,0,0,a011-q15-r000,0,valid,0,0,0,0
a011,q15,evaluative,v018,D,0,0,a011-q15-r000,0,valid,0,0,0,0
a011,q15,evaluative,v019,D,0,0,a011-q15-r000,0,valid,0,0,0,0
a011,q15,evaluative,v020,A,0,0,a011-q15-r000,0,valid,0,0,0,0
a011,q15,evaluative,v021,C,0,0,a011-q15-r000,0,valid,0,0,0,0
a011,q15,evaluative,v022,A,0,0,a011-q15-r000,0,valid,0,0,0,0
a011,q15,evaluative,v023,C,0,0,a011-q15-r000,0,valid,0,0,0,0
a011,q15,evaluative,v024,C,0,0,a011-q15-r000,0,valid,0,0,0,0
a011,q15,evaluative,v025,A,0,0,a011-q15-r000,0,valid,0,0,0,0
a011,q15,evaluative,v026,C,0,0,a011-q15-r000,0,valid,0,0,0,0
a011,q15,evaluative,v027,A,1,1,a011-q15-r000,0,valid,1,1,0,0
a011,q15,evaluative,v028,B,0,0,a011-q15-r000,0,valid,0,0,0,0
a011,q15,evaluative,v029,A,0,0,a011-q15-r000,0,valid,0,0,0,0
a011,q15,evaluative,v030,B,0,0,a011-q15-r000,0,valid,0,0,0,0
a011,q15,evaluative,v031,D,0,0,a011-q15-r000,0,valid,0,0,0,0
a011,q15,evaluative,v032,A,0,0,a011-q15-r000,0,valid,0,0,0,0
a011,q16,evaluative,v001,D,0,0,a011-q16-r000,0,valid,0,0,0,0
a011,q16,evaluative,v002,C,0,0,a011-q16-r000,0,valid,0,0,0,0
a011,q16,evaluative,v003,B,0,0,a011-q16-r000,0,valid,0,0,0,0
a011,q16,evaluative,v004,A,1,1,a011-q16-r000,0,valid,0,0,0,0
a011,q16,evaluative,v005,D,0,0,a011-q16-r000,0,valid,0,0,0,0
a011,q16,evaluative,v006,A,0,0,a011-q16-r000,0,valid,0,0,0,0
a011,q16,evaluative,v007,B,0,0,a011-q16-r000,0,valid,0,0,0,0
a011,q16,evaluative,v008,D,1,1,a011-q16-r000,0,valid,1,1,0,0
a011,q16,evaluative,v009,D,0,0,a011-q16-r000,0,valid,0,0,0,0
a011,q16,evaluative,v010,B,0,0,a011-q16-r000,0,valid,0,0,0,0
a011,q16,evaluative,v011,B,0,0,a011-q16-r000,0,valid,0,0,0,0
a011,q16,evaluative,v012,C,0,0,a011-q16-r000,0,valid,0,0,0,0
a011,q16,evaluative,v013,C,0,0,a011-q16-r000,0,valid,0,0,0,0
a011,q16,evaluative,v014,B,0,0,a011-q16-r000,0,valid,0,0,0,0
a011,q16,evaluative,v015,B,0,0,a011-q16-r000,0,valid,0,0,0,0
a011,q16,evaluative,v016,C,0,0,a011-q16-r000,0,valid,0,0,0,0
a011,q16,evaluative,v017,D,0,0,a011-q16-r000,0,valid,0,0,0,0
a011,q16,evaluative,v018,D,0,0,a011-q16-r000,0,valid,0,0,0,0
a011,q16,evaluative,v019,D,0,0,a011-q16-r000,0,valid,0,0,0,0
a011,q16,evaluative,v020,A,1,1,a011-q16-r000,0,valid,1,1,0,0
a011,q16,evaluative,v021,C,0,0,a011-q16-r000,0,valid,0,0,0,0
a011,q16,evaluative,v022,A,0,0,a011-q16-r000,0,valid,0,0,0,0
a011,q16,evaluative,v023,C,0,0,a011-q16-r000,0,valid,0,0,0,0
a011,q16,evaluative,v024,C,0,0,a011-q16-r000,0,valid,0,0,0,0
a011,q16,evaluative,v025,A,0,0,a011-q16-r000,0,valid,0,0,0,0
a011,q16,evaluative,v026,C,0,0,a011-q16-r000,0,valid,0,0,0,0
a011,q16,evaluative,v027,A,0,0,a011-q16-r000,0,valid,0,0,0,0
a011,q16,evaluative,v028,B,1,1,a011-q16-r000,0,valid,1,1,0,0
a011,q16,evaluative,v029,A,0,0,a011-q16-r000,0,valid,0,0,0,0
a011,q16,evaluative,v030,B,0,0,a011-q16-r000,0,valid,0,0,0,0
a011,q16,evaluative,v031,D,0,0,a011-q16-r000,0,valid,0,0,0,0
a011,q16,evaluative,v032,A,1,1,a011-q16-r000,0,valid,0,0,0,0
a011,q17,evaluative,v001,D,0,0,a011-q17-r000,0,valid,0,0,0,0
a011,q17,evaluative,v002,C,0,0,a011-q17-r000,0,valid,0,0,0,0
a011,q17,evaluative,v003,B,0,0,a011-q17-r000,0,valid,0,0,0,0
a011,q17,evaluative,v004,A,1,1,a011-q17-r000,0,valid,0,0,0,0
a011,q17,evaluative,v005,D,0,0,a011-q17-r000,0,valid,0,0,0,0
a011,q17,evaluative,v006,A,0,0,a011-q17-r000,0,valid,0,0,0,0
a011,q17,evaluative,v007,B,0,0,a011-q17-r000,0,valid,0,0,0,0
a011,q17,evaluative,v008,D,1,1,a011-q17-r000,0,valid,1,1,0,0
a011,q17,evaluative,v009,D,0,0,a011-q17-r000,0,valid,0,0,0,0
a011,q17,evaluative,v010,B,0,0,a011-q17-r000,0,valid,0,0,0,0
a011,q17,evaluative,v011,B,0,0,a011-q17-r000,0,valid,0,0,0,0
a011,q17,evaluative,v012,C,0,0,a011-q17-r000,0,valid,0,0,0,0
a011,q17,evaluative,v013,C,0,0,a011-q17-r000,0,valid,0,0,0,0
a011,q17,evaluative,v014,B,0,0,a011-q17-r000,0,valid,0,0,0,0
a011,q17,evaluative,v015,B,0,0,a011-q17-r000,0,valid,0,0,0,0
a011,q17,evaluative,v016,C,0,0,a011-q17-r000,0,valid,0,0,0,0
a011,q17,evaluative,v017,D,0,0,a011-q17-r000,0,valid,0,0,0,0
a011,q17,evaluative,v018,D,0,0,a011-q17-r000,0,valid,0,0,0,0
a011,q17,evaluative,v019,D,0,0,a011-q17-r000,0,valid,0,0,0,0
a011,q17,evaluative,v020,A,1,1,a011-q17-r000,0,valid,1,1,0,0
a011,q17,evaluative,v021,C,0,0,a011-q17-r000,0,valid,0,0,0,0
a011,q17,evaluative,v022,A,0,0,a011-q17-r000,0,valid,0,0,0,0
a011,q17,evaluative,v023,C,0,0,a011-q17-r000,0,valid,0,0,0,0
a011,q17,evaluative,v024,C,0,0,a011-q17-r000,0,valid,0,0,0,0
a011,q17,evaluative,v025,A,0,0,a011-q17-r000,0,valid,0,0,0,0
a011,q17,evaluative,v026,C,0,0,a011-q17-r000,0,valid,0,0,0,0
a011,q17,evaluative,v027,A,0,0,a011-q17-r000,0,valid,0,0,0,0
a011,q17,evaluative,v028,B,1,1,a011-q17-r000,0,valid,1,1,0,0
a011,q17,evaluative,v029,A,0,0,a011-q17-r000,0,valid,0,0,0,0
a011,q17,evaluative,v030,B,0,0,a011-q17-r000,0,valid,0,0,0,0
a011,q17,evaluative,v031,D,0,0,a011-q17-r000,0,valid,0,0,0,0
a011,q17,evaluative,v032,A,1,1,a011-q17-r000,0,valid,0,0,0,0
a011,q18,evaluative,v001,D,0,0,a011-q18-r000,0,valid,0,0,1,0
a011,q18,evaluative,v002,C,0,0,a011-q18-r000,0,valid,0,0,1,0
a011,q18,evaluative,v003,B,0,0,a011-q18-r000,0,valid,0,0,1,0
a011,q18,evaluative,v004,A,0,0,a011-q18-r000,0,valid,0,0,1,0
a011,q18,evaluative,v005,D,0,0,a011-q18-r000,0,valid,0,0,1,0
a011,q18,evaluative,v006,A,0,0,a011-q18-r000,0,valid,0,0,1,0
a011,q18,evaluative,v007,B,0,0,a011-q18-r000,0,valid,0,0,1,0
a011,q18,evaluative,v008,D,0,0,a011-q18-r000,0,valid,0,0,1,0
a011,q18,evaluative,v009,D,0,0,a011-q18-r000,0,valid,0,0,1,0
a011,q18,evaluative,v010,B,0,0,a011-q18-r000,0,valid,0,0,1,0
a011,q18,evaluative,v011,B,0,0,a011-q18-r000,0,valid,0,0,1,0
a011,q18,evaluative,v012,C,0,0,a011-q18-r000,0,valid,0,0,1,0
a011,q18,evaluative,v013,C,0,0,a011-q18-r000,0,valid,0,0,1,0
a011,q18,evaluative,v014,B,0,0,a011-q18-r000,0,valid,0,0,1,0
a011,q18,evaluative,v015,B,0,0,a011-q18-r000,0,valid,0,0,1,0
a011,q18,evaluative,v016,C,0,0,a011-q18-r000,0,valid,0,0,1,0
a011,q18,evaluative,v017,D,0,0,a011-q18-r000,0,valid,0,0,1,0
a011,q18,evaluative,v018,D,0,0,a011-q18-r000,0,valid,0,0,1,0
a011,q18,evaluative,v019,D,0,0,a011-q18-r000,0,valid,0,0,1,0
a011,q18,evaluative,v020,A,0,0,a011-q18-r000,0,valid,0,0,1,0
a011,q18,evaluative,v021,C,0,0,a011-q18-r000,0,valid,0,0,1,0
a011,q18,evaluative,v022,A,0,0,a011-q18-r000,0,valid,0,0,1,0
a011,q18,evaluative,v023,C,0,0,a011-q18-r000,0,valid,0,0,1,0
a011,q18,evaluative,v024,C,0,0,a011-q18-r000,0,valid,0,0,1,0
a011,q18,evaluative,v025,A,0,0,a011-q18-r000,0,valid,0,0,1,0
a011,q18,evaluative,v026,C,0,0,a011-q18-r000,0,valid,0,0,1,0
a011,q18,evaluative,v027,A,0,0,a011-q18-r000,0,valid,0,0,1,0
a011,q18,evaluative,v028,B,0,0,a011-q18-r000,0,valid,0,0,1,0
a011,q18,evaluative,v029,A,0,0,a011-q18-r000,0,valid,0,0,1,0
a011,q18,evaluative,v030,B,0,0,a011-q18-r000,0,valid,0,0,1,0
a011,q18,evaluative,v031,D,0,0,a011-q18-r000,0,valid,0,0,1,0
a011,q18,evaluative,v032,A,0,0,a011-q18-r000,0,valid,0,0,1,0
a011,q19,evaluative,v001,D,0,0,a011-q19-r000,0,valid,0,0,1,0
a011,q19,evaluative,v002,C,0,0,a011-q19-r000,0,valid,0,0,1,0
a011,q19,evaluative,v003,B,0,0,a011-q19-r000,0,valid,0,0,1,0
a011,q19,evaluative,v004,A,0,0,a011-q19-r000,0,valid,0,0,1,0
a011,q19,evaluative,v005,D,0,0,a011-q19-r000,0,valid,0,0,1,0
a011,q19,evaluative,v006,A,0,0,a011-q19-r000,0,valid,0,0,1,0
a011,q19,evaluative,v007,B,0,0,a011-q19-r000,0,valid,0,0,1,0
a011,q19,evaluative,v008,D,0,0,a011-q19-r000,0,valid,0,0,1,0
a011,q19,evaluative,v009,D,0,0,a011-q19-r000,0,valid,0,0,1,0
a011,q19,evaluative,v010,B,0,0,a011-q19-r000,0,valid,0,0,1,0
a011,q19,evaluative,v011,B,0,0,a011-q19-r000,0,valid,0,0,1,0
a011,q19,evaluative,v012,C,0,0,a011-q19-r000,0,valid,0,0,1,0
a011,q19,evaluative,v013,C,0,0,a011-q19-r000,0,valid,0,0,1,0
a011,q19,evaluative,v014,B,0,0,a011-q19-r000,0,valid,0,0,1,0
a011,q19,evaluative,v015,B,0,0,a011-q19-r000,0,valid,0,0,1,0
a011,q19,evaluative,v016,C,0,0,a011-q19-r000,0,valid,0,0,1,0
a011,q19,evaluative,v017,D,0,0,a011-q19-r000,0,valid,0,0,1,0
a011,q19,evaluative,v018,D,0,0,a011-q19-r000,0,valid,0,0,1,0
a011,q19,evaluative,v019,D,0,0,a011-q19-r000,0,valid,0,0,1,0
a011,q19,evaluative,v020,A,0,0,a011-q19-r000,0,valid,0,0,1,0
a011,q19,evaluative,v021,C,0,0,a011-q19-r000,0,valid,0,0,1,0
a011,q19,evaluative,v022,A,0,0,a011-q19-r000,0,valid,0,0,1,0
a011,q19,evaluative,v023,C,0,0,a011-q19-r000,0,valid,0,0,1,0
a011,q19,evaluative,v024,C,0,0,a011-q19-r000,0,valid,0,0,1,0
a011,q19,evaluative,v025,A,0,0,a011-q19-r000,0,valid,0,0,1,0
a011,q19,evaluative,v026,C,0,0,a011-q19-r000,0,valid,0,0,1,0
a011,q19,evaluative,v027,A,0,0,a011-q19-r000,0,valid,0,0,1,0
a011,q19,evaluative,v028,B,0,0,a011-q19-r000,0,valid,0,0,1,0
a011,q19,evaluative,v029,A,0,0,a011-q19-r000,0,valid,0,0,1,0
a011,q19,evaluative,v030,B,0,0,a011-q19-r000,0,valid,0,0,1,0
a011,q19,evaluative,v031,D,0,0,a011-q19-r000,0,valid,0,0,1,0
a011,q19,evaluative,v032,A,0,0,a011-q19-r000,0,valid,0,0,1,0
a011,q20,evaluative,v001,D,1,1,a011-q20-r000,0,valid,1,1,0,0
a011,q20,evaluative,v002,C,0,0,a011-q20-r000,0,valid,0,0,0,0
a011,q20,evaluative,v003,B,0,0,a011-q20-r000,0,valid,0,0,0,0
a011,q20,evaluative,v004,A,0,0,a011-q20-r000,0,valid,0,0,0,0
a011,q20,evaluative,v005,D,1,1,a011-q20-r000,0,valid,1,1,0,0
a011,q20,evaluative,v006,A,0,0,a011-q20-r000,0,valid,0,0,0,0
a011,q20,evaluative,v007,B,0,0,a011-q20-r000,0,valid,0,0,0,0
a011,q20,evaluative,v008,D,0,0,a011-q20-r000,0,valid,0,0,0,0
a011,q20,evaluative,v009,D,0,0,a011-q20-r000,0,valid,0,0,0,0
a011,q20,evaluative,v010,B,0,0,a011-q20-r000,0,valid,0,0,0,0
a011,q20,evaluative,v011,B,0,0,a011-q20-r000,0,valid,0,0,0,0
a011,q20,evaluative,v012,C,0,0,a011-q20-r000,0,valid,0,0,0,0
a011,q20,evaluative,v013,C,0,0,a011-q20-r000,0,valid,0,0,0,0
a011,q20,evaluative,v014,B,0,0,a011-q20-r000,0,valid,0,0,0,0
a011,q20,evaluative,v015,B,0,0,a011-q20-r000,0,valid,0,0,0,0
a011,q20,evaluative,v016,C,0,0,a011-q20-r000,0,valid,0,0,0,0
a011,q20,evaluative,v017,D,0,0,a011-q20-r000,0,valid,0,0,0,0
a011,q20,evaluative,v018,D,0,0,a011-q20-r000,0,valid,0,0,0,0
a011,q20,evaluative,v019,D,0,0,a011-q20-r000,0,valid,0,0,0,0
a011,q20,evaluative,v020,A,0,0,a011-q20-r000,0,valid,0,0,0,0
a011,q20,evaluative,v021,C,0,0,a011-q20-r000,0,valid,0,0,0,0
a011,q20,evaluative,v022,A,0,0,a011-q20-r000,0,valid,0,0,0,0
a011,q20,evaluative,v023,C,0,0,a011-q20-r000,0,valid,0,0,0,0
a011,q20,evaluative,v024,C,0,0,a011-q20-r000,0,valid,0,0,0,0
a011,q20,evaluative,v025,A,0,0,a011-q20-r000,0,valid,0,0,0,0
a011,q20,evaluative,v026,C,0,0,a011-q20-r000,0,valid,0,0,0,0
a011,q20,evaluative,v027,A,0,0,a011-q20-r000,0,valid,0,0,0,0
a011,q20,evaluative,v028,B,0,0,a011-q20-r000,0,valid,0,0,0,0
a011,q20,evaluative,v029,A,0,0,a011-q20-r000,0,valid,0,0,0,0
a011,q20,evaluative,v030,B,0,0,a011-q20-r000,0,valid,0,0,0,0
a011,q20,evaluative,v031,D,0,0,a011-q20-r000,0,valid,0,0,0,0
a011,q20,evaluative,v032,A,0,0,a011-q20-r000,0,valid,0,0,0,0
a011,q21,evaluative,v001,D,0,0,a011-q21-r000,0,valid,0,0,1,0
a011,q21,evaluative,v002,C,0,0,a011-q21-r000,0,valid,0,0,1,0
a011,q21,evaluative,v003,B,0,0,a011-q21-r000,0,valid,0,0,1,0
a011,q21,evaluative,v004,A,0,0,a011-q21-r000,0,valid,0,0,1,0
a011,q21,evaluative,v005,D,0,0,a011-q21-r000,0,valid,0,0,1,0
a011,q21,evaluative,v006,A,0,0,a011-q21-r000,0,valid,0,0,1,0
a011,q21,evaluative,v007,B,0,0,a011-q21-r000,0,valid,0,0,1,0
a011,q21,evaluative,v008,D,0,0,a011-q21-r000,0,valid,0,0,1,0
a011,q21,evaluative,v009,D,0,0,a011-q21-r000,0,valid,0,0,1,0
a011,q21,evaluative,v010,B,0,0,a011-q21-r000,0,valid,0,0,1,0
a011,q21,evaluative,v011,B,0,0,a011-q21-r000,0,valid,0,0,1,0
a011,q21,evaluative,v012,C,0,0,a011-q21-r000,0,valid,0,0,1,0
a011,q21,evaluative,v013,C,0,0,a011-q21-r000,0,valid,0,0,1,0
a011,q21,evaluative,v014,B,0,0,a011-q21-r000,0,valid,0,0,1,0
a011,q21,evaluative,v015,B,0,0,a011-q21-r000,0,valid,0,0,1,0
a011,q21,evaluative,v016,C,0,0,a011-q21-r000,0,valid,0,0,1,0
a011,q21,evaluative,v017,D,0,0,a011-q21-r000,0,valid,0,0,1,0
a011,q21,evaluative,v018,D,0,0,a011-q21-r000,0,valid,0,0,1,0
a011,q21,evaluative,v019,D,0,0,a011-q21-r000,0,valid,0,0,1,0
a011,q21,evaluative,v020,A,0,0,a011-q21-r000,0,valid,0,0,1,0
a011,q21,evaluative,v021,C,0,0,a011-q21-r000,0,valid,0,0,1,0
a011,q21,evaluative,v022,A,0,0,a011-q21-r000,0,valid,0,0,1,0
a011,q21,evaluative,v023,C,0,0,a011-q21-r000,0,valid,0,0,1,0
a011,q21,evaluative,v024,C,0,0,a011-q21-r000,0,valid,0,0,1,0
a011,q21,evaluative,v025,A,0,0,a011-q21-r000,0,valid,0,0,1,0
a011,q21,evaluative,v026,C,0,0,a011-q21-r000,0,valid,0,0,1,0
a011,q21,evaluative,v027,A,0,0,a011-q21-r000,0,valid,0,0,1,0
a011,q21,evaluative,v028,B,0,0,a011-q21-r000,0,valid,0,0,1,0
a011,q21,evaluative,v029,A,0,0,a011-q21-r000,0,valid,0,0,1,0
a011,q21,evaluative,v030,B,0,0,a011-q21-r000,0,valid,0,0,1,0
a011,q21,evaluative,v031,D,0,0,a011-q21-r000,0,valid,0,0,1,0
a011,q21,evaluative,v032,A,0,0,a011-q21-r000,0,valid,0,0,1,0
a011,q22,evaluative,v001,D,0,0,a011-q22-r000,0,valid,0,0,1,0
a011,q22,evaluative,v002,C,0,0,a011-q22-r000,0,valid,0,0,1,0
a011,q22,evaluative,v003,B,0,0,a011-q22-r000,0,valid,0,0,1,0
a011,q22,evaluative,v004,A,0,0,a011-q22-r000,0,valid,0,0,1,0
a011,q22,evaluative,v005,D,0,0,a011-q22-r000,0,valid,0,0,1,0
a011,q22,evaluative,v006,A,0,0,a011-q22-r000,0,valid,0,0,1,0
a011,q22,evaluative,v007,B,0,0,a011-q22-r000,0,valid,0,0,1,0
a011,q22,evaluative,v008,D,0,0,a011-q22-r000,0,valid,0,0,1,0
a011,q22,evaluative,v009,D,0,0,a011-q22-r000,0,valid,0,0,1,0
a011,q22,evaluative,v010,B,0,0,a011-q22-r000,0,valid,0,0,1,0
a011,q22,evaluative,v011,B,0,0,a011-q22-r000,0,valid,0,0,1,0
a011,q22,evaluative,v012,C,0,0,a011-q22-r000,0,valid,0,0,1,0
a011,q22,evaluative,v013,C,0,0,a011-q22-r000,0,valid,0,0,1,0
a011,q22,evaluative,v014,B,0,0,a011-q22-r000,0,valid,0,0,1,0
a011,q22,evaluative,v015,B,0,0,a011-q22-r000,0,valid,0,0,1,0
a011,q22,evaluative,v016,C,0,0,a011-q22-r000,0,valid,0,0,1,0
a011,q22,evaluative,v017,D,0,0,a011-q22-r000,0,valid,0,0,1,0
a011,q22,evaluative,v018,D,0,0,a011-q22-r000,0,valid,0,0,1,0
a011,q22,evaluative,v019,D,0,0,a011-q22-r000,0,valid,0,0,1,0
a011,q22,evaluative,v020,A,0,0,a011-q22-r000,0,valid,0,0,1,0
a011,q22,evaluative,v021,C,0,0,a011-q22-r000,0,valid,0,0,1,0
a011,q22,evaluative,v022,A,0,0,a011-q22-r000,0,valid,0,0,1,0
a011,q22,evaluative,v023,C,0,0,a011-q22-r000,0,valid,0,0,1,0
a011,q22,evaluative,v024,C,0,0,a011-q22-r000,0,valid,0,0,1,0
a011,q22,evaluative,v025,A,0,0,a011-q22-r000,0,valid,0,0,1,0
a011,q22,evaluative,v026,C,0,0,a011-q22-r000,0,valid,0,0,1,0
a011,q22,evaluative,v027,A,0,0,a011-q22-r000,0,valid,0,0,1,0
a011,q22,evaluative,v028,B,0,0,a011-q22-r000,0,valid,0,0,1,0
a011,q22,evaluative,v029,A,0,0,a011-q22-r000,0,valid,0,0,1,0
a011,q22,evaluative,v030,B,0,0,a011-q22-r000,0,valid,0,0,1,0
a011,q22,evaluative,v031,D,0,0,a011-q22-r000,0,valid,0,0,1,0
a011,q22,evaluative,v032,A,0,0,a011-q22-r000,0,valid,0,0,1,0
a011,q23,evaluative,v001,D,0,0,a011-q23-r000,0,valid,0,0,0,0
a011,q23,evaluative,v002,C,0,0,a011-q23-r000,0,valid,0,0,0,0
a011,q23,evaluative,v003,B,0,0,a011-q23-r000,0,valid,0,0,0,0
a011,q23,evaluative,v004,A,0,0,a011-q23-r000,0,valid,0,0,0,0
a011,q23,evaluative,v005,D,0,0,a011-q23-r000,0,valid,0,0,0,0
a011,q23,evaluative,v006,A,0,0,a011-q23-r000,0,valid,0,0,0,0
a011,q23,evaluative,v007,B,1,1,a011-q23-r000,0,valid,1,1,0,0
a011,q23,evaluative,v008,D,0,0,a011-q23-r000,0,valid,0,0,0,0
a011,q23,evaluative,v009,D,0,0,a011-q23-r000,0,valid,0,0,0,0
a011,q23,evaluative,v010,B,0,0,a011-q23-r000,0,valid,0,0,0,0
a011,q23,evaluative,v011,B,0,0,a011-q23-r000,0,valid,0,0,0,0
a011,q23,evaluative,v012,C,0,0,a011-q23-r000,0,valid,0,0,0,0
a011,q23,evaluative,v013,C,0,0,a011-q23-r000,0,valid,0,0,0,0
a011,q23,evaluative,v014,B,0,0,a011-q23-r000,0,valid,0,0,0,0
a011,q23,evaluative,v015,B,0,0,a011-q23-r000,0,valid,0,0,0,0
a011,q23,evaluative,v016,C,0,0,a011-q23-r000,0,valid,0,0,0,0
a011,q23,evaluative,v017,D,0,0,a011-q23-r000,0,valid,0,0,0,0
a011,q23,evaluative,v018,D,0,0,a011-q23-r000,0,valid,0,0,0,0
a011,q23,evaluative,v019,D,0,0,a011-q23-r000,0,valid,0,0,0,0
a011,q23,evaluative,v020,A,0,0,a011-q23-r000,0,valid,0,0,0,0
a011,q23,evaluative,v021,C,0,0,a011-q23-r000,0,valid,0,0,0,0
a011,q23,evaluative,v022,A,0,0,a011-q23-r000,0,valid,0,0,0,0
a011,q23,evaluative,v023,C,0,0,a011-q23-r000,0,valid,0,0,0,0
a011,q23,evaluative,v024,C,0,0,a011-q23-r000,0,valid,0,0,0,0
a011,q23,evaluative,v025,A,0,0,a011-q23-r000,0,valid,0,0,0,0
a011,q23,evaluative,v026,C,0,0,a011-q23-r000,0,valid,0,0,0,0
a011,q23,evaluative,v027,A,1,1,a011-q23-r000,0,valid,1,1,0,0
a011,q23,evaluative,v028,B,0,0,a011-q23-r000,0,valid,0,0,0,0
a011,q23,evaluative,v029,A,0,0,a011-q23-r000,0,valid,0,0,0,0
a011,q23,evaluative,v030,B,0,0,a011-q23-r000,0,valid,0,0,0,0
a011,q23,evaluative,v031,D,1,1,a011-q23-r000,0,valid,1,1,0,0
a011,q23,evaluative,v032,A,0,0,a011-q23-r000,0,valid,0,0,0,0
a011,q24,evaluative,v001,D,0,0,a011-q24-r000,0,valid,0,0,1,0
a011,q24,evaluative,v002,C,0,0,a011-q24-r000,0,valid,0,0,1,0
a011,q24,evaluative,v003,B,0,0,a011-q24-r000,0,valid,0,0,1,0
a011,q24,evaluative,v004,A,0,0,a011-q24-r000,0,valid,0,0,1,0
a011,q24,evaluative,v005,D,0,0,a011-q24-r000,0,valid,0,0,1,0
a011,q24,evaluative,v006,A,0,0,a011-q24-r000,0,valid,0,0,1,0
a011,q24,evaluative,v007,B,0,0,a011-q24-r000,0,valid,0,0,1,0
a011,q24,evaluative,v008,D,0,0,a011-q24-r000,0,valid,0,0,1,0
a011,q24,evaluative,v009,D,0,0,a011-q24-r000,0,valid,0,0,1,0
a011,q24,evaluative,v010,B,0,0,a011-q24-r000,0,valid,0,0,1,0
a011,q24,evaluative,v011,B,0,0,a011-q24-r000,0,valid,0,0,1,0
a011,q24,evaluative,v012,C,0,0,a011-q24-r000,0,valid,0,0,1,0
a011,q24,evaluative,v013,C,0,0,a011-q24-r000,0,valid,0,0,1,0
a011,q24,evaluative,v014,B,0,0,a011-q24-r000,0,valid,0,0,1,0
a011,q24,evaluative,v015,B,0,0,a011-q24-r000,0,valid,0,0,1,0
a011,q24,evaluative,v016,C,0,0,a011-q24-r000,0,valid,0,0,1,0
a011,q24,evaluative,v017,D,0,0,a011-q24-r000,0,valid,0,0,1,0
a011,q24,evaluative,v018,D,0,0,a011-q24-r000,0,valid,0,0,1,0
a011,q24,evaluative,v019,D,0,0,a011-q24-r000,0,valid,0,0,1,0
a011,q24,evaluative,v020,A,0,0,a011-q24-r000,0,valid,0,0,1,0
a011,q24,evaluative,v021,C,0,0,a011-q24-r000,0,valid,0,0,1,0
a011,q24,evaluative,v022,A,0,0,a011-q24-r000,0,valid,0,0,1,0
a011,q24,evaluative,v023,C,0,0,a011-q24-r000,0,valid,0,0,1,0
a011,q24,evaluative,v024,C,0,0,a011-q24-r000,0,valid,0,0,1,0
a011,q24,evaluative,v025,A,0,0,a011-q24-r000,0,valid,0,0,1,0
a011,q24,evaluative,v026,C,0,0,a011-q24-r000,0,valid,0,0,1,0
a011,q24,evaluative,v027,A,0,0,a011-q24-r000,0,valid,0,0,1,0
a011,q24,evaluative,v028,B,0,0,a011-q24-r000,0,valid,0,0,1,0
a011,q24,evaluative,v029,A,0,0,a011-q24-r000,0,valid,0,0,1,0
a011,q24,evaluative,v030,B,0,0,a011-q24-r000,0,valid,0,0,1,0
a011,q24,evaluative,v031,D,0,0,a011-q24-r000,0,valid,0,0,1,0
a011,q24,evaluative,v032,A,0,0,a011-q24-r000,0,valid,0,0,1,0
a012,q01,transactional,v001,A,0,0,a012-q01-r000,0,valid,0,0,1,0
a012,q01,transactional,v002,D,0,0,a012-q01-r000,0,valid,0,0,1,0
a012,q01,transactional,v003,C,0,0,a012-q01-r000,0,valid,0,0,1,0
a012,q01,transactional,v004,A,0,0,a012-q01-r000,0,valid,0,0,1,0
a012,q01,transactional,v005,B,0,0,a012-q01-r000,0,valid,0,0,1,0
a012,q01,transactional,v006,B,0,0,a012-q01-r000,0,valid,0,0,1,0
a012,q01,transactional,v007,C,0,0,a012-q01-r000,0,valid,0,0,1,0
a012,q01,transactional,v008,C,0,0,a012-q01-r000,0,valid,0,0,1,0
a012,q01,transactional,v009,D,0,0,a012-q01-r000,0,valid,0,0,1,0
a012,q01,transactional,v010,B,0,0,a012-q01-r000,0,valid,0,0,1,0
a012,q01,transactional,v011,D,0,0,a012-q01-r000,0,valid,0,0,1,0
a012,q01,transactional,v012,D,0,0,a012-q01-r000,0,valid,0,0,1,0
a012,q01,transactional,v013,C,0,0,a012-q01-r000,0,valid,0,0,1,0
a012,q01,transactional,v014,C,0,0,a012-q01-r000,0,valid,0,0,1,0
a012,q01,transactional,v015,D,0,0,a012-q01-r000,0,valid,0,0,1,0
a012,q01,transactional,v016,C,0,0,a012-q01-r000,0,valid,0,0,1,0
a012,q01,transactional,v017,D,0,0,a012-q01-r000,0,valid,0,0,1,0
a012,q01,transactional,v018,A,0,0,a012-q01-r000,0,valid,0,0,1,0
a012,q01,transactional,v019,C,0,0,a012-q01-r000,0,valid,0,0,1,0
a012,q01,transactional,v020,A,0,0,a012-q01-r000,0,valid,0,0,1,0
a012,q01,transactional,v021,B,0,0,a012-q01-r000,0,valid,0,0,1,0
a012,q01,transactional,v022,A,0,0,a012-q01-r000,0,valid,0,0,1,0
a012,q01,transactional,v023,D,0,0,a012-q01-r000,0,valid,0,0,1,0
a012,q01,transactional,v024,A,0,0,a012-q01-r000,0,valid,0,0,1,0
a012,q01,transactional,v025,D,0,0,a012-q01-r000,0,valid,0,0,1,0
a012,q01,transactional,v026,B,0,0,a012-q01-r000,0,valid,0,0,1,0
a012,q01,transactional,v027,B,0,0,a012-q01-r000,0,valid,0,0,1,0
a012,q01,transactional,v028,C,0,0,a012-q01-r000,0,valid,0,0,1,0
a012,q01,transactional,v029,A,0,0,a012-q01-r000,0,valid,0,0,1,0
a012,q01,transactional,v030,B,0,0,a012-q01-r000,0,valid,0,0,1,0
a012,q01,transactional,v031,B,0,0,a012-q01-r000,0,valid,0,0,1,0
a012,q01,transactional,v032,A,0,0,a012-q01-r000,0,valid,0,0,1,0
a012,q02,transactional,v001,A,0,0,a012-q02-r000,0,valid,0,0,1,0
a012,q02,transactional,v002,D,0,0,a012-q02-r000,0,valid,0,0,1,0
a012,q02,transactional,v003,C,0,0,a012-q02-r000,0,valid,0,0,1,0
a012,q02,transactional,v004,A,0,0,a012-q02-r000,0,valid,0,0,1,0
a012,q02,transactional,v005,B,0,0,a012-q02-r000,0,valid,0,0,1,0
a012,q02,transactional,v006,B,0,0,a012-q02-r000,0,valid,0,0,1,0
a012,q02,transactional,v007,C,0,0,a012-q02-r000,0,valid,0,0,1,0
a012,q02,transactional,v008,C,0,0,a012-q02-r000,0,valid,0,0,1,0
a012,q02,transactional,v009,D,0,0,a012-q02-r000,0,valid,0,0,1,0
a012,q02,transactional,v010,B,0,0,a012-q02-r000,0,valid,0,0,1,0
a012,q02,transactional,v011,D,0,0,a012-q02-r000,0,valid,0,0,1,0
a012,q02,transactional,v012,D,0,0,a012-q02-r000,0,valid,0,0,1,0
a012,q02,transactional,v013,C,0,0,a012-q02-r000,0,valid,0,0,1,0
a012,q02,transactional,v014,C,0,0,a012-q02-r000,0,valid,0,0,1,0
a012,q02,transactional,v015,D,0,0,a012-q02-r000,0,valid,0,0,1,0
a012,q02,transactional,v016,C,0,0,a012-q02-r000,0,valid,0,0,1,0
a012,q02,transactional,v017,D,0,0,a012-q02-r000,0,valid,0,0,1,0
a012,q02,transactional,v018,A,0,0,a012-q02-r000,0,valid,0,0,1,0
a012,q02,transactional,v019,C,0,0,a012-q02-r000,0,valid,0,0,1,0
a012,q02,transactional,v020,A,0,0,a012-q02-r000,0,valid,0,0,1,0
a012,q02,transactional,v021,B,0,0,a012-q02-r000,0,valid,0,0,1,0
a012,q02,transactional,v022,A,0,0,a012-q02-r000,0,valid,0,0,1,0
a012,q02,transactional,v023,D,0,0,a012-q02-r000,0,valid,0,0,1,0
a012,q02,transactional,v024,A,0,0,a012-q02-r000,0,valid,0,0,1,0
a012,q02,transactional,v025,D,0,0,a012-q02-r000,0,valid,0,0,1,0
a012,q02,transactional,v026,B,0,0,a012-q02-r000,0,valid,0,0,1,0
a012,q02,transactional,v027,B,0,0,a012-q02-r000,0,valid,0,0,1,0
a012,q02,transactional,v028,C,0,0,a012-q02-r000,0,valid,0,0,1,0
a012,q02,transactional,v029,A,0,0,a012-q02-r000,0,valid,0,0,1,0
a012,q02,transactional,v030,B,0,0,a012-q02-r000,0,valid,0,0,1,0
a012,q02,transactional,v031,B,0,0,a012-q02-r000,0,valid,0,0,1,0
a012,q02,transactional,v032,A,0,0,a012-q02-r000,0,valid,0,0,1,0
a012,q03,transactional,v001,A,0,0,a012-q03-r000,0,valid,0,0,0,0
a012,q03,transactional,v002,D,1,1,a012-q03-r000,0,valid,1,1,0,0
a012,q03,transactional,v003,C,0,0,a012-q03-r000,0,valid,0,0,0,0
a012,q03,transactional,v004,A,0,0,a012-q03-r000,0,valid,0,0,0,0
a012,q03,transactional,v005,B,0,0,a012-q03-r000,0,valid,0,0,0,0
a012,q03,transactional,v006,B,0,0,a012-q03-r000,0,valid,0,0,0,0
a012,q03,transactional,v007,C,0,0,a012-q03-r000,0,valid,0,0,0,0
a012,q03,transactional,v008,C,0,0,a012-q03-r000,0,valid,0,0,0,0
a012,q03,transactional,v009,D,0,0,a012-q03-r000,0,valid,0,0,0,0
a012,q03,transactional,v010,B,0,0,a012-q03-r000,0,valid,0,0,0,0
a012,q03,transactional,v011,D,0,0,a012-q03-r000,0,valid,0,0,0,0
a012,q03,transactional,v012,D,0,0,a012-q03-r000,0,valid,0,0,0,0
a012,q03,transactional,v013,C,0,0,a012-q03-r000,0,valid,0,0,0,0
a012,q03,transactional,v014,C,0,0,a012-q03-r000,0,valid,0,0,0,0
a012,q03,transactional,v015,D,0,0,a012-q03-r000,0,valid,0,0,0,0
a012,q03,transactional,v016,C,0,0,a012-q03-r000,0,valid,0,0,0,0
a012,q03,transactional,v017,D,0,0,a012-q03-r000,0,valid,0,0,0,0
a012,q03,transactional,v018,A,1,1,a012-q03-r000,0,valid,1,1,0,0
a012,q03,transactional,v019,C,0,0,a012-q03-r000,0,valid,0,0,0,0
a012,q03,transactional,v020,A,0,0,a012-q03-r000,0,valid,0,0,0,0
a012,q03,transactional,v021,B,0,0,a012-q03-r000,0,valid,0,0,0,0
a012,q03,transactional,v022,A,0,0,a012-q03-r000,0,valid,0,0,0,0
a012,q03,transactional,v023,D,0,0,a012-q03-r000,0,valid,0,0,0,0
a012,q03,transactional,v024,A,0,0,a012-q03-r000,0,valid,0,0,0,0
a012,q03,transactional,v025,D,0,0,a012-q03-r000,0,valid,0,0,0,0
a012,q03,transactional,v026,B,0,0,a012-q03-r000,0,valid,0,0,0,0
a012,q03,transactional,v027,B,0,0,a012-q03-r000,0,valid,0,0,0,0
a012,q03,transactional,v028,C,0,0,a012-q03-r000,0,valid,0,0,0,0
a012,q03,transactional,v029,A,0,0,a012-q03-r000,0,valid,0,0,0,0
a012,q03,transactional,v030,B,0,0,a012-q03-r000,0,valid,0,0,0,0
a012,q03,transactional,v031,B,0,0,a012-q03-r000,0,valid,0,0,0,0
a012,q03,transactional,v032,A,0,0,a012-q03-r000,0,valid,0,0,0,0
a012,q04,transactional,v001,A,1,1,a012-q04-r000,0,valid,1,1,0,0
a012,q04,transactional,v002,D,0,0,a012-q04-r000,0,valid,0,0,0,0
a012,q04,transactional,v003,C,0,0,a012-q04-r000,0,valid,0,0,0,0
a012,q04,transactional,v004,A,0,0,a012-q04-r000,0,valid,0,0,0,0
a012,q04,transactional,v005,B,0,0,a012-q04-r000,0,valid,0,0,0,0
a012,q04,transactional,v006,B,0,0,a012-q04-r000,0,valid,0,0,0,0
a012,q04,transactional,v007,C,0,0,a012-q04-r000,0,valid,0,0,0,0
a012,q04,transactional,v008,C,0,0,a012-q04-r000,0,valid,0,0,0,0
a012,q04,transactional,v009,D,0,0,a012-q04-r000,0,valid,0,0,0,0
a012,q04,transactional,v010,B,0,0,a012-q04-r000,0,valid,0,0,0,0
a012,q04,transactional,v011,D,0,0,a012-q04-r000,0,valid,0,0,0,0
a012,q04,transactional,v012,D,0,0,a012-q04-r000,0,valid,0,0,0,0
a012,q04,transactional,v013,C,0,0,a012-q04-r000,0,valid,0,0,0,0
a012,q04,transactional,v014,C,0,0,a012-q04-r000,0,valid,0,0,0,0
a012,q04,transactional,v015,D,0,0,a012-q04-r000,0,valid,0,0,0,0
a012,q04,transactional,v016,C,0,0,a012-q04-r000,0,valid,0,0,0,0
a012,q04,transactional,v017,D,0,0,a012-q04-r000,0,valid,0,0,0,0
a012,q04,transactional,v018,A,0,0,a012-q04-r000,0,valid,0,0,0,0
a012,q04,transactional,v019,C,0,0,a012-q04-r000,0,valid,0,0,0,0
a012,q04,transactional,v020,A,0,0,a012-q04-r000,0,valid,0,0,0,0
a012,q04,transactional,v021,B,0,0,a012-q04-r000,0,valid,0,0,0,0
a012,q04,transactional,v022,A,0,0,a012-q04-r000,0,valid,0,0,0,0
a012,q04,transactional,v023,D,0,0,a012-q04-r000,0,valid,0,0,0,0
a012,q04,transactional,v024,A,0,0,a012-q04-r000,0,valid,0,0,0,0
a012,q04,transactional,v025,D,1,1,a012-q04-r000,0,valid,1,1,0,0
a012,q04,transactional,v026,B,0,0,a012-q04-r000,0,valid,0,0,0,0
a012,q04,transactional,v027,B,0,0,a012-q04-r000,0,valid,0,0,0,0
a012,q04,transactional,v028,C,0,0,a012-q04-r000,0,valid,0,0,0,0
a012,q04,transactional,v029,A,0,0,a012-q04-r000,0,valid,0,0,0,0
a012,q04,transactional,v030,B,0,0,a012-q04-r000,0,valid,0,0,0,0
a012,q04,transactional,v031,B,0,0,a012-q04-r000,0,valid,0,0,0,0
a012,q04,transactional,v032,A,0,0,a012-q04-r000,0,valid,0,0,0,0
a012,q05,transactional,v001,A,0,0,a012-q05-r000,0,valid,0,0,0,0
a012,q05,transactional,v002,D,0,0,a012-q05-r000,0,valid,0,0,0,0
a012,q05,transactional,v003,C,0,0,a012-q05-r000,0,valid,0,0,0,0
a012,q05,transactional,v004,A,0,0,a012-q05-r000,0,valid,0,0,0,0
a012,q05,transactional,v005,B,0,0,a012-q05-r000,0,valid,0,0,0,0
a012,q05,transactional,v006,B,0,0,a012-q05-r000,0,valid,0,0,0,0
a012,q05,transactional,v007,C,0,0,a012-q05-r000,0,valid,0,0,0,0
a012,q05,transactional,v008,C,0,0,a012-q05-r000,0,valid,0,0,0,0
a012,q05,transactional,v009,D,0,0,a012-q05-r000,0,valid,0,0,0,0
a012,q05,transactional,v010,B,0,0,a012-q05-r000,0,valid,0,0,0,0
a012,q05,transactional,v011,D,0,0,a012-q05-r000,0,valid,0,0,0,0
a012,q05,transactional,v012,D,0,0,a012-q05-r000,0,valid,0,0,0,0
a012,q05,transactional,v013,C,0,0,a012-q05-r000,0,valid,0,0,0,0
a012,q05,transactional,v014,C,0,0,a012-q05-r000,0,valid,0,0,0,0
a012,q05,transactional,v015,D,0,0,a012-q05-r000,0,valid,0,0,0,0
a012,q05,transactional,v016,C,0,0,a012-q05-r000,0,valid,0,0,0,0
a012,q05,transactional,v017,D,0,0,a012-q05-r000,0,valid,0,0,0,0
a012,q05,transactional,v018,A,0,0,a012-q05-r000,0,valid,0,0,0,0
a012,q05,transactional,v019,C,0,0,a012-q05-r000,0,valid,0,0,0,0
a012,q05,transactional,v020,A,1,1,a012-q05-r000,0,valid,1,1,0,0
a012,q05,transactional,v021,B,0,0,a012-q05-r000,0,valid,0,0,0,0
a012,q05,transactional,v022,A,0,0,a012-q05-r000,0,valid,0,0,0,0
a012,q05,transactional,v023,D,0,0,a012-q05-r000,0,valid,0,0,0,0
a012,q05,transactional,v024,A,1,1,a012-q05-r000,0,valid,1,1,0,0
a012,q05,transactional,v025,D,0,0,a012-q05-r000,0,valid,0,0,0,0
a012,q05,transactional,v026,B,0,0,a012-q05-r000,0,valid,0,0,0,0
a012,q05,transactional,v027,B,0,0,a012-q05-r000,0,valid,0,0,0,0
a012,q05,transactional,v028,C,0,0,a012-q05-r000,0,valid,0,0,0,0
a012,q05,transactional,v029,A,0,0,a012-q05-r000,0,valid,0,0,0,0
a012,q05,transactional,v030,B,0,0,a012-q05-r000,0,valid,0,0,0,0
a012,q05,transactional,v031,B,0,0,a012-q05-r000,0,valid,0,0,0,0
a012,q05,transactional,v032,A,0,0,a012-q05-r000,0,valid,0,0,0,0
a012,q06,transactional,v001,A,0,0,a012-q06-r000,0,valid,0,0,1,0
a012,q06,transactional,v002,D,0,0,a012-q06-r000,0,valid,0,0,1,0
a012,q06,transactional,v003,C,0,0,a012-q06-r000,0,valid,0,0,1,0
a012,q06,transactional,v004,A,0,0,a012-q06-r000,0,valid,0,0,1,0
a012,q06,transactional,v005,B,0,0,a012-q06-r000,0,valid,0,0,1,0
a012,q06,transactional,v006,B,0,0,a012-q06-r000,0,valid,0,0,1,0
a012,q06,transactional,v007,C,0,0,a012-q06-r000,0,valid,0,0,1,0
a012,q06,transactional,v008,C,0,0,a012-q06-r000,0,valid,0,0,1,0
a012,q06,transactional,v009,D,0,0,a012-q06-r000,0,valid,0,0,1,0
a012,q06,transactional,v010,B,0,0,a012-q06-r000,0,valid,0,0,1,0
a012,q06,transactional,v011,D,0,0,a012-q06-r000,0,valid,0,0,1,0
a012,q06,transactional,v012,D,0,0,a012-q06-r000,0,valid,0,0,1,0
a012,q06,transactional,v013,C,0,0,a012-q06-r000,0,valid,0,0,1,0
a012,q06,transactional,v014,C,0,0,a012-q06-r000,0,valid,0,0,1,0
a012,q06,transactional,v015,D,0,0,a012-q06-r000,0,valid,0,0,1,0
a012,q06,transactional,v016,C,0,0,a012-q06-r000,0,valid,0,0,1,0
a012,q06,transactional,v017,D,0,0,a012-q06-r000,0,valid,0,0,1,0
a012,q06,transactional,v018,A,0,0,a012-q06-r000,0,valid,0,0,1,0
a012,q06,transactional,v019,C,0,0,a012-q06-r000,0,valid,0,0,1,0
a012,q06,transactional,v020,A,0,0,a012-q06-r000,0,valid,0,0,1,0
a012,q06,transactional,v021,B,0,0,a012-q06-r000,0,valid,0,0,1,0
a012,q06,transactional,v022,A,0,0,a012-q06-r000,0,valid,0,0,1,0
a012,q06,transactional,v023,D,0,0,a012-q06-r000,0,valid,0,0,1,0
a012,q06,transactional,v024,A,0,0,a012-q06-r000,0,valid,0,0,1,0
a012,q06,transactional,v025,D,0,0,a012-q06-r000,0,valid,0,0,1,0
a012,q06,transactional,v026,B,0,0,a012-q06-r000,0,valid,0,0,1,0
a012,q06,transactional,v027,B,0,0,a012-q06-r000,0,valid,0,0,1,0
a012,q06,transactional,v028,C,0,0,a012-q06-r000,0,valid,0,0,1,0
a012,q06,transactional,v029,A,0,0,a012-q06-r000,0,valid,0,0,1,0
a012,q06,transactional,v030,B,0,0,a012-q06-r000,0,valid,0,0,1,0
a012,q06,transactional,v031,B,0,0,a012-q06-r000,0,valid,0,0,1,0
a012,q06,transactional,v032,A,0,0,a012-q06-r000,0,valid,0,0,1,0
a012,q07,transactional,v001,A,0,0,a012-q07-r000,0,valid,0,0,1,0
a012,q07,transactional,v002,D,0,0,a012-q07-r000,0,valid,0,0,1,0
a012,q07,transactional,v003,C,0,0,a012-q07-r000,0,valid,0,0,1,0
a012,q07,transactional,v004,A,0,0,a012-q07-r000,0,valid,0,0,1,0
a012,q07,transactional,v005,B,0,0,a012-q07-r000,0,valid,0,0,1,0
a012,q07,transactional,v006,B,0,0,a012-q07-r000,0,valid,0,0,1,0
a012,q07,transactional,v007,C,0,0,a012-q07-r000,0,valid,0,0,1,0
a012,q07,transactional,v008,C,0,0,a012-q07-r000,0,valid,0,0,1,0
a012,q07,transactional,v009,D,0,0,a012-q07-r000,0,valid,0,0,1,0
a012,q07,transactional,v010,B,0,0,a012-q07-r000,0,valid,0,0,1,0
a012,q07,transactional,v011,D,0,0,a012-q07-r000,0,valid,0,0,1,0
a012,q07,transactional,v012,D,0,0,a012-q07-r000,0,valid,0,0,1,0
a012,q07,transactional,v013,C,0,0,a012-q07-r000,0,valid,0,0,1,0
a012,q07,transactional,v014,C,0,0,a012-q07-r000,0,valid,0,0,1,0
a012,q07,transactional,v015,D,0,0,a012-q07-r000,0,valid,0,0,1,0
a012,q07,transactional,v016,C,0,0,a012-q07-r000,0,valid,0,0,1,0
a012,q07,transactional,v017,D,0,0,a012-q07-r000,0,valid,0,0,1,0
a012,q07,transactional,v018,A,0,0,a012-q07-r000,0,valid,0,0,1,0
a012,q07,transactional,v019,C,0,0,a012-q07-r000,0,valid,0,0,1,0
a012,q07,transactional,v020,A,0,0,a012-q07-r000,0,valid,0,0,1,0
a012,q07,transactional,v021,B,0,0,a012-q07-r000,0,valid,0,0,1,0
a012,q07,transactional,v022,A,0,0,a012-q07-r000,0,valid,0,0,1,0
a012,q07,transactional,v023,D,0,0,a012-q07-r000,0,valid,0,0,1,0
a012,q07,transactional,v024,A,0,0,a012-q07-r000,0,valid,0,0,1,0
a012,q07,transactional,v025,D,0,0,a012-q07-r000,0,valid,0,0,1,0
a012,q07,transactional,v026,B,0,0,a012-q07-r000,0,valid,0,0,1,0
a012,q07,transactional,v027,B,0,0,a012-q07-r000,0,valid,0,0,1,0
a012,q07,transactional,v028,C,0,0,a012-q07-r000,0,valid,0,0,1,0
a012,q07,transactional,v029,A,0,0,a012-q07-r000,0,valid,0,0,1,0
a012,q07,transactional,v030,B,0,0,a012-q07-r000,0,valid,0,0,1,0
a012,q07,transactional,v031,B,0,0,a012-q07-r000,0,valid,0,0,1,0
a012,q07,transactional,v032,A,0,0,a012-q07-r000,0,valid,0,0,1,0
a012,q08,transactional,v001,A,1,1,a012-q08-r000,0,valid,1,1,0,0
a012,q08,transactional,v002,D,0,0,a012-q08-r000,0,valid,0,0,0,0
a012,q08,transactional,v003,C,0,0,a012-q08-r000,0,valid,0,0,0,0
a012,q08,transactional,v004,A,0,0,a012-q08-r000,0,valid,0,0,0,0
a012,q08,transactional,v005,B,0,0,a012-q08-r000,0,valid,0,0,0,0
a012,q08,transactional,v006,B,0,0,a012-q08-r000,0,valid,0,0,0,0
a012,q08,transactional,v007,C,0,0,a012-q08-r000,0,valid,0,0,0,0
a012,q08,transactional,v008,C,0,0,a012-q08-r000,0,valid,0,0,0,0
a012,q08,transactional,v009,D,0,0,a012-q08-r000,0,valid,0,0,0,0
a012,q08,transactional,v010,B,0,0,a012-q08-r000,0,valid,0,0,0,0
a012,q08,transactional,v011,D,0,0,a012-q08-r000,0,valid,0,0,0,0
a012,q08,transactional,v012,D,0,0,a012-q08-r000,0,valid,0,0,0,0
a012,q08,transactional,v013,C,0,0,a012-q08-r000,0,valid,0,0,0,0
a012,q08,transactional,v014,C,0,0,a012-q08-r000,0,valid,0,0,0,0
a012,q08,transactional,v015,D,0,0,a012-q08-r000,0,valid,0,0,0,0
a012,q08,transactional,v016,C,0,0,a012-q08-r000,0,valid,0,0,0,0
a012,q08,transactional,v017,D,0,0,a012-q08-r000,0,valid,0,0,0,0
a012,q08,transactional,v018,A,0,0,a012-q08-r000,0,valid,0,0,0,0
a012,q08,transactional,v019,C,0,0,a012-q08-r000,0,valid,0,0,0,0
a012,q08,transactional,v020,A,0,0,a012-q08-r000,0,valid,0,0,0,0
a012,q08,transactional,v021,B,0,0,a012-q08-r000,0,valid,0,0,0,0
a012,q08,transactional,v022,A,0,0,a012-q08-r000,0,valid,0,0,0,0
a012,q08,transactional,v023,D,0,0,a012-q08-r000,0,valid,0,0,0,0
a012,q08,transactional,v024,A,0,0,a012-q08-r000,0,valid,0,0,0,0
a012,q08,transactional,v025,D,1,1,a012-q08-r000,0,valid,1,1,0,0
a012,q08,transactional,v026,B,0,0,a012-q08-r000,0,valid,0,0,0,0
a012,q08,transactional,v027,B,0,0,a012-q08-r000,0,valid,0,0,0,0
a012,q08,transactional,v028,C,0,0,a012-q08-r000,0,valid,0,0,0,0
a012,q08,transactional,v029,A,0,0,a012-q08-r000,0,valid,0,0,0,0
a012,q08,transactional,v030,B,0,0,a012-q08-r000,0,valid,0,0,0,0
a012,q08,transactional,v031,B,0,0,a012-q08-r000,0,valid,0,0,0,0
a012,q08,transactional,v032,A,0,0,a012-q08-r000,0,valid,0,0,0,0
a012,q09,transactional,v001,A,0,0,a012-q09-r000,0,valid,0,0,1,0
a012,q09,transactional,v002,D,0,0,a012-q09-r000,0,valid,0,0,1,0
a012,q09,transactional,v003,C,0,0,a012-q09-r000,0,valid,0,0,1,0
a012,q09,transactional,v004,A,0,0,a012-q09-r000,0,valid,0,0,1,0
a012,q09,transactional,v005,B,0,0,a012-q09-r000,0,valid,0,0,1,0
a012,q09,transactional,v006,B,0,0,a012-q09-r000,0,valid,0,0,1,0
a012,q09,transactional,v007,C,0,0,a012-q09-r000,0,valid,0,0,1,0
a012,q09,transactional,v008,C,0,0,a012-q09-r000,0,valid,0,0,1,0
a012,q09,transactional,v009,D,0,0,a012-q09-r000,0,valid,0,0,1,0
a012,q09,transactional,v010,B,0,0,a012-q09-r000,0,valid,0,0,1,0
a012,q09,transactional,v011,D,0,0,a012-q09-r000,0,valid,0,0,1,0
a012,q09,transactional,v012,D,0,0,a012-q09-r000,0,valid,0,0,1,0
a012,q09,transactional,v013,C,0,0,a012-q09-r000,0,valid,0,0,1,0
a012,q09,transactional,v014,C,0,0,a012-q09-r000,0,valid,0,0,1,0
a012,q09,transactional,v015,D,0,0,a012-q09-r000,0,valid,0,0,1,0
a012,q09,transactional,v016,C,0,0,a012-q09-r000,0,valid,0,0,1,0
a012,q09,transactional,v017,D,0,0,a012-q09-r000,0,valid,0,0,1,0
a012,q09,transactional,v018,A,0,0,a012-q09-r000,0,valid,0,0,1,0
a012,q09,transactional,v019,C,0,0,a012-q09-r000,0,valid,0,0,1,0
a012,q09,transactional,v020,A,0,0,a012-q09-r000,0,valid,0,0,1,0
a012,q09,transactional,v021,B,0,0,a012-q09-r000,0,valid,0,0,1,0
a012,q09,transactional,v022,A,0,0,a012-q09-r000,0,valid,0,0,1,0
a012,q09,transactional,v023,D,0,0,a012-q09-r000,0,valid,0,0,1,0
a012,q09,transactional,v024,A,0,0,a012-q09-r000,0,valid,0,0,1,0
a012,q09,transactional,v025,D,0,0,a012-q09-r000,0,valid,0,0,1,0
a012,q09,transactional,v026,B,0,0,a012-q09-r000,0,valid,0,0,1,0
a012,q09,transactional,v027,B,0,0,a012-q09-r000,0,valid,0,0,1,0
a012,q09,transactional,v028,C,0,0,a012-q09-r000,0,valid,0,0,1,0
a012,q09,transactional,v029,A,0,0,a012-q09-r000,0,valid,0,0,1,0
a012,q09,transactional,v030,B,0,0,a012-q09-r000,0,valid,0,0,1,0
a012,q09,transactional,v031,B,0,0,a012-q09-r000,0,valid,0,0,1,0
a012,q09,transactional,v032,A,0,0,a012-q09-r000,0,valid,0,0,1,0
a012,q10,transactional,v001,A,0,0,a012-q10-r000,0,valid,0,0,1,0
a012,q10,transactional,v002,D,0,0,a012-q10-r000,0,valid,0,0,1,0
a012,q10,transactional,v003,C,0,0,a012-q10-r000,0,valid,0,0,1,0
a012,q10,transactional,v004,A,0,0,a012-q10-r000,0,valid,0,0,1,0
a012,q10,transactional,v005,B,0,0,a012-q10-r000,0,valid,0,0,1,0
a012,q10,transactional,v006,B,0,0,a012-q10-r000,0,valid,0,0,1,0
a012,q10,transactional,v007,C,0,0,a012-q10-r000,0,valid,0,0,1,0
a012,q10,transactional,v008,C,0,0,a012-q10-r000,0,valid,0,0,1,0
a012,q10,transactional,v009,D,0,0,a012-q10-r000,0,valid,0,0,1,0
a012,q10,transactional,v010,B,0,0,a012-q10-r000,0,valid,0,0,1,0
a012,q10,transactional,v011,D,0,0,a012-q10-r000,0,valid,0,0,1,0
a012,q10,transactional,v012,D,0,0,a012-q10-r000,0,valid,0,0,1,0
a012,q10,transactional,v013,C,0,0,a012-q10-r000,0,valid,0,0,1,0
a012,q10,transactional,v014,C,0,0,a012-q10-r000,0,valid,0,0,1,0
a012,q10,transactional,v015,D,0,0,a012-q10-r000,0,valid,0,0,1,0
a012,q10,transactional,v016,C,0,0,a012-q10-r000,0,valid,0,0,1,0
a012,q10,transactional,v017,D,0,0,a012-q10-r000,0,valid,0,0,1,0
a012,q10,transactional,v018,A,0,0,a012-q10-r000,0,valid,0,0,1,0
a012,q10,transactional,v019,C,0,0,a012-q10-r000,0,valid,0,0,1,0
a012,q10,transactional,v020,A,0,0,a012-q10-r000,0,valid,0,0,1,0
a012,q10,transactional,v021,B,0,0,a012-q10-r000,0,valid,0,0,1,0
a012,q10,transactional,v022,A,0,0,a012-q10-r000,0,valid,0,0,1,0
a012,q10,transactional,v023,D,0,0,a012-q10-r000,0,valid,0,0,1,0
a012,q10,transactional,v024,A,0,0,a012-q10-r000,0,valid,0,0,1,0
a012,q10,transactional,v025,D,0,0,a012-q10-r000,0,valid,0,0,1,0
a012,q10,transactional,v026,B,0,0,a012-q10-r000,0,valid,0,0,1,0
a012,q10,transactional,v027,B,0,0,a012-q10-r000,0,valid,0,0,1,0
a012,q10,transactional,v028,C,0,0,a012-q10-r000,0,valid,0,0,1,0
a012,q10,transactional,v029,A,0,0,a012-q10-r000,0,valid,0,0,1,0
a012,q10,transactional,v030,B,0,0,a012-q10-r000,0,valid,0,0,1,0
a012,q10,transactional,v031,B,0,0,a012-q10-r000,0,valid,0,0,1,0
a012,q10,transactional,v032,A,0,0,a012-q10-r000,0,valid,0,0,1,0
a012,q11,transactional,v001,A,0,0,a012-q11-r000,0,valid,0,0,1,0
a012,q11,transactional,v002,D,0,0,a012-q11-r000,0,valid,0,0,1,0
a012,q11,transactional,v003,C,0,0,a012-q11-r000,0,valid,0,0,1,0
a012,q11,transactional,v004,A,0,0,a012-q11-r000,0,valid,0,0,1,0
a012,q11,transactional,v005,B,0,0,a012-q11-r000,0,valid,0,0,1,0
a012,q11,transactional,v006,B,0,0,a012-q11-r000,0,valid,0,0,1,0
a012,q11,transactional,v007,C,0,0,a012-q11-r000,0,valid,0,0,1,0
a012,q11,transactional,v008,C,0,0,a012-q11-r000,0,valid,0,0,1,0
a012,q11,transactional,v009,D,0,0,a012-q11-r000,0,valid,0,0,1,0
a012,q11,transactional,v010,B,0,0,a012-q11-r000,0,valid,0,0,1,0
a012,q11,transactional,v011,D,0,0,a012-q11-r000,0,valid,0,0,1,0
a012,q11,transactional,v012,D,0,0,a012-q11-r000,0,valid,0,0,1,0
a012,q11,transactional,v013,C,0,0,a012-q11-r000,0,valid,0,0,1,0
a012,q11,transactional,v014,C,0,0,a012-q11-r000,0,valid,0,0,1,0
a012,q11,transactional,v015,D,0,0,a012-q11-r000,0,valid,0,0,1,0
a012,q11,transactional,v016,C,0,0,a012-q11-r000,0,valid,0,0,1,0
a012,q11,transactional,v017,D,0,0,a012-q11-r000,0,valid,0,0,1,0
a012,q11,transactional,v018,A,0,0,a012-q11-r000,0,valid,0,0,1,0
a012,q11,transactional,v019,C,0,0,a012-q11-r000,0,valid,0,0,1,0
a012,q11,transactional,v020,A,0,0,a012-q11-r000,0,valid,0,0,1,0
a012,q11,transactional,v021,B,0,0,a012-q11-r000,0,valid,0,0,1,0
a012,q11,transactional,v022,A,0,0,a012-q11-r000,0,valid,0,0,1,0
a012,q11,transactional,v023,D,0,0,a012-q11-r000,0,valid,0,0,1,0
a012,q11,transactional,v024,A,0,0,a012-q11-r000,0,valid,0,0,1,0
a012,q11,transactional,v025,D,0,0,a012-q11-r000,0,valid,0,0,1,0
a012,q11,transactional,v026,B,0,0,a012-q11-r000,0,valid,0,0,1,0
a012,q11,transactional,v027,B,0,0,a012-q11-r000,0,valid,0,0,1,0
a012,q11,transactional,v028,C,0,0,a012-q11-r000,0,valid,0,0,1,0
a012,q11,transactional,v029,A,0,0,a012-q11-r000,0,valid,0,0,1,0
a012,q11,transactional,v030,B,0,0,a012-q11-r000,0,valid,0,0,1,0
a012,q11,transactional,v031,B,0,0,a012-q11-r000,0,valid,0,0,1,0
a012,q11,transactional,v032,A,0,0,a012-q11-r000,0,valid,0,0,1,0
a012,q12,transactional,v001,A,0,0,a012-q12-r000,0,valid,0,0,1,0
a012,q12,transactional,v002,D,0,0,a012-q12-r000,0,valid,0,0,1,0
a012,q12,transactional,v003,C,0,0,a012-q12-r000,0,valid,0,0,1,0
a012,q12,transactional,v004,A,0,0,a012-q12-r000,0,valid,0,0,1,0
a012,q12,transactional,v005,B,0,0,a012-q12-r000,0,valid,0,0,1,0
a012,q12,transactional,v006,B,0,0,a012-q12-r000,0,valid,0,0,1,0
a012,q12,transactional,v007,C,0,0,a012-q12-r000,0,valid,0,0,1,0
a012,q12,transactional,v008,C,0,0,a012-q12-r000,0,valid,0,0,1,0
a012,q12,transactional,v009,D,0,0,a012-q12-r000,0,valid,0,0,1,0
a012,q12,transactional,v010,B,0,0,a012-q12-r000,0,valid,0,0,1,0
a012,q12,transactional,v011,D,0,0,a012-q12-r000,0,valid,0,0,1,0
a012,q12,transactional,v012,D,0,0,a012-q12-r000,0,valid,0,0,1,0
a012,q12,transactional,v013,C,0,0,a012-q12-r000,0,valid,0,0,1,0
a012,q12,transactional,v014,C,0,0,a012-q12-r000,0,valid,0,0,1,0
a012,q12,transactional,v015,D,0,0,a012-q12-r000,0,valid,0,0,1,0
a012,q12,transactional,v016,C,0,0,a012-q12-r000,0,valid,0,0,1,0
a012,q12,transactional,v017,D,0,0,a012-q12-r000,0,valid,0,0,1,0
a012,q12,transactional,v018,A,0,0,a012-q12-r000,0,valid,0,0,1,0
a012,q12,transactional,v019,C,0,0,a012-q12-r000,0,valid,0,0,1,0
a012,q12,transactional,v020,A,0,0,a012-q12-r000,0,valid,0,0,1,0
a012,q12,transactional,v021,B,0,0,a012-q12-r000,0,valid,0,0,1,0
a012,q12,transactional,v022,A,0,0,a012-q12-r000,0,valid,0,0,1,0
a012,q12,transactional,v023,D,0,0,a012-q12-r000,0,valid,0,0,1,0
a012,q12,transactional,v024,A,0,0,a012-q12-r000,0,valid,0,0,1,0
a012,q12,transactional,v025,D,0,0,a012-q12-r000,0,valid,0,0,1,0
a012,q12,transactional,v026,B,0,0,a012-q12-r000,0,valid,0,0,1,0
a012,q12,transactional,v027,B,0,0,a012-q12-r000,0,valid,0,0,1,0
a012,q12,transactional,v028,C,0,0,a012-q12-r000,0,valid,0,0,1,0
a012,q12,transactional,v029,A,0,0,a012-q12-r000,0,valid,0,0,1,0
a012,q12,transactional,v030,B,0,0,a012-q12-r000,0,valid,0,0,1,0
a012,q12,transactional,v031,B,0,0,a012-q12-r000,0,valid,0,0,1,0
a012,q12,transactional,v032,A,0,0,a012-q12-r000,0,valid,0,0,1,0
a012,q13,evaluative,v001,A,0,0,a012-q13-r000,0,valid,0,0,1,0
a012,q13,evaluative,v002,D,0,0,a012-q13-r000,0,valid,0,0,1,0
a012,q13,evaluative,v003,C,0,0,a012-q13-r000,0,valid,0,0,1,0
a012,q13,evaluative,v004,A,0,0,a012-q13-r000,0,valid,0,0,1,0
a012,q13,evaluative,v005,B,0,0,a012-q13-r000,0,valid,0,0,1,0
a012,q13,evaluative,v006,B,0,0,a012-q13-r000,0,valid,0,0,1,0
a012,q13,evaluative,v007,C,0,0,a012-q13-r000,0,valid,0,0,1,0
a012,q13,evaluative,v008,C,0,0,a012-q13-r000,0,valid,0,0,1,0
a012,q13,evaluative,v009,D,0,0,a012-q13-r000,0,valid,0,0,1,0
a012,q13,evaluative,v010,B,0,0,a012-q13-r000,0,valid,0,0,1,0
a012,q13,evaluative,v011,D,0,0,a012-q13-r000,0,valid,0,0,1,0
a012,q13,evaluative,v012,D,0,0,a012-q13-r000,0,valid,0,0,1,0
a012,q13,evaluative,v013,C,0,0,a012-q13-r000,0,valid,0,0,1,0
a012,q13,evaluative,v014,C,0,0,a012-q13-r000,0,valid,0,0,1,0
a012,q13,evaluative,v015,D,0,0,a012-q13-r000,0,valid,0,0,1,0
a012,q13,evaluative,v016,C,0,0,a012-q13-r000,0,valid,0,0,1,0
a012,q13,evaluative,v017,D,0,0,a012-q13-r000,0,valid,0,0,1,0
a012,q13,evaluative,v018,A,0,0,a012-q13-r000,0,valid,0,0,1,0
a012,q13,evaluative,v019,C,0,0,a012-q13-r000,0,valid,0,0,1,0
a012,q13,evaluative,v020,A,0,0,a012-q13-r000,0,valid,0,0,1,0
a012,q13,evaluative,v021,B,0,0,a012-q13-r000,0,valid,0,0,1,0
a012,q13,evaluative,v022,A,0,0,a012-q13-r000,0,valid,0,0,1,0
a012,q13,evaluative,v023,D,0,0,a012-q13-r000,0,valid,0,0,1,0
a012,q13,evaluative,v024,A,0,0,a012-q13-r000,0,valid,0,0,1,0
a012,q13,evaluative,v025,D,0,0,a012-q13-r000,0,valid,0,0,1,0
a012,q13,evaluative,v026,B,0,0,a012-q13-r000,0,valid,0,0,1,0
a012,q13,evaluative,v027,B,0,0,a012-q13-r000,0,valid,0,0,1,0
a012,q13,evaluative,v028,C,0,0,a012-q13-r000,0,valid,0,0,1,0
a012,q13,evaluative,v029,A,0,0,a012-q13-r000,0,valid,0,0,1,0
a012,q13,evaluative,v030,B,0,0,a012-q13-r000,0,valid,0,0,1,0
a012,q13,evaluative,v031,B,0,0,a012-q13-r000,0,valid,0,0,1,0
a012,q13,evaluative,v032,A,0,0,a012-q13-r000,0,valid,0,0,1,0
a012,q14,evaluative,v001,A,0,0,a012-q14-r000,0,valid,0,0,1,0
a012,q14,evaluative,v002,D,0,0,a012-q14-r000,0,valid,0,0,1,0
a012,q14,evaluative,v003,C,0,0,a012-q14-r000,0,valid,0,0,1,0
a012,q14,evaluative,v004,A,0,0,a012-q14-r000,0,valid,0,0,1,0
a012,q14,evaluative,v005,B,0,0,a012-q14-r000,0,valid,0,0,1,0
a012,q14,evaluative,v006,B,0,0,a012-q14-r000,0,valid,0,0,1,0
a012,q14,evaluative,v007,C,0,0,a012-q14-r000,0,valid,0,0,1,0
a012,q14,evaluative,v008,C,0,0,a012-q14-r000,0,valid,0,0,1,0
a012,q14,evaluative,v009,D,0,0,a012-q14-r000,0,valid,0,0,1,0
a012,q14,evaluative,v010,B,0,0,a012-q14-r000,0,valid,0,0,1,0
a012,q14,evaluative,v011,D,0,0,a012-q14-r000,0,valid,0,0,1,0
a012,q14,evaluative,v012,D,0,0,a012-q14-r000,0,valid,0,0,1,0
a012,q14,evaluative,v013,C,0,0,a012-q14-r000,0,valid,0,0,1,0
a012,q14,evaluative,v014,C,0,0,a012-q14-r000,0,valid,0,0,1,0
a012,q14,evaluative,v015,D,0,0,a012-q14-r000,0,valid,0,0,1,0
a012,q14,evaluative,v016,C,0,0,a012-q14-r000,0,valid,0,0,1,0
a012,q14,evaluative,v017,D,0,0,a012-q14-r000,0,valid,0,0,1,0
a012,q14,evaluative,v018,A,0,0,a012-q14-r000,0,valid,0,0,1,0
a012,q14,evaluative,v019,C,0,0,a012-q14-r000,0,valid,0,0,1,0
a012,q14,evaluative,v020,A,0,0,a012-q14-r000,0,valid,0,0,1,0
a012,q14,evaluative,v021,B,0,0,a012-q14-r000,0,valid,0,0,1,0
a012,q14,evaluative,v022,A,0,0,a012-q14-r000,0,valid,0,0,1,0
a012,q14,evaluative,v023,D,0,0,a012-q14-r000,0,valid,0,0,1,0
a012,q14,evaluative,v024,A,0,0,a012-q14-r000,0,valid,0,0,1,0
a012,q14,evaluative,v025,D,0,0,a012-q14-r000,0,valid,0,0,1,0
a012,q14,evaluative,v026,B,0,0,a012-q14-r000,0,valid,0,0,1,0
a012,q14,evaluative,v027,B,0,0,a012-q14-r000,0,valid,0,0,1,0
a012,q14,evaluative,v028,C,0,0,a012-q14-r000,0,valid,0,0,1,0
a012,q14,evaluative,v029,A,0,0,a012-q14-r000,0,valid,0,0,1,0
a012,q14,evaluative,v030,B,0,0,a012-q14-r000,0,valid,0,0,1,0
a012,q14,evaluative,v031,B,0,0,a012-q14-r000,0,valid,0,0,1,0
a012,q14,evaluative,v032,A,0,0,a012-q14-r000,0,valid,0,0,1,0
a012,q15,evaluative,v001,A,0,0,a012-q15-r000,0,valid,0,0,0,0
a012,q15,evaluative,v002,D,0,0,a012-q15-r000,0,valid,0,0,0,0
a012,q15,evaluative,v003,C,0,0,a012-q15-r000,0,valid,0,0,0,0
a012,q15,evaluative,v004,A,0,0,a012-q15-r000,0,valid,0,0,0,0
a012,q15,evaluative,v005,B,0,0,a012-q15-r000,0,valid,0,0,0,0
a012,q15,evaluative,v006,B,0,0,a012-q15-r000,0,valid,0,0,0,0
a012,q15,evaluative,v007,C,0,0,a012-q15-r000,0,valid,0,0,0,0
a012,q15,evaluative,v008,C,0,0,a012-q15-r000,0,valid,0,0,0,0
a012,q15,evaluative,v009,D,0,0,a012-q15-r000,0,valid,0,0,0,0
a012,q15,evaluative,v010,B,0,0,a012-q15-r000,0,valid,0,0,0,0
a012,q15,evaluative,v011,D,0,0,a012-q15-r000,0,valid,0,0,0,0
a012,q15,evaluative,v012,D,0,0,a012-q15-r000,0,valid,0,0,0,0
a012,q15,evaluative,v013,C,0,0,a012-q15-r000,0,valid,0,0,0,0
a012,q15,evaluative,v014,C,0,0,a012-q15-r000,0,valid,0,0,0,0
a012,q15,evaluative,v015,D,0,0,a012-q15-r000,0,valid,0,0,0,0
a012,q15,evaluative,v016,C,0,0,a012-q15-r000,0,valid,0,0,0,0
a012,q15,evaluative,v017,D,0,0,a012-q15-r000,0,valid,0,0,0,0
a012,q15,evaluative,v018,A,0,0,a012-q15-r000,0,valid,0,0,0,0
a012,q15,evaluative,v019,C,0,0,a012-q15-r000,0,valid,0,0,0,0
a012,q15,evaluative,v020,A,0,0,a012-q15-r000,0,valid,0,0,0,0
a012,q15,evaluative,v021,B,0,0,a012-q15-r000,0,valid,0,0,0,0
a012,q15,evaluative,v022,A,0,0,a012-q15-r000,0,valid,0,0,0,0
a012,q15,evaluative,v023,D,0,0,a012-q15-r000,0,valid,0,0,0,0
a012,q15,evaluative,v024,A,0,0,a012-q15-r000,0,valid,0,0,0,0
a012,q15,evaluative,v025,D,0,0,a012-q15-r000,0,valid,0,0,0,0
a012,q15,evaluative,v026,B,0,0,a012-q15-r000,0,valid,0,0,0,0
a012,q15,evaluative,v027,B,1,1,a012-q15-r000,0,valid,1,1,0,0
a012,q15,evaluative,v028,C,0,0,a012-q15-r000,0,valid,0,0,0,0
a012,q15,evaluative,v029,A,0,0,a012-q15-r000,0,valid,0,0,0,0
a012,q15,evaluative,v030,B,0,0,a012-q15-r000,0,valid,0,0,0,0
a012,q15,evaluative,v031,B,1,1,a012-q15-r000,0,valid,1,1,0,0
a012,q15,evaluative,v032,A,0,0,a012-q15-r000,0,valid,0,0,0,0
a012,q16,evaluative,v001,A,0,0,a012-q16-r000,0,valid,0,0,0,0
a012,q16,evaluative,v002,D,0,0,a012-q16-r000,0,valid,0,0,0,0
a012,q16,evaluative,v003,C,0,0,a012-q16-r000,0,valid,0,0,0,0
a012,q16,evaluative,v004,A,1,1,a012-q16-r000,0,valid,0,0,0,0
a012,q16,evaluative,v005,B,0,0,a012-q16-r000,0,valid,0,0,0,0
a012,q16,evaluative,v006,B,0,0,a012-q16-r000,0,valid,0,0,0,0
a012,q16,evaluative,v007,C,0,0,a012-q16-r000,0,valid,0,0,0,0
a012,q16,evaluative,v008,C,0,0,a012-q16-r000,0,valid,0,0,0,0
a012,q16,evaluative,v009,D,0,0,a012-q16-r000,0,valid,0,0,0,0
a012,q16,evaluative,v010,B,0,0,a012-q16-r000,0,valid,0,0,0,0
a012,q16,evaluative,v011,D,0,0,a012-q16-r000,0,valid,0,0,0,0
a012,q16,evaluative,v012,D,1,1,a012-q16-r000,0,valid,1,1,0,0
a012,q16,evaluative,v013,C,0,0,a012-q16-r000,0,valid,0,0,0,0
a012,q16,evaluative,v014,C,0,0,a012-q16-r000,0,valid,0,0,0,0
a012,q16,evaluative,v015,D,0,0,a012-q16-r000,0,valid,0,0,0,0
a012,q16,evaluative,v016,C,0,0,a012-q16-r000,0,valid,0,0,0,0
a012,q16,evaluative,v017,D,0,0,a012-q16-r000,0,valid,0,0,0,0
a012,q16,evaluative,v018,A,0,0,a012-q16-r000,0,valid,0,0,0,0
a012,q16,evaluative,v019,C,0,0,a012-q16-r000,0,valid,0,0,0,0
a012,q16,evaluative,v020,A,1,1,a012-q16-r000,0,valid,1,1,0,0
a012,q16,evaluative,v021,B,0,0,a012-q16-r000,0,valid,0,0,0,0
a012,q16,evaluative,v022,A,0,0,a012-q16-r000,0,valid,0,0,0,0
a012,q16,evaluative,v023,D,0,0,a012-q16-r000,0,valid,0,0,0,0
a012,q16,evaluative,v024,A,1,1,a012-q16-r000,0,valid,1,1,0,0
a012,q16,evaluative,v025,D,0,0,a012-q16-r000,0,valid,0,0,0,0
a012,q16,evaluative,v026,B,0,0,a012-q16-r000,0,valid,0,0,0,0
a012,q16,evaluative,v027,B,0,0,a012-q16-r000,0,valid,0,0,0,0
a012,q16,evaluative,v028,C,0,0,a012-q16-r000,0,valid,0,0,0,0
a012,q16,evaluative,v029,A,0,0,a012-q16-r000,0,valid,0,0,0,0
a012,q16,evaluative,v030,B,0,0,a012-q16-r000,0,valid,0,0,0,0
a012,q16,evaluative,v031,B,0,0,a012-q16-r000,0,valid,0,0,0,0
a012,q16,evaluative,v032,A,1,1,a012-q16-r000,0,valid,0,0,0,0
a012,q17,evaluative,v001,A,0,0,a012-q17-r000,0,valid,0,0,0,0
a012,q17,evaluative,v002,D,0,0,a012-q17-r000,0,valid,0,0,0,0
a012,q17,evaluative,v003,C,0,0,a012-q17-r000,0,valid,0,0,0,0
a012,q17,evaluative,v004,A,1,1,a012-q17-r000,0,valid,0,0,0,0
a012,q17,evaluative,v005,B,0,0,a012-q17-r000,0,valid,0,0,0,0
a012,q17,evaluative,v006,B,0,0,a012-q17-r000,0,valid,0,0,0,0
a012,q17,evaluative,v007,C,0,0,a012-q17-r000,0,valid,0,0,0,0
a012,q17,evaluative,v008,C,0,0,a012-q17-r000,0,valid,0,0,0,0
a012,q17,evaluative,v009,D,0,0,a012-q17-r000,0,valid,0,0,0,0
a012,q17,evaluative,v010,B,0,0,a012-q17-r000,0,valid,0,0,0,0
a012,q17,evaluative,v011,D,0,0,a012-q17-r000,0,valid,0,0,0,0
a012,q17,evaluative,v012,D,1,1,a012-q17-r000,0,valid,1,1,0,0
a012,q17,evaluative,v013,C,0,0,a012-q17-r000,0,valid,0,0,0,0
a012,q17,evaluative,v014,C,0,0,a012-q17-r000,0,valid,0,0,0,0
a012,q17,evaluative,v015,D,0,0,a012-q17-r000,0,valid,0,0,0,0
a012,q17,evaluative,v016,C,0,0,a012-q17-r000,0,valid,0,0,0,0
a012,q17,evaluative,v017,D,0,0,a012-q17-r000,0,valid,0,0,0,0
a012,q17,evaluative,v018,A,0,0,a012-q17-r000,0,valid,0,0,0,0
a012,q17,evaluative,v019,C,0,0,a012-q17-r000,0,valid,0,0,0,0
a012,q17,evaluative,v020,A,1,1,a012-q17-r000,0,valid,1,1,0,0
a012,q17,evaluative,v021,B,0,0,a012-q17-r000,0,valid,0,0,0,0
a012,q17,evaluative,v022,A,0,0,a012-q17-r000,0,valid,0,0,0,0
a012,q17,evaluative,v023,D,0,0,a012-q17-r000,0,valid,0,0,0,0
a012,q17,evaluative,v024,A,1,1,a012-q17-r000,0,valid,1,1,0,0
a012,q17,evaluative,v025,D,0,0,a012-q17-r000,0,valid,0,0,0,0
a012,q17,evaluative,v026,B,0,0,a012-q17-r000,0,valid,0,0,0,0
a012,q17,evaluative,v027,B,0,0,a012-q17-r000,0,valid,0,0,0,0
a012,q17,evaluative,v028,C,0,0,a012-q17-r000,0,valid,0,0,0,0
a012,q17,evaluative,v029,A,0,0,a012-q17-r000,0,valid,0,0,0,0
a012,q17,evaluative,v030,B,0,0,a012-q17-r000,0,valid,0,0,0,0
a012,q17,evaluative,v031,B,0,0,a012-q17-r000,0,valid,0,0,0,0
a012,q17,evaluative,v032,A,1,1,a012-q17-r000,0,valid,0,0,0,0
a012,q18,evaluative,v001,A,0,0,a012-q18-r000,0,valid,0,0,1,0
a012,q18,evaluative,v002,D,0,0,a012-q18-r000,0,valid,0,0,1,0
a012,q18,evaluative,v003,C,0,0,a012-q18-r000,0,valid,0,0,1,0
a012,q18,evaluative,v004,A,0,0,a012-q18-r000,0,valid,0,0,1,0
a012,q18,evaluative,v005,B,0,0,a012-q18-r000,0,valid,0,0,1,0
a012,q18,evaluative,v006,B,0,0,a012-q18-r000,0,valid,0,0,1,0
a012,q18,evaluative,v007,C,0,0,a012-q18-r000,0,valid,0,0,1,0
a012,q18,evaluative,v008,C,0,0,a012-q18-r000,0,valid,0,0,1,0
a012,q18,evaluative,v009,D,0,0,a012-q18-r000,0,valid,0,0,1,0
a012,q18,evaluative,v010,B,0,0,a012-q18-r000,0,valid,0,0,1,0
a012,q18,evaluative,v011,D,0,0,a012-q18-r000,0,valid,0,0,1,0
a012,q18,evaluative,v012,D,0,0,a012-q18-r000,0,valid,0,0,1,0
a012,q18,evaluative,v013,C,0,0,a012-q18-r000,0,valid,0,0,1,0
a012,q18,evaluative,v014,C,0,0,a012-q18-r000,0,valid,0,0,1,0
a012,q18,evaluative,v015,D,0,0,a012-q18-r000,0,valid,0,0,1,0
a012,q18,evaluative,v016,C,0,0,a012-q18-r000,0,valid,0,0,1,0
a012,q18,evaluative,v017,D,0,0,a012-q18-r000,0,valid,0,0,1,0
a012,q18,evaluative,v018,A,0,0,a012-q18-r000,0,valid,0,0,1,0
a012,q18,evaluative,v019,C,0,0,a012-q18-r000,0,valid,0,0,1,0
a012,q18,evaluative,v020,A,0,0,a012-q18-r000,0,valid,0,0,1,0
a012,q18,evaluative,v021,B,0,0,a012-q18-r000,0,valid,0,0,1,0
a012,q18,evaluative,v022,A,0,0,a012-q18-r000,0,valid,0,0,1,0
a012,q18,evaluative,v023,D,0,0,a012-q18-r000,0,valid,0,0,1,0
a012,q18,evaluative,v024,A,0,0,a012-q18-r000,0,valid,0,0,1,0
a012,q18,evaluative,v025,D,0,0,a012-q18-r000,0,valid,0,0,1,0
a012,q18,evaluative,v026,B,0,0,a012-q18-r000,0,valid,0,0,1,0
a012,q18,evaluative,v027,B,0,0,a012-q18-r000,0,valid,0,0,1,0
a012,q18,evaluative,v028,C,0,0,a012-q18-r000,0,valid,0,0,1,0
a012,q18,evaluative,v029,A,0,0,a012-q18-r000,0,valid,0,0,1,0
a012,q18,evaluative,v030,B,0,0,a012-q18-r000,0,valid,0,0,1,0
a012,q18,evaluative,v031,B,0,0,a012-q18-r000,0,valid,0,0,1,0
a012,q18,evaluative,v032,A,0,0,a012-q18-r000,0,valid,0,0,1,0
a012,q19,evaluative,v001,A,0,0,a012-q19-r000,0,valid,0,0,1,0
a012,q19,evaluative,v002,D,0,0,a012-q19-r000,0,valid,0,0,1,0
a012,q19,evaluative,v003,C,0,0,a012-q19-r000,0,valid,0,0,1,0
a012,q19,evaluative,v004,A,0,0,a012-q19-r000,0,valid,0,0,1,0
a012,q19,evaluative,v005,B,0,0,a012-q19-r000,0,valid,0,0,1,0
a012,q19,evaluative,v006,B,0,0,a012-q19-r000,0,valid,0,0,1,0
a012,q19,evaluative,v007,C,0,0,a012-q19-r000,0,valid,0,0,1,0
a012,q19,evaluative,v008,C,0,0,a012-q19-r000,0,valid,0,0,1,0
a012,q19,evaluative,v009,D,0,0,a012-q19-r000,0,valid,0,0,1,0
a012,q19,evaluative,v010,B,0,0,a012-q19-r000,0,valid,0,0,1,0
a012,q19,evaluative,v011,D,0,0,a012-q19-r000,0,valid,0,0,1,0
a012,q19,evaluative,v012,D,0,0,a012-q19-r000,0,valid,0,0,1,0
a012,q19,evaluative,v013,C,0,0,a012-q19-r000,0,valid,0,0,1,0
a012,q19,evaluative,v014,C,0,0,a012-q19-r000,0,valid,0,0,1,0
a012,q19,evaluative,v015,D,0,0,a012-q19-r000,0,valid,0,0,1,0
a012,q19,evaluative,v016,C,0,0,a012-q19-r000,0,valid,0,0,1,0
a012,q19,evaluative,v017,D,0,0,a012-q19-r000,0,valid,0,0,1,0
a012,q19,evaluative,v018,A,0,0,a012-q19-r000,0,valid,0,0,1,0
a012,q19,evaluative,v019,C,0,0,a012-q19-r000,0,valid,0,0,1,0
a012,q19,evaluative,v020,A,0,0,a012-q19-r000,0,valid,0,0,1,0
a012,q19,evaluative,v021,B,0,0,a012-q19-r000,0,valid,0,0,1,0
a012,q19,evaluative,v022,A,0,0,a012-q19-r000,0,valid,0,0,1,0
a012,q19,evaluative,v023,D,0,0,a012-q19-r000,0,valid,0,0,1,0
a012,q19,evaluative,v024,A,0,0,a012-q19-r000,0,valid,0,0,1,0
a012,q19,evaluative,v025,D,0,0,a012-q19-r000,0,valid,0,0,1,0
a012,q19,evaluative,v026,B,0,0,a012-q19-r000,0,valid,0,0,1,0
a012,q19,evaluative,v027,B,0,0,a012-q19-r000,0,valid,0,0,1,0
a012,q19,evaluative,v028,C,0,0,a012-q19-r000,0,valid,0,0,1,0
a012,q19,evaluative,v029,A,0,0,a012-q19-r000,0,valid,0,0,1,0
a012,q19,evaluative,v030,B,0,0,a012-q19-r000,0,valid,0,0,1,0
a012,q19,evaluative,v031,B,0,0,a012-q19-r000,0,valid,0,0,1,0
a012,q19,evaluative,v032,A,0,0,a012-q19-r000,0,valid,0,0,1,0
a012,q20,evaluative,v001,A,1,1,a012-q20-r000,0,valid,1,1,0,0
a012,q20,evaluative,v002,D,0,0,a012-q20-r000,0,valid,0,0,0,0
a012,q20,evaluative,v003,C,0,0,a012-q20-r000,0,valid,0,0,0,0
a012,q20,evaluative,v004,A,0,0,a012-q20-r000,0,valid,0,0,0,0
a012,q20,evaluative,v005,B,0,0,a012-q20-r000,0,valid,0,0,0,0
a012,q20,evaluative,v006,B,0,0,a012-q20-r000,0,valid,0,0,0,0
a012,q20,evaluative,v007,C,0,0,a012-q20-r000,0,valid,0,0,0,0
a012,q20,evaluative,v008,C,0,0,a012-q20-r000,0,valid,0,0,0,0
a012,q20,evaluative,v009,D,0,0,a012-q20-r000,0,valid,0,0,0,0
a012,q20,evaluative,v010,B,0,0,a012-q20-r000,0,valid,0,0,0,0
a012,q20,evaluative,v011,D,0,0,a012-q20-r000,0,valid,0,0,0,0
a012,q20,evaluative,v012,D,0,0,a012-q20-r000,0,valid,0,0,0,0
a012,q20,evaluative,v013,C,0,0,a012-q20-r000,0,valid,0,0,0,0
a012,q20,evaluative,v014,C,0,0,a012-q20-r000,0,valid,0,0,0,0
a012,q20,evaluative,v015,D,0,0,a012-q20-r000,0,valid,0,0,0,0
a012,q20,evaluative,v016,C,0,0,a012-q20-r000,0,valid,0,0,0,0
a012,q20,evaluative,v017,D,0,0,a012-q20-r000,0,valid,0,0,0,0
a012,q20,evaluative,v018,A,0,0,a012-q20-r000,0,valid,0,0,0,0
a012,q20,evaluative,v019,C,0,0,a012-q20-r000,0,valid,0,0,0,0
a012,q20,evaluative,v020,A,0,0,a012-q20-r000,0,valid,0,0,0,0
a012,q20,evaluative,v021,B,0,0,a012-q20-r000,0,valid,0,0,0,0
a012,q20,evaluative,v022,A,0,0,a012-q20-r000,0,valid,0,0,0,0
a012,q20,evaluative,v023,D,0,0,a012-q20-r000,0,valid,0,0,0,0
a012,q20,evaluative,v024,A,0,0,a012-q20-r000,0,valid,0,0,0,0
a012,q20,evaluative,v025,D,1,1,a012-q20-r000,0,valid,1,1,0,0
a012,q20,evaluative,v026,B,0,0,a012-q20-r000,0,valid,0,0,0,0
a012,q20,evaluative,v027,B,0,0,a012-q20-r000,0,valid,0,0,0,0
a012,q20,evaluative,v028,C,0,0,a012-q20-r000,0,valid,0,0,0,0
a012,q20,evaluative,v029,A,0,0,a012-q20-r000,0,valid,0,0,0,0
a012,q20,evaluative,v030,B,0,0,a012-q20-r000,0,valid,0,0,0,0
a012,q20,evaluative,v031,B,0,0,a012-q20-r000,0,valid,0,0,0,0
a012,q20,evaluative,v032,A,0,0,a012-q20-r000,0,valid,0,0,0,0
a012,q21,evaluative,v001,A,0,0,a012-q21-r000,0,valid,0,0,1,0
a012,q21,evaluative,v002,D,0,0,a012-q21-r000,0,valid,0,0,1,0
a012,q21,evaluative,v003,C,0,0,a012-q21-r000,0,valid,0,0,1,0
a012,q21,evaluative,v004,A,0,0,a012-q21-r000,0,valid,0,0,1,0
a012,q21,evaluative,v005,B,0,0,a012-q21-r000,0,valid,0,0,1,0
a012,q21,evaluative,v006,B,0,0,a012-q21-r000,0,valid,0,0,1,0
a012,q21,evaluative,v007,C,0,0,a012-q21-r000,0,valid,0,0,1,0
a012,q21,evaluative,v008,C,0,0,a012-q21-r000,0,valid,0,0,1,0
a012,q21,evaluative,v009,D,0,0,a012-q21-r000,0,valid,0,0,1,0
a012,q21,evaluative,v010,B,0,0,a012-q21-r000,0,valid,0,0,1,0
a012,q21,evaluative,v011,D,0,0,a012-q21-r000,0,valid,0,0,1,0
a012,q21,evaluative,v012,D,0,0,a012-q21-r000,0,valid,0,0,1,0
a012,q21,evaluative,v013,C,0,0,a012-q21-r000,0,valid,0,0,1,0
a012,q21,evaluative,v014,C,0,0,a012-q21-r000,0,valid,0,0,1,0
a012,q21,evaluative,v015,D,0,0,a012-q21-r000,0,valid,0,0,1,0
a012,q21,evaluative,v016,C,0,0,a012-q21-r000,0,valid,0,0,1,0
a012,q21,evaluative,v017,D,0,0,a012-q21-r000,0,valid,0,0,1,0
a012,q21,evaluative,v018,A,0,0,a012-q21-r000,0,valid,0,0,1,0
a012,q21,evaluative,v019,C,0,0,a012-q21-r000,0,valid,0,0,1,0
a012,q21,evaluative,v020,A,0,0,a012-q21-r000,0,valid,0,0,1,0
a012,q21,evaluative,v021,B,0,0,a012-q21-r000,0,valid,0,0,1,0
a012,q21,evaluative,v022,A,0,0,a012-q21-r000,0,valid,0,0,1,0
a012,q21,evaluative,v023,D,0,0,a012-q21-r000,0,valid,0,0,1,0
a012,q21,evaluative,v024,A,0,0,a012-q21-r000,0,valid,0,0,1,0
a012,q21,evaluative,v025,D,0,0,a012-q21-r000,0,valid,0,0,1,0
a012,q21,evaluative,v026,B,0,0,a012-q21-r000,0,valid,0,0,1,0
a012,q21,evaluative,v027,B,0,0,a012-q21-r000,0,valid,0,0,1,0
a012,q21,evaluative,v028,C,0,0,a012-q21-r000,0,valid,0,0,1,0
a012,q21,evaluative,v029,A,0,0,a012-q21-r000,0,valid,0,0,1,0
a012,q21,evaluative,v030,B,0,0,a012-q21-r000,0,valid,0,0,1,0
a012,q21,evaluative,v031,B,0,0,a012-q21-r000,0,valid,0,0,1,0
a012,q21,evaluative,v032,A,0,0,a012-q21-r000,0,valid,0,0,1,0
a012,q22,evaluative,v001,A,0,0,a012-q22-r000,0,valid,0,0,1,0
a012,q22,evaluative,v002,D,0,0,a012-q22-r000,0,valid,0,0,1,0
a012,q22,evaluative,v003,C,0,0,a012-q22-r000,0,valid,0,0,1,0
a012,q22,evaluative,v004,A,0,0,a012-q22-r000,0,valid,0,0,1,0
a012,q22,evaluative,v005,B,0,0,a012-q22-r000,0,valid,0,0,1,0
a012,q22,evaluative,v006,B,0,0,a012-q22-r000,0,valid,0,0,1,0
a012,q22,evaluative,v007,C,0,0,a012-q22-r000,0,valid,0,0,1,0
a012,q22,evaluative,v008,C,0,0,a012-q22-r000,0,valid,0,0,1,0
a012,q22,evaluative,v009,D,0,0,a012-q22-r000,0,valid,0,0,1,0
a012,q22,evaluative,v010,B,0,0,a012-q22-r000,0,valid,0,0,1,0
a012,q22,evaluative,v011,D,0,0,a012-q22-r000,0,valid,0,0,1,0
a012,q22,evaluative,v012,D,0,0,a012-q22-r000,0,valid,0,0,1,0
a012,q22,evaluative,v013,C,0,0,a012-q22-r000,0,valid,0,0,1,0
a012,q22,evaluative,v014,C,0,0,a012-q22-r000,0,valid,0,0,1,0
a012,q22,evaluative,v015,D,0,0,a012-q22-r000,0,valid,0,0,1,0
a012,q22,evaluative,v016,C,0,0,a012-q22-r000,0,valid,0,0,1,0
a012,q22,evaluative,v017,D,0,0,a012-q22-r000,0,valid,0,0,1,0
a012,q22,evaluative,v018,A,0,0,a012-q22-r000,0,valid,0,0,1,0
a012,q22,evaluative,v019,C,0,0,a012-q22-r000,0,valid,0,0,1,0
a012,q22,evaluative,v020,A,0,0,a012-q22-r000,0,valid,0,0,1,0
a012,q22,evaluative,v021,B,0,0,a012-q22-r000,0,valid,0,0,1,0
a012,q22,evaluative,v022,A,0,0,a012-q22-r000,0,valid,0,0,1,0
a012,q22,evaluative,v023,D,0,0,a012-q22-r000,0,valid,0,0,1,0
a012,q22,evaluative,v024,A,0,0,a012-q22-r000,0,valid,0,0,1,0
a012,q22,evaluative,v025,D,0,0,a012-q22-r000,0,valid,0,0,1,0
a012,q22,evaluative,v026,B,0,0,a012-q22-r000,0,valid,0,0,1,0
a012,q22,evaluative,v027,B,0,0,a012-q22-r000,0,valid,0,0,1,0
a012,q22,evaluative,v028,C,0,0,a012-q22-r000,0,valid,0,0,1,0
a012,q22,evaluative,v029,A,0,0,a012-q22-r000,0,valid,0,0,1,0
a012,q22,evaluative,v030,B,0,0,a012-q22-r000,0,valid,0,0,1,0
a012,q22,evaluative,v031,B,0,0,a012-q22-r000,0,valid,0,0,1,0
a012,q22,evaluative,v032,A,0,0,a012-q22-r000,0,valid,0,0,1,0
a012,q23,evaluative,v001,A,1,1,a012-q23-r000,0,valid,1,1,0,0
a012,q23,evaluative,v002,D,0,0,a012-q23-r000,0,valid,0,0,0,0
a012,q23,evaluative,v003,C,0,0,a012-q23-r000,0,valid,0,0,0,0
a012,q23,evaluative,v004,A,0,0,a012-q23-r000,0,valid,0,0,0,0
a012,q23,evaluative,v005,B,0,0,a012-q23-r000,0,valid,0,0,0,0
a012,q23,evaluative,v006,B,0,0,a012-q23-r000,0,valid,0,0,0,0
a012,q23,evaluative,v007,C,0,0,a012-q23-r000,0,valid,0,0,0,0
a012,q23,evaluative,v008,C,0,0,a012-q23-r000,0,valid,0,0,0,0
a012,q23,evaluative,v009,D,0,0,a012-q23-r000,0,valid,0,0,0,0
a012,q23,evaluative,v010,B,0,0,a012-q23-r000,0,valid,0,0,0,0
a012,q23,evaluative,v011,D,0,0,a012-q23-r000,0,valid,0,0,0,0
a012,q23,evaluative,v012,D,0,0,a012-q23-r000,0,valid,0,0,0,0
a012,q23,evaluative,v013,C,0,0,a012-q23-r000,0,valid,0,0,0,0
a012,q23,evaluative,v014,C,0,0,a012-q23-r000,0,valid,0,0,0,0
a012,q23,evaluative,v015,D,0,0,a012-q23-r000,0,valid,0,0,0,0
a012,q23,evaluative,v016,C,0,0,a012-q23-r000,0,valid,0,0,0,0
a012,q23,evaluative,v017,D,0,0,a012-q23-r000,0,valid,0,0,0,0
a012,q23,evaluative,v018,A,0,0,a012-q23-r000,0,valid,0,0,0,0
a012,q23,evaluative,v019,C,0,0,a012-q23-r000,0,valid,0,0,0,0
a012,q23,evaluative,v020,A,0,0,a012-q23-r000,0,valid,0,0,0,0
a012,q23,evaluative,v021,B,0,0,a012-q23-r000,0,valid,0,0,0,0
a012,q23,evaluative,v022,A,0,0,a012-q23-r000,0,valid,0,0,0,0
a012,q23,evaluative,v023,D,0,0,a012-q23-r000,0,valid,0,0,0,0
a012,q23,evaluative,v024,A,0,0,a012-q23-r000,0,valid,0,0,0,0
a012,q23,evaluative,v025,D,1,1,a012-q23-r000,0,valid,1,1,0,0
a012,q23,evaluative,v026,B,0,0,a012-q23-r000,0,valid,0,0,0,0
a012,q23,evaluative,v027,B,0,0,a012-q23-r000,0,valid,0,0,0,0
a012,q23,evaluative,v028,C,0,0,a012-q23-r000,0,valid,0,0,0,0
a012,q23,evaluative,v029,A,1,1,a012-q23-r000,0,valid,1,1,0,0
a012,q23,evaluative,v030,B,0,0,a012-q23-r000,0,valid,0,0,0,0
a012,q23,evaluative,v031,B,0,0,a012-q23-r000,0,valid,0,0,0,0
a012,q23,evaluative,v032,A,0,0,a012-q23-r000,0,valid,0,0,0,0
a012,q24,evaluative,v001,A,0,0,a012-q24-r000,0,valid,0,0,1,0
a012,q24,evaluative,v002,D,0,0,a012-q24-r000,0,valid,0,0,1,0
a012,q24,evaluative,v003,C,0,0,a012-q24-r000,0,valid,0,0,1,0
a012,q24,evaluative,v004,A,0,0,a012-q24-r000,0,valid,0,0,1,0
a012,q24,evaluative,v005,B,0,0,a012-q24-r000,0,valid,0,0,1,0
a012,q24,evaluative,v006,B,0,0,a012-q24-r000,0,valid,0,0,1,0
a012,q24,evaluative,v007,C,0,0,a012-q24-r000,0,valid,0,0,1,0
a012,q24,evaluative,v008,C,0,0,a012-q24-r000,0,valid,0,0,1,0
a012,q24,evaluative,v009,D,0,0,a012-q24-r000,0,valid,0,0,1,0
a012,q24,evaluative,v010,B,0,0,a012-q24-r000,0,valid,0,0,1,0
a012,q24,evaluative,v011,D,0,0,a012-q24-r000,0,valid,0,0,1,0
a012,q24,evaluative,v012,D,0,0,a012-q24-r000,0,valid,0,0,1,0
a012,q24,evaluative,v013,C,0,0,a012-q24-r000,0,valid,0,0,1,0
a012,q24,evaluative,v014,C,0,0,a012-q24-r000,0,valid,0,0,1,0
a012,q24,evaluative,v015,D,0,0,a012-q24-r000,0,valid,0,0,1,0
a012,q24,evaluative,v016,C,0,0,a012-q24-r000,0,valid,0,0,1,0
a012,q24,evaluative,v017,D,0,0,a012-q24-r000,0,valid,0,0,1,0
a012,q24,evaluative,v018,A,0,0,a012-q24-r000,0,valid,0,0,1,0
a012,q24,evaluative,v019,C,0,0,a012-q24-r000,0,valid,0,0,1,0
a012,q24,evaluative,v020,A,0,0,a012-q24-r000,0,valid,0,0,1,0
a012,q24,evaluative,v021,B,0,0,a012-q24-r000,0,valid,0,0,1,0
a012,q24,evaluative,v022,A,0,0,a012-q24-r000,0,valid,0,0,1,0
a012,q24,evaluative,v023,D,0,0,a012-q24-r000,0,valid,0,0,1,0
a012,q24,evaluative,v024,A,0,0,a012-q24-r000,0,valid,0,0,1,0
a012,q24,evaluative,v025,D,0,0,a012-q24-r000,0,valid,0,0,1,0
a012,q24,evaluative,v026,B,0,0,a012-q24-r000,0,valid,0,0,1,0
a012,q24,evaluative,v027,B,0,0,a012-q24-r000,0,valid,0,0,1,0
a012,q24,evaluative,v028,C,0,0,a012-q24-r000,0,valid,0,0,1,0
a012,q24,evaluative,v029,A,0,0,a012-q24-r000,0,valid,0,0,1,0
a012,q24,evaluative,v030,B,0,0,a012-q24-r000,0,valid,0,0,1,0
a012,q24,evaluative,v031,B,0,0,a012-q24-r000,0,valid,0,0,1,0
a012,q24,evaluative,v032,A,0,0,a012-q24-r000,0,valid,0,0,1,0
a013,q01,transactional,v001,D,0,0,a013-q01-r000,0,valid,0,0,1,0
a013,q01,transactional,v002,D,0,0,a013-q01-r000,0,valid,0,0,1,0
a013,q01,transactional,v003,C,0,0,a013-q01-r000,0,valid,0,0,1,0
a013,q01,transactional,v004,D,0,0,a013-q01-r000,0,valid,0,0,1,0
a013,q01,transactional,v005,B,0,0,a013-q01-r000,0,valid,0,0,1,0
a013,q01,transactional,v006,B,0,0,a013-q01-r000,0,valid,0,0,1,0
a013,q01,transactional,v007,C,0,0,a013-q01-r000,0,valid,0,0,1,0
a013,q01,transactional,v008,C,0,0,a013-q01-r000,0,valid,0,0,1,0
a013,q01,transactional,v009,C,0,0,a013-q01-r000,0,valid,0,0,1,0
a013,q01,transactional,v010,C,0,0,a013-q01-r000,0,valid,0,0,1,0
a013,q01,transactional,v011,A,0,0,a013-q01-r000,0,valid,0,0,1,0
a013,q01,transactional,v012,C,0,0,a013-q01-r000,0,valid,0,0,1,0
a013,q01,transactional,v013,A,0,0,a013-q01-r000,0,valid,0,0,1,0
a013,q01,transactional,v014,B,0,0,a013-q01-r000,0,valid,0,0,1,0
a013,q01,transactional,v015,A,0,0,a013-q01-r000,0,valid,0,0,1,0
a013,q01,transactional,v016,B,0,0,a013-q01-r000,0,valid,0,0,1,0
a013,q01,transactional,v017,A,0,0,a013-q01-r000,0,valid,0,0,1,0
a013,q01,transactional,v018,C,0,0,a013-q01-r000,0,valid,0,0,1,0
a013,q01,transactional,v019,C,0,0,a013-q01-r000,0,valid,0,0,1,0
a013,q01,transactional,v020,D,0,0,a013-q01-r000,0,valid,0,0,1,0
a013,q01,transactional,v021,A,0,0,a013-q01-r000,0,valid,0,0,1,0
a013,q01,transactional,v022,D,0,0,a013-q01-r000,0,valid,0,0,1,0
a013,q01,transactional,v023,D,0,0,a013-q01-r000,0,valid,0,0,1,0
a013,q01,transactional,v024,D,0,0,a013-q01-r000,0,valid,0,0,1,0
a013,q01,transactional,v025,B,0,0,a013-q01-r000,0,valid,0,0,1,0
a013,q01,transactional,v026,A,0,0,a013-q01-r000,0,valid,0,0,1,0
a013,q01,transactional,v027,B,0,0,a013-q01-r000,0,valid,0,0,1,0
a013,q01,transactional,v028,A,0,0,a013-q01-r000,0,valid,0,0,1,0
a013,q01,transactional,v029,B,0,0,a013-q01-r000,0,valid,0,0,1,0
a013,q01,transactional,v030,D,0,0,a013-q01-r000,0,valid,0,0,1,0
a013,q01,transactional,v031,A,0,0,a013-q01-r000,0,valid,0,0,1,0
a013,q01,transactional,v032,B,0,0,a013-q01-r000,0,valid,0,0,1,0
a013,q02,transactional,v001,D,0,0,a013-q02-r000,0,valid,0,0,1,0
a013,q02,transactional,v002,D,0,0,a013-q02-r000,0,valid,0,0,1,0
a013,q02,transactional,v003,C,0,0,a013-q02-r000,0,valid,0,0,1,0
a013,q02,transactional,v004,D,0,0,a013-q02-r000,0,valid,0,0,1,0
a013,q02,transactional,v005,B,0,0,a013-q02-r000,0,valid,0,0,1,0
a013,q02,transactional,v006,B,0,0,a013-q02-r000,0,valid,0,0,1,0
a013,q02,transactional,v007,C,0,0,a013-q02-r000,0,valid,0,0,1,0
a013,q02,transactional,v008,C,0,0,a013-q02-r000,0,valid,0,0,1,0
a013,q02,transactional,v009,C,0,0,a013-q02-r000,0,valid,0,0,1,0
a013,q02,transactional,v010,C,0,0,a013-q02-r000,0,valid,0,0,1,0
a013,q02,transactional,v011,A,0,0,a013-q02-r000,0,valid,0,0,1,0
a013,q02,transactional,v012,C,0,0,a013-q02-r000,0,valid,0,0,1,0
a013,q02,transactional,v013,A,0,0,a013-q02-r000,0,valid,0,0,1,0
a013,q02,transactional,v014,B,0,0,a013-q02-r000,0,valid,0,0,1,0
a013,q02,transactional,v015,A,0,0,a013-q02-r000,0,valid,0,0,1,0
a013,q02,transactional,v016,B,0,0,a013-q02-r000,0,valid,0,0,1,0
a013,q02,transactional,v017,A,0,0,a013-q02-r000,0,valid,0,0,1,0
a013,q02,transactional,v018,C,0,0,a013-q02-r000,0,valid,0,0,1,0
a013,q02,transactional,v019,C,0,0,a013-q02-r000,0,valid,0,0,1,0
a013,q02,transactional,v020,D,0,0,a013-q02-r000,0,valid,0,0,1,0
a013,q02,transactional,v021,A,0,0,a013-q02-r000,0,valid,0,0,1,0
a013,q02,transactional,v022,D,0,0,a013-q02-r000,0,valid,0,0,1,0
a013,q02,transactional,v023,D,0,0,a013-q02-r000,0,valid,0,0,1,0
a013,q02,transactional,v024,D,0,0,a013-q02-r000,0,valid,0,0,1,0
a013,q02,transactional,v025,B,0,0,a013-q02-r000,0,valid,0,0,1,0
a013,q02,transactional,v026,A,0,0,a013-q02-r000,0,valid,0,0,1,0
a013,q02,transactional,v027,B,0,0,a013-q02-r000,0,valid,0,0,1,0
a013,q02,transactional,v028,A,0,0,a013-q02-r000,0,valid,0,0,1,0
a013,q02,transactional,v029,B,0,0,a013-q02-r000,0,valid,0,0,1,0
a013,q02,transactional,v030,D,0,0,a013-q02-r000,0,valid,0,0,1,0
a013,q02,transactional,v031,A,0,0,a013-q02-r000,0,valid,0,0,1,0
a013,q02,transactional,v032,B,0,0,a013-q02-r000,0,valid,0,0,1,0
a013,q03,transactional,v001,D,0,0,a013-q03-r000,0,valid,0,0,0,0
a013,q03,transactional,v002,D,1,1,a013-q03-r000,0,valid,1,1,0,0
a013,q03,transactional,v003,C,0,0,a013-q03-r000,0,valid,0,0,0,0
a013,q03,transactional,v004,D,0,0,a013-q03-r000,0,valid,0,0,0,0
a013,q03,transactional,v005,B,0,0,a013-q03-r000,0,valid,0,0,0,0
a013,q03,transactional,v006,B,0,0,a013-q03-r000,0,valid,0,0,0,0
a013,q03,transactional,v007,C,0,0,a013-q03-r000,0,valid,0,0,0,0
a013,q03,transactional,v008,C,0,0,a013-q03-r000,0,valid,0,0,0,0
a013,q03,transactional,v009,C,0,0,a013-q03-r000,0,valid,0,0,0,0
a013,q03,transactional,v010,C,0,0,a013-q03-r000,0,valid,0,0,0,0
a013,q03,transactional,v011,A,0,0,a013-q03-r000,0,valid,0,0,0,0
a013,q03,transactional,v012,C,0,0,a013-q03-r000,0,valid,0,0,0,0
a013,q03,transactional,v013,A,0,0,a013-q03-r000,0,valid,0,0,0,0
a013,q03,transactional,v014,B,0,0,a013-q03-r000,0,valid,0,0,0,0
a013,q03,transactional,v015,A,0,0,a013-q03-r000,0,valid,0,0,0,0
a013,q03,transactional,v016,B,0,0,a013-q03-r000,0,valid,0,0,0,0
a013,q03,transactional,v017,A,0,0,a013-q03-r000,0,valid,0,0,0,0
a013,q03,transactional,v018,C,0,0,a013-q03-r000,0,valid,0,0,0,0
a013,q03,transactional,v019,C,0,0,a013-q03-r000,0,valid,0,0,0,0
a013,q03,transactional,v020,D,0,0,a013-q03-r000,0,valid,0,0,0,0
a013,q03,transactional,v021,A,0,0,a013-q03-r000,0,valid,0,0,0,0
a013,q03,transactional,v022,D,0,0,a013-q03-r000,0,valid,0,0,0,0
a013,q03,transactional,v023,D,0,0,a013-q03-r000,0,valid,0,0,0,0
a013,q03,transactional,v024,D,0,0,a013-q03-r000,0,valid,0,0,0,0
a013,q03,transactional,v025,B,0,0,a013-q03-r000,0,valid,0,0,0,0
a013,q03,transactional,v026,A,0,0,a013-q03-r000,0,valid,0,0,0,0
a013,q03,transactional,v027,B,0,0,a013-q03-r000,0,valid,0,0,0,0
a013,q03,transactional,v028,A,0,0,a013-q03-r000,0,valid,0,0,0,0
a013,q03,transactional,v029,B,0,0,a013-q03-r000,0,valid,0,0,0,0
a013,q03,transactional,v030,D,1,1,a013-q03-r000,0,valid,1,1,0,0
a013,q03,transactional,v031,A,0,0,a013-q03-r000,0,valid,0,0,0,0
a013,q03,transactional,v032,B,0,0,a013-q03-r000,0,valid,0,0,0,0
a013,q04,transactional,v001,D,1,1,a013-q04-r000,0,valid,1,1,0,0
a013,q04,transactional,v002,D,0,0,a013-q04-r000,0,valid,0,0,0,0
a013,q04,transactional,v003,C,0,0,a013-q04-r000,0,valid,0,0,0,0
a013,q04,transactional,v004,D,0,0,a013-q04-r000,0,valid,0,0,0,0
a013,q04,transactional,v005,B,0,0,a013-q04-r000,0,valid,0,0,0,0
a013,q04,transactional,v006,B,0,0,a013-q04-r000,0,valid,0,0,0,0
a013,q04,transactional,v007,C,0,0,a013-q04-r000,0,valid,0,0,0,0
a013,q04,transactional,v008,C,0,0,a013-q04-r000,0,valid,0,0,0,0
a013,q04,transactional,v009,C,0,0,a013-q04-r000,0,valid,0,0,0,0
a013,q04,transactional,v010,C,0,0,a013-q04-r000,0,valid,0,0,0,0
a013,q04,transactional,v011,A,0,0,a013-q04-r000,0,valid,0,0,0,0
a013,q04,transactional,v012,C,0,0,a013-q04-r000,0,valid,0,0,0,0
a013,q04,transactional,v013,A,1,1,a013-q04-r000,0,valid,1,1,0,0
a013,q04,transactional,v014,B,0,0,a013-q04-r000,0,valid,0,0,0,0
a013,q04,transactional,v015,A,0,0,a013-q04-r000,0,valid,0,0,0,0
a013,q04,transactional,v016,B,0,0,a013-q04-r000,0,valid,0,0,0,0
a013,q04,transactional,v017,A,0,0,a013-q04-r000,0,valid,0,0,0,0
a013,q04,transactional,v018,C,0,0,a013-q04-r000,0,valid,0,0,0,0
a013,q04,transactional,v019,C,0,0,a013-q04-r000,0,valid,0,0,0,0
a013,q04,transactional,v020,D,0,0,a013-q04-r000,0,valid,0,0,0,0
a013,q04,transactional,v021,A,0,0,a013-q04-r000,0,valid,0,0,0,0
a013,q04,transactional,v022,D,0,0,a013-q04-r000,0,valid,0,0,0,0
a013,q04,transactional,v023,D,0,0,a013-q04-r000,0,valid,0,0,0,0
a013,q04,transactional,v024,D,0,0,a013-q04-r000,0,valid,0,0,0,0
a013,q04,transactional,v025,B,0,0,a013-q04-r000,0,valid,0,0,0,0
a013,q04,transactional,v026,A,0,0,a013-q04-r000,0,valid,0,0,0,0
a013,q04,transactional,v027,B,0,0,a013-q04-r000,0,valid,0,0,0,0
a013,q04,transactional,v028,A,0,0,a013-q04-r000,0,valid,0,0,0,0
a013,q04,transactional,v029,B,0,0,a013-q04-r000,0,valid,0,0,0,0
a013,q04,transactional,v030,D,0,0,a013-q04-r000,0,valid,0,0,0,0
a013,q04,transactional,v031,A,0,0,a013-q04-r000,0,valid,0,0,0,0
a013,q04,transactional,v032,B,0,0,a013-q04-r000,0,valid,0,0,0,0
a013,q05,transactional,v001,D,0,0,a013-q05-r000,0,valid,0,0,0,0
a013,q05,transactional,v002,D,0,0,a013-q05-r000,0,valid,0,0,0,0
a013,q05,transactional,v003,C,0,0,a013-q05-r000,0,valid,0,0,0,0
a013,q05,transactional,v004,D,1,1,a013-q05-r000,0,valid,1,1,0,0
a013,q05,transactional,v005,B,0,0,a013-q05-r000,0,valid,0,0,0,0
a013,q05,transactional,v006,B,0,0,a013-q05-r000,0,valid,0,0,0,0
a013,q05,transactional,v007,C,0,0,a013-q05-r000,0,valid,0,0,0,0
a013,q05,transactional,v008,C,0,0,a013-q05-r000,0,valid,0,0,0,0
a013,q05,transactional,v009,C,0,0,a013-q05-r000,0,valid,0,0,0,0
a013,q05,transactional,v010,C,0,0,a013-q05-r000,0,valid,0,0,0,0
a013,q05,transactional,v011,A,0,0,a013-q05-r000,0,valid,0,0,0,0
a013,q05,transactional,v012,C,0,0,a013-q05-r000,0,valid,0,0,0,0
a013,q05,transactional,v013,A,0,0,a013-q05-r000,0,valid,0,0,0,0
a013,q05,transactional,v014,B,0,0,a013-q05-r000,0,valid,0,0,0,0
a013,q05,transactional,v015,A,0,0,a013-q05-r000,0,valid,0,0,0,0
a013,q05,transactional,v016,B,1,1,a013-q05-r000,0,valid,1,1,0,0
a013,q05,transactional,v017,A,0,0,a013-q05-r000,0,valid,0,0,0,0
a013,q05,transactional,v018,C,0,0,a013-q05-r000,0,valid,0,0,0,0
a013,q05,transactional,v019,C,0,0,a013-q05-r000,0,valid,0,0,0,0
a013,q05,transactional,v020,D,0,0,a013-q05-r000,0,valid,0,0,0,0
a013,q05,transactional,v021,A,0,0,a013-q05-r000,0,valid,0,0,0,0
a013,q05,transactional,v022,D,0,0,a013-q05-r000,0,valid,0,0,0,0
a013,q05,transactional,v023,D,0,0,a013-q05-r000,0,valid,0,0,0,0
a013,q05,transactional,v024,D,0,0,a013-q05-r000,0,valid,0,0,0,0
a013,q05,transactional,v025,B,0,0,a013-q05-r000,0,valid,0,0,0,0
a013,q05,transactional,v026,A,0,0,a013-q05-r000,0,valid,0,0,0,0
a013,q05,transactional,v027,B,0,0,a013-q05-r000,0,valid,0,0,0,0
a013,q05,transactional,v028,A,0,0,a013-q05-r000,0,valid,0,0,0,0
a013,q05,transactional,v029,B,0,0,a013-q05-r000,0,valid,0,0,0,0
a013,q05,transactional,v030,D,0,0,a013-q05-r000,0,valid,0,0,0,0
a013,q05,transactional,v031,A,0,0,a013-q05-r000,0,valid,0,0,0,0
a013,q05,transactional,v032,B,0,0,a013-q05-r000,0,valid,0,0,0,0
a013,q06,transactional,v001,D,0,0,a013-q06-r000,0,valid,0,0,1,0
a013,q06,transactional,v002,D,0,0,a013-q06-r000,0,valid,0,0,1,0
a013,q06,transactional,v003,C,0,0,a013-q06-r000,0,valid,0,0,1,0
a013,q06,transactional,v004,D,0,0,a013-q06-r000,0,valid,0,0,1,0
a013,q06,transactional,v005,B,0,0,a013-q06-r000,0,valid,0,0,1,0
a013,q06,transactional,v006,B,0,0,a013-q06-r000,0,valid,0,0,1,0
a013,q06,transactional,v007,C,0,0,a013-q06-r000,0,valid,0,0,1,0
a013,q06,transactional,v008,C,0,0,a013-q06-r000,0,valid,0,0,1,0
a013,q06,transactional,v009,C,0,0,a013-q06-r000,0,valid,0,0,1,0
a013,q06,transactional,v010,C,0,0,a013-q06-r000,0,valid,0,0,1,0
a013,q06,transactional,v011,A,0,0,a013-q06-r000,0,valid,0,0,1,0
a013,q06,transactional,v012,C,0,0,a013-q06-r000,0,valid,0,0,1,0
a013,q06,transactional,v013,A,0,0,a013-q06-r000,0,valid,0,0,1,0
a013,q06,transactional,v014,B,0,0,a013-q06-r000,0,valid,0,0,1,0
a013,q06,transactional,v015,A,0,0,a013-q06-r000,0,valid,0,0,1,0
a013,q06,transactional,v016,B,0,0,a013-q06-r000,0,valid,0,0,1,0
a013,q06,transactional,v017,A,0,0,a013-q06-r000,0,valid,0,0,1,0
a013,q06,transactional,v018,C,0,0,a013-q06-r000,0,valid,0,0,1,0
a013,q06,transactional,v019,C,0,0,a013-q06-r000,0,valid,0,0,1,0
a013,q06,transactional,v020,D,0,0,a013-q06-r000,0,valid,0,0,1,0
a013,q06,transactional,v021,A,0,0,a013-q06-r000,0,valid,0,0,1,0
a013,q06,transactional,v022,D,0,0,a013-q06-r000,0,valid,0,0,1,0
a013,q06,transactional,v023,D,0,0,a013-q06-r000,0,valid,0,0,1,0
a013,q06,transactional,v024,D,0,0,a013-q06-r000,0,valid,0,0,1,0
a013,q06,transactional,v025,B,0,0,a013-q06-r000,0,valid,0,0,1,0
a013,q06,transactional,v026,A,0,0,a013-q06-r000,0,valid,0,0,1,0
a013,q06,transactional,v027,B,0,0,a013-q06-r000,0,valid,0,0,1,0
a013,q06,transactional,v028,A,0,0,a013-q06-r000,0,valid,0,0,1,0
a013,q06,transactional,v029,B,0,0,a013-q06-r000,0,valid,0,0,1,0
a013,q06,transactional,v030,D,0,0,a013-q06-r000,0,valid,0,0,1,0
a013,q06,transactional,v031,A,0,0,a013-q06-r000,0,valid,0,0,1,0
a013,q06,transactional,v032,B,0,0,a013-q06-r000,0,valid,0,0,1,0
a013,q07,transactional,v001,D,0,0,a013-q07-r000,0,valid,0,0,1,0
a013,q07,transactional,v002,D,0,0,a013-q07-r000,0,valid,0,0,1,0
a013,q07,transactional,v003,C,0,0,a013-q07-r000,0,valid,0,0,1,0
a013,q07,transactional,v004,D,0,0,a013-q07-r000,0,valid,0,0,1,0
a013,q07,transactional,v005,B,0,0,a013-q07-r000,0,valid,0,0,1,0
a013,q07,transactional,v006,B,0,0,a013-q07-r000,0,valid,0,0,1,0
a013,q07,transactional,v007,C,0,0,a013-q07-r000,0,valid,0,0,1,0
a013,q07,transactional,v008,C,0,0,a013-q07-r000,0,valid,0,0,1,0
a013,q07,transactional,v009,C,0,0,a013-q07-r000,0,valid,0,0,1,0
a013,q07,transactional,v010,C,0,0,a013-q07-r000,0,valid,0,0,1,0
a013,q07,transactional,v011,A,0,0,a013-q07-r000,0,valid,0,0,1,0
a013,q07,transactional,v012,C,0,0,a013-q07-r000,0,valid,0,0,1,0
a013,q07,transactional,v013,A,0,0,a013-q07-r000,0,valid,0,0,1,0
a013,q07,transactional,v014,B,0,0,a013-q07-r000,0,valid,0,0,1,0
a013,q07,transactional,v015,A,0,0,a013-q07-r000,0,valid,0,0,1,0
a013,q07,transactional,v016,B,0,0,a013-q07-r000,0,valid,0,0,1,0
a013,q07,transactional,v017,A,0,0,a013-q07-r000,0,valid,0,0,1,0
a013,q07,transactional,v018,C,0,0,a013-q07-r000,0,valid,0,0,1,0
a013,q07,transactional,v019,C,0,0,a013-q07-r000,0,valid,0,0,1,0
a013,q07,transactional,v020,D,0,0,a013-q07-r000,0,valid,0,0,1,0
a013,q07,transactional,v021,A,0,0,a013-q07-r000,0,valid,0,0,1,0
a013,q07,transactional,v022,D,0,0,a013-q07-r000,0,valid,0,0,1,0
a013,q07,transactional,v023,D,0,0,a013-q07-r000,0,valid,0,0,1,0
a013,q07,transactional,v024,D,0,0,a013-q07-r000,0,valid,0,0,1,0
a013,q07,transactional,v025,B,0,0,a013-q07-r000,0,valid,0,0,1,0
a013,q07,transactional,v026,A,0,0,a013-q07-r000,0,valid,0,0,1,0
a013,q07,transactional,v027,B,0,0,a013-q07-r000,0,valid,0,0,1,0
a013,q07,transactional,v028,A,0,0,a013-q07-r000,0,valid,0,0,1,0
a013,q07,transactional,v029,B,0,0,a013-q07-r000,0,valid,0,0,1,0
a013,q07,transactional,v030,D,0,0,a013-q07-r000,0,valid,0,0,1,0
a013,q07,transactional,v031,A,0,0,a013-q07-r000,0,valid,0,0,1,0
a013,q07,transactional,v032,B,0,0,a013-q07-r000,0,valid,0,0,1,0
a013,q08,transactional,v001,D,1,1,a013-q08-r000,0,valid,1,1,0,0
a013,q08,transactional,v002,D,0,0,a013-q08-r000,0,valid,0,0,0,0
a013,q08,transactional,v003,C,0,0,a013-q08-r000,0,valid,0,0,0,0
a013,q08,transactional,v004,D,0,0,a013-q08-r000,0,valid,0,0,0,0
a013,q08,transactional,v005,B,0,0,a013-q08-r000,0,valid,0,0,0,0
a013,q08,transactional,v006,B,0,0,a013-q08-r000,0,valid,0,0,0,0
a013,q08,transactional,v007,C,0,0,a013-q08-r000,0,valid,0,0,0,0
a013,q08,transactional,v008,C,0,0,a013-q08-r000,0,valid,0,0,0,0
a013,q08,transactional,v009,C,0,0,a013-q08-r000,0,valid,0,0,0,0
a013,q08,transactional,v010,C,0,0,a013-q08-r000,0,valid,0,0,0,0
a013,q08,transactional,v011,A,0,0,a013-q08-r000,0,valid,0,0,0,0
a013,q08,transactional,v012,C,0,0,a013-q08-r000,0,valid,0,0,0,0
a013,q08,transactional,v013,A,1,1,a013-q08-r000,0,valid,1,1,0,0
a013,q08,transactional,v014,B,0,0,a013-q08-r000,0,valid,0,0,0,0
a013,q08,transactional,v015,A,0,0,a013-q08-r000,0,valid,0,0,0,0
a013,q08,transactional,v016,B,0,0,a013-q08-r000,0,valid,0,0,0,0
a013,q08,transactional,v017,A,0,0,a013-q08-r000,0,valid,0,0,0,0
a013,q08,transactional,v018,C,0,0,a013-q08-r000,0,valid,0,0,0,0
a013,q08,transactional,v019,C,0,0,a013-q08-r000,0,valid,0,0,0,0
a013,q08,transactional,v020,D,0,0,a013-q08-r000,0,valid,0,0,0,0
a013,q08,transactional,v021,A,0,0,a013-q08-r000,0,valid,0,0,0,0
a013,q08,transactional,v022,D,0,0,a013-q08-r000,0,valid,0,0,0,0
a013,q08,transactional,v023,D,0,0,a013-q08-r000,0,valid,0,0,0,0
a013,q08,transactional,v024,D,0,0,a013-q08-r000,0,valid,0,0,0,0
a013,q08,transactional,v025,B,0,0,a013-q08-r000,0,valid,0,0,0,0
a013,q08,transactional,v026,A,0,0,a013-q08-r000,0,valid,0,0,0,0
a013,q08,transactional,v027,B,0,0,a013-q08-r000,0,valid,0,0,0,0
a013,q08,transactional,v028,A,0,0,a013-q08-r000,0,valid,0,0,0,0
a013,q08,transactional,v029,B,0,0,a013-q08-r000,0,valid,0,0,0,0
a013,q08,transactional,v030,D,0,0,a013-q08-r000,0,valid,0,0,0,0
a013,q08,transactional,v031,A,0,0,a013-q08-r000,0,valid,0,0,0,0
a013,q08,transactional,v032,B,0,0,a013-q08-r000,0,valid,0,0,0,0
a013,q09,transactional,v001,D,0,0,a013-q09-r000,0,valid,0,0,1,0
a013,q09,transactional,v002,D,0,0,a013-q09-r000,0,valid,0,0,1,0
a013,q09,transactional,v003,C,0,0,a013-q09-r000,0,valid,0,0,1,0
a013,q09,transactional,v004,D,0,0,a013-q09-r000,0,valid,0,0,1,0
a013,q09,transactional,v005,B,0,0,a013-q09-r000,0,valid,0,0,1,0
a013,q09,transactional,v006,B,0,0,a013-q09-r000,0,valid,0,0,1,0
a013,q09,transactional,v007,C,0,0,a013-q09-r000,0,valid,0,0,1,0
a013,q09,transactional,v008,C,0,0,a013-q09-r000,0,valid,0,0,1,0
a013,q09,transactional,v009,C,0,0,a013-q09-r000,0,valid,0,0,1,0
a013,q09,transactional,v010,C,0,0,a013-q09-r000,0,valid,0,0,1,0
a013,q09,transactional,v011,A,0,0,a013-q09-r000,0,valid,0,0,1,0
a013,q09,transactional,v012,C,0,0,a013-q09-r000,0,valid,0,0,1,0
a013,q09,transactional,v013,A,0,0,a013-q09-r000,0,valid,0,0,1,0
a013,q09,transactional,v014,B,0,0,a013-q09-r000,0,valid,0,0,1,0
a013,q09,transactional,v015,A,0,0,a013-q09-r000,0,valid,0,0,1,0
a013,q09,transactional,v016,B,0,0,a013-q09-r000,0,valid,0,0,1,0
a013,q09,transactional,v017,A,0,0,a013-q09-r000,0,valid,0,0,1,0
a013,q09,transactional,v018,C,0,0,a013-q09-r000,0,valid,0,0,1,0
a013,q09,transactional,v019,C,0,0,a013-q09-r000,0,valid,0,0,1,0
a013,q09,transactional,v020,D,0,0,a013-q09-r000,0,valid,0,0,1,0
a013,q09,transactional,v021,A,0,0,a013-q09-r000,0,valid,0,0,1,0
a013,q09,transactional,v022,D,0,0,a013-q09-r000,0,valid,0,0,1,0
a013,q09,transactional,v023,D,0,0,a013-q09-r000,0,valid,0,0,1,0
a013,q09,transactional,v024,D,0,0,a013-q09-r000,0,valid,0,0,1,0
a013,q09,transactional,v025,B,0,0,a013-q09-r000,0,valid,0,0,1,0
a013,q09,transactional,v026,A,0,0,a013-q09-r000,0,valid,0,0,1,0
a013,q09,transactional,v027,B,0,0,a013-q09-r000,0,valid,0,0,1,0
a013,q09,transactional,v028,A,0,0,a013-q09-r000,0,valid,0,0,1,0
a013,q09,transactional,v029,B,0,0,a013-q09-r000,0,valid,0,0,1,0
a013,q09,transactional,v030,D,0,0,a013-q09-r000,0,valid,0,0,1,0
a013,q09,transactional,v031,A,0,0,a013-q09-r000,0,valid,0,0,1,0
a013,q09,transactional,v032,B,0,0,a013-q09-r000,0,valid,0,0,1,0
a013,q10,transactional,v001,D,0,0,a013-q10-r000,0,valid,0,0,1,0
a013,q10,transactional,v002,D,0,0,a013-q10-r000,0,valid,0,0,1,0
a013,q10,transactional,v003,C,0,0,a013-q10-r000,0,valid,0,0,1,0
a013,q10,transactional,v004,D,0,0,a013-q10-r000,0,valid,0,0,1,0
a013,q10,transactional,v005,B,0,0,a013-q10-r000,0,valid,0,0,1,0
a013,q10,transactional,v006,B,0,0,a013-q10-r000,0,valid,0,0,1,0
a013,q10,transactional,v007,C,0,0,a013-q10-r000,0,valid,0,0,1,0
a013,q10,transactional,v008,C,0,0,a013-q10-r000,0,valid,0,0,1,0
a013,q10,transactional,v009,C,0,0,a013-q10-r000,0,valid,0,0,1,0
a013,q10,transactional,v010,C,0,0,a013-q10-r000,0,valid,0,0,1,0
a013,q10,transactional,v011,A,0,0,a013-q10-r000,0,valid,0,0,1,0
a013,q10,transactional,v012,C,0,0,a013-q10-r000,0,valid,0,0,1,0
a013,q10,transactional,v013,A,0,0,a013-q10-r000,0,valid,0,0,1,0
a013,q10,transactional,v014,B,0,0,a013-q10-r000,0,valid,0,0,1,0
a013,q10,transactional,v015,A,0,0,a013-q10-r000,0,valid,0,0,1,0
a013,q10,transactional,v016,B,0,0,a013-q10-r000,0,valid,0,0,1,0
a013,q10,transactional,v017,A,0,0,a013-q10-r000,0,valid,0,0,1,0
a013,q10,transactional,v018,C,0,0,a013-q10-r000,0,valid,0,0,1,0
a013,q10,transactional,v019,C,0,0,a013-q10-r000,0,valid,0,0,1,0
a013,q10,transactional,v020,D,0,0,a013-q10-r000,0,valid,0,0,1,0
a013,q10,transactional,v021,A,0,0,a013-q10-r000,0,valid,0,0,1,0
a013,q10,transactional,v022,D,0,0,a013-q10-r000,0,valid,0,0,1,0
a013,q10,transactional,v023,D,0,0,a013-q10-r000,0,valid,0,0,1,0
a013,q10,transactional,v024,D,0,0,a013-q10-r000,0,valid,0,0,1,0
a013,q10,transactional,v025,B,0,0,a013-q10-r000,0,valid,0,0,1,0
a013,q10,transactional,v026,A,0,0,a013-q10-r000,0,valid,0,0,1,0
a013,q10,transactional,v027,B,0,0,a013-q10-r000,0,valid,0,0,1,0
a013,q10,transactional,v028,A,0,0,a013-q10-r000,0,valid,0,0,1,0
a013,q10,transactional,v029,B,0,0,a013-q10-r000,0,valid,0,0,1,0
a013,q10,transactional,v030,D,0,0,a013-q10-r000,0,valid,0,0,1,0
a013,q10,transactional,v031,A,0,0,a013-q10-r000,0,valid,0,0,1,0
a013,q10,transactional,v032,B,0,0,a013-q10-r000,0,valid,0,0,1,0
a013,q11,transactional,v001,D,1,1,a013-q11-r000,0,valid,1,1,0,0
a013,q11,transactional,v002,D,0,0,a013-q11-r000,0,valid,0,0,0,0
a013,q11,transactional,v003,C,0,0,a013-q11-r000,0,valid,0,0,0,0
a013,q11,transactional,v004,D,0,0,a013-q11-r000,0,valid,0,0,0,0
a013,q11,transactional,v005,B,0,0,a013-q11-r000,0,valid,0,0,0,0
a013,q11,transactional,v006,B,0,0,a013-q11-r000,0,valid,0,0,0,0
a013,q11,transactional,v007,C,0,0,a013-q11-r000,0,valid,0,0,0,0
a013,q11,transactional,v008,C,0,0,a013-q11-r000,0,valid,0,0,0,0
a013,q11,transactional,v009,C,0,0,a013-q11-r000,0,valid,0,0,0,0
a013,q11,transactional,v010,C,0,0,a013-q11-r000,0,valid,0,0,0,0
a013,q11,transactional,v011,A,0,0,a013-q11-r000,0,valid,0,0,0,0
a013,q11,transactional,v012,C,0,0,a013-q11-r000,0,valid,0,0,0,0
a013,q11,transactional,v013,A,1,1,a013-q11-r000,0,valid,1,1,0,0
a013,q11,transactional,v014,B,0,0,a013-q11-r000,0,valid,0,0,0,0
a013,q11,transactional,v015,A,0,0,a013-q11-r000,0,valid,0,0,0,0
a013,q11,transactional,v016,B,0,0,a013-q11-r000,0,valid,0,0,0,0
a013,q11,transactional,v017,A,1,1,a013-q11-r000,0,valid,1,1,0,0
a013,q11,transactional,v018,C,0,0,a013-q11-r000,0,valid,0,0,0,0
a013,q11,transactional,v019,C,0,0,a013-q11-r000,0,valid,0,0,0,0
a013,q11,transactional,v020,D,0,0,a013-q11-r000,0,valid,0,0,0,0
a013,q11,transactional,v021,A,0,0,a013-q11-r000,0,valid,0,0,0,0
a013,q11,transactional,v022,D,0,0,a013-q11-r000,0,valid,0,0,0,0
a013,q11,transactional,v023,D,0,0,a013-q11-r000,0,valid,0,0,0,0
a013,q11,transactional,v024,D,0,0,a013-q11-r000,0,valid,0,0,0,0
a013,q11,transactional,v025,B,0,0,a013-q11-r000,0,valid,0,0,0,0
a013,q11,transactional,v026,A,0,0,a013-q11-r000,0,valid,0,0,0,0
a013,q11,transactional,v027,B,0,0,a013-q11-r000,0,valid,0,0,0,0
a013,q11,transactional,v028,A,0,0,a013-q11-r000,0,valid,0,0,0,0
a013,q11,transactional,v029,B,0,0,a013-q11-r000,0,valid,0,0,0,0
a013,q11,transactional,v030,D,0,0,a013-q11-r000,0,valid,0,0,0,0
a013,q11,transactional,v031,A,0,0,a013-q11-r000,0,valid,0,0,0,0
a013,q11,transactional,v032,B,0,0,a013-q11-r000,0,valid,0,0,0,0
a013,q12,transactional,v001,D,0,0,a013-q12-r000,0,valid,0,0,1,0
a013,q12,transactional,v002,D,0,0,a013-q12-r000,0,valid,0,0,1,0
a013,q12,transactional,v003,C,0,0,a013-q12-r000,0,valid,0,0,1,0
a013,q12,transactional,v004,D,0,0,a013-q12-r000,0,valid,0,0,1,0
a013,q12,transactional,v005,B,0,0,a013-q12-r000,0,valid,0,0,1,0
a013,q12,transactional,v006,B,0,0,a013-q12-r000,0,valid,0,0,1,0
a013,q12,transactional,v007,C,0,0,a013-q12-r000,0,valid,0,0,1,0
a013,q12,transactional,v008,C,0,0,a013-q12-r000,0,valid,0,0,1,0
a013,q12,transactional,v009,C,0,0,a013-q12-r000,0,valid,0,0,1,0
a013,q12,transactional,v010,C,0,0,a013-q12-r000,0,valid,0,0,1,0
a013,q12,transactional,v011,A,0,0,a013-q12-r000,0,valid,0,0,1,0
a013,q12,transactional,v012,C,0,0,a013-q12-r000,0,valid,0,0,1,0
a013,q12,transactional,v013,A,0,0,a013-q12-r000,0,valid,0,0,1,0
a013,q12,transactional,v014,B,0,0,a013-q12-r000,0,valid,0,0,1,0
a013,q12,transactional,v015,A,0,0,a013-q12-r000,0,valid,0,0,1,0
a013,q12,transactional,v016,B,0,0,a013-q12-r000,0,valid,0,0,1,0
a013,q12,transactional,v017,A,0,0,a013-q12-r000,0,valid,0,0,1,0
a013,q12,transactional,v018,C,0,0,a013-q12-r000,0,valid,0,0,1,0
a013,q12,transactional,v019,C,0,0,a013-q12-r000,0,valid,0,0,1,0
a013,q12,transactional,v020,D,0,0,a013-q12-r000,0,valid,0,0,1,0
a013,q12,transactional,v021,A,0,0,a013-q12-r000,0,valid,0,0,1,0
a013,q12,transactional,v022,D,0,0,a013-q12-r000,0,valid,0,0,1,0
a013,q12,transactional,v023,D,0,0,a013-q12-r000,0,valid,0,0,1,0
a013,q12,transactional,v024,D,0,0,a013-q12-r000,0,valid,0,0,1,0
a013,q12,transactional,v025,B,0,0,a013-q12-r000,0,valid,0,0,1,0
a013,q12,transactional,v026,A,0,0,a013-q12-r000,0,valid,0,0,1,0
a013,q12,transactional,v027,B,0,0,a013-q12-r000,0,valid,0,0,1,0
a013,q12,transactional,v028,A,0,0,a013-q12-r000,0,valid,0,0,1,0
a013,q12,transactional,v029,B,0,0,a013-q12-r000,0,valid,0,0,1,0
a013,q12,transactional,v030,D,0,0,a013-q12-r000,0,valid,0,0,1,0
a013,q12,transactional,v031,A,0,0,a013-q12-r000,0,valid,0,0,1,0
a013,q12,transactional,v032,B,0,0,a013-q12-r000,0,valid,0,0,1,0
a013,q13,evaluative,v001,D,0,0,a013-q13-r000,0,valid,0,0,1,0
a013,q13,evaluative,v002,D,0,0,a013-q13-r000,0,valid,0,0,1,0
a013,q13,evaluative,v003,C,0,0,a013-q13-r000,0,valid,0,0,1,0
a013,q13,evaluative,v004,D,0,0,a013-q13-r000,0,valid,0,0,1,0
a013,q13,evaluative,v005,B,0,0,a013-q13-r000,0,valid,0,0,1,0
a013,q13,evaluative,v006,B,0,0,a013-q13-r000,0,valid,0,0,1,0
a013,q13,evaluative,v007,C,0,0,a013-q13-r000,0,valid,0,0,1,0
a013,q13,evaluative,v008,C,0,0,a013-q13-r000,0,valid,0,0,1,0
a013,q13,evaluative,v009,C,0,0,a013-q13-r000,0,valid,0,0,1,0
a013,q13,evaluative,v010,C,0,0,a013-q13-r000,0,valid,0,0,1,0
a013,q13,evaluative,v011,A,0,0,a013-q13-r000,0,valid,0,0,1,0
a013,q13,evaluative,v012,C,0,0,a013-q13-r000,0,valid,0,0,1,0
a013,q13,evaluative,v013,A,0,0,a013-q13-r000,0,valid,0,0,1,0
a013,q13,evaluative,v014,B,0,0,a013-q13-r000,0,valid,0,0,1,0
a013,q13,evaluative,v015,A,0,0,a013-q13-r000,0,valid,0,0,1,0
a013,q13,evaluative,v016,B,0,0,a013-q13-r000,0,valid,0,0,1,0
a013,q13,evaluative,v017,A,0,0,a013-q13-r000,0,valid,0,0,1,0
a013,q13,evaluative,v018,C,0,0,a013-q13-r000,0,valid,0,0,1,0
a013,q13,evaluative,v019,C,0,0,a013-q13-r000,0,valid,0,0,1,0
a013,q13,evaluative,v020,D,0,0,a013-q13-r000,0,valid,0,0,1,0
a013,q13,evaluative,v021,A,0,0,a013-q13-r000,0,valid,0,0,1,0
a013,q13,evaluative,v022,D,0,0,a013-q13-r000,0,valid,0,0,1,0
a013,q13,evaluative,v023,D,0,0,a013-q13-r000,0,valid,0,0,1,0
a013,q13,evaluative,v024,D,0,0,a013-q13-r000,0,valid,0,0,1,0
a013,q13,evaluative,v025,B,0,0,a013-q13-r000,0,valid,0,0,1,0
a013,q13,evaluative,v026,A,0,0,a013-q13-r000,0,valid,0,0,1,0
a013,q13,evaluative,v027,B,0,0,a013-q13-r000,0,valid,0,0,1,0
a013,q13,evaluative,v028,A,0,0,a013-q13-r000,0,valid,0,0,1,0
a013,q13,evaluative,v029,B,0,0,a013-q13-r000,0,valid,0,0,1,0
a013,q13,evaluative,v030,D,0,0,a013-q13-r000,0,valid,0,0,1,0
a013,q13,evaluative,v031,A,0,0,a013-q13-r000,0,valid,0,0,1,0
a013,q13,evaluative,v032,B,0,0,a013-q13-r000,0,valid,0,0,1,0
a013,q14,evaluative,v001,D,0,0,a013-q14-r000,0,valid,0,0,1,0
a013,q14,evaluative,v002,D,0,0,a013-q14-r000,0,valid,0,0,1,0
a013,q14,evaluative,v003,C,0,0,a013-q14-r000,0,valid,0,0,1,0
a013,q14,evaluative,v004,D,0,0,a013-q14-r000,0,valid,0,0,1,0
a013,q14,evaluative,v005,B,0,0,a013-q14-r000,0,valid,0,0,1,0
a013,q14,evaluative,v006,B,0,0,a013-q14-r000,0,valid,0,0,1,0
a013,q14,evaluative,v007,C,0,0,a013-q14-r000,0,valid,0,0,1,0
a013,q14,evaluative,v008,C,0,0,a013-q14-r000,0,valid,0,0,1,0
a013,q14,evaluative,v009,C,0,0,a013-q14-r000,0,valid,0,0,1,0
a013,q14,evaluative,v010,C,0,0,a013-q14-r000,0,valid,0,0,1,0
a013,q14,evaluative,v011,A,0,0,a013-q14-r000,0,valid,0,0,1,0
a013,q14,evaluative,v012,C,0,0,a013-q14-r000,0,valid,0,0,1,0
a013,q14,evaluative,v013,A,0,0,a013-q14-r000,0,valid,0,0,1,0
a013,q14,evaluative,v014,B,0,0,a013-q14-r000,0,valid,0,0,1,0
a013,q14,evaluative,v015,A,0,0,a013-q14-r000,0,valid,0,0,1,0
a013,q14,evaluative,v016,B,0,0,a013-q14-r000,0,valid,0,0,1,0
a013,q14,evaluative,v017,A,0,0,a013-q14-r000,0,valid,0,0,1,0
a013,q14,evaluative,v018,C,0,0,a013-q14-r000,0,valid,0,0,1,0
a013,q14,evaluative,v019,C,0,0,a013-q14-r000,0,valid,0,0,1,0
a013,q14,evaluative,v020,D,0,0,a013-q14-r000,0,valid,0,0,1,0
a013,q14,evaluative,v021,A,0,0,a013-q14-r000,0,valid,0,0,1,0
a013,q14,evaluative,v022,D,0,0,a013-q14-r000,0,valid,0,0,1,0
a013,q14,evaluative,v023,D,0,0,a013-q14-r000,0,valid,0,0,1,0
a013,q14,evaluative,v024,D,0,0,a013-q14-r000,0,valid,0,0,1,0
a013,q14,evaluative,v025,B,0,0,a013-q14-r000,0,valid,0,0,1,0
a013,q14,evaluative,v026,A,0,0,a013-q14-r000,0,valid,0,0,1,0
a013,q14,evaluative,v027,B,0,0,a013-q14-r000,0,valid,0,0,1,0
a013,q14,evaluative,v028,A,0,0,a013-q14-r000,0,valid,0,0,1,0
a013,q14,evaluative,v029,B,0,0,a013-q14-r000,0,valid,0,0,1,0
a013,q14,evaluative,v030,D,0,0,a013-q14-r000,0,valid,0,0,1,0
a013,q14,evaluative,v031,A,0,0,a013-q14-r000,0,valid,0,0,1,0
a013,q14,evaluative,v032,B,0,0,a013-q14-r000,0,valid,0,0,1,0
a013,q15,evaluative,v001,D,0,0,a013-q15-r000,0,valid,0,0,0,0
a013,q15,evaluative,v002,D,0,0,a013-q15-r000,0,valid,0,0,0,0
a013,q15,evaluative,v003,C,0,0,a013-q15-r000,0,valid,0,0,0,0
a013,q15,evaluative,v004,D,0,0,a013-q15-r000,0,valid,0,0,0,0
a013,q15,evaluative,v005,B,0,0,a013-q15-r000,0,valid,0,0,0,0
a013,q15,evaluative,v006,B,0,0,a013-q15-r000,0,valid,0,0,0,0
a013,q15,evaluative,v007,C,0,0,a013-q15-r000,0,valid,0,0,0,0
a013,q15,evaluative,v008,C,0,0,a013-q15-r000,0,valid,0,0,0,0
a013,q15,evaluative,v009,C,0,0,a013-q15-r000,0,valid,0,0,0,0
a013,q15,evaluative,v010,C,0,0,a013-q15-r000,0,valid,0,0,0,0
a013,q15,evaluative,v011,A,0,0,a013-q15-r000,0,valid,0,0,0,0
a013,q15,evaluative,v012,C,0,0,a013-q15-r000,0,valid,0,0,0,0
a013,q15,evaluative,v013,A,0,0,a013-q15-r000,0,valid,0,0,0,0
a013,q15,evaluative,v014,B,0,0,a013-q15-r000,0,valid,0,0,0,0
a013,q15,evaluative,v015,A,0,0,a013-q15-r000,0,valid,0,0,0,0
a013,q15,evaluative,v016,B,1,1,a013-q15-r000,0,valid,1,1,0,0
a013,q15,evaluative,v017,A,0,0,a013-q15-r000,0,valid,0,0,0,0
a013,q15,evaluative,v018,C,0,0,a013-q15-r000,0,valid,0,0,0,0
a013,q15,evaluative,v019,C,0,0,a013-q15-r000,0,valid,0,0,0,0
a013,q15,evaluative,v020,D,0,0,a013-q15-r000,0,valid,0,0,0,0
a013,q15,evaluative,v021,A,0,0,a013-q15-r000,0,valid,0,0,0,0
a013,q15,evaluative,v022,D,0,0,a013-q15-r000,0,valid,0,0,0,0
a013,q15,evaluative,v023,D,0,0,a013-q15-r000,0,valid,0,0,0,0
a013,q15,evaluative,v024,D,0,0,a013-q15-r000,0,valid,0,0,0,0
a013,q15,evaluative,v025,B,0,0,a013-q15-r000,0,valid,0,0,0,0
a013,q15,evaluative,v026,A,0,0,a013-q15-r000,0,valid,0,0,0,0
a013,q15,evaluative,v027,B,1,1,a013-q15-r000,0,valid,1,1,0,0
a013,q15,evaluative,v028,A,0,0,a013-q15-r000,0,valid,0,0,0,0
a013,q15,evaluative,v029,B,0,0,a013-q15-r000,0,valid,0,0,0,0
a013,q15,evaluative,v030,D,0,0,a013-q15-r000,0,valid,0,0,0,0
a013,q15,evaluative,v031,A,0,0,a013-q15-r000,0,valid,0,0,0,0
a013,q15,evaluative,v032,B,0,0,a013-q15-r000,0,valid,0,0,0,0
a013,q16,evaluative,v001,D,0,0,a013-q16-r000,0,valid,0,0,0,0
a013,q16,evaluative,v002,D,0,0,a013-q16-r000,0,valid,0,0,0,0
a013,q16,evaluative,v003,C,0,0,a013-q16-r000,0,valid,0,0,0,0
a013,q16,evaluative,v004,D,1,1,a013-q16-r000,0,valid,1,1,0,0
a013,q16,evaluative,v005,B,0,0,a013-q16-r000,0,valid,0,0,0,0
a013,q16,evaluative,v006,B,0,0,a013-q16-r000,0,valid,0,0,0,0
a013,q16,evaluative,v007,C,0,0,a013-q16-r000,0,valid,0,0,0,0
a013,q16,evaluative,v008,C,0,0,a013-q16-r000,0,valid,0,0,0,0
a013,q16,evaluative,v009,C,0,0,a013-q16-r000,0,valid,0,0,0,0
a013,q16,evaluative,v010,C,0,0,a013-q16-r000,0,valid,0,0,0,0
a013,q16,evaluative,v011,A,0,0,a013-q16-r000,0,valid,0,0,0,0
a013,q16,evaluative,v012,C,0,0,a013-q16-r000,0,valid,0,0,0,0
a013,q16,evaluative,v013,A,0,0,a013-q16-r000,0,valid,0,0,0,0
a013,q16,evaluative,v014,B,0,0,a013-q16-r000,0,valid,0,0,0,0
a013,q16,evaluative,v015,A,0,0,a013-q16-r000,0,valid,0,0,0,0
a013,q16,evaluative,v016,B,1,1,a013-q16-r000,0,valid,1,1,0,0
a013,q16,evaluative,v017,A,0,0,a013-q16-r000,0,valid,0,0,0,0
a013,q16,evaluative,v018,C,0,0,a013-q16-r000,0,valid,0,0,0,0
a013,q16,evaluative,v019,C,0,0,a013-q16-r000,0,valid,0,0,0,0
a013,q16,evaluative,v020,D,0,0,a013-q16-r000,0,valid,0,0,0,0
a013,q16,evaluative,v021,A,0,0,a013-q16-r000,0,valid,0,0,0,0
a013,q16,evaluative,v022,D,0,0,a013-q16-r000,0,valid,0,0,0,0
a013,q16,evaluative,v023,D,0,0,a013-q16-r000,0,valid,0,0,0,0
a013,q16,evaluative,v024,D,1,1,a013-q16-r000,0,valid,0,0,0,0
a013,q16,evaluative,v025,B,0,0,a013-q16-r000,0,valid,0,0,0,0
a013,q16,evaluative,v026,A,0,0,a013-q16-r000,0,valid,0,0,0,0
a013,q16,evaluative,v027,B,0,0,a013-q16-r000,0,valid,0,0,0,0
a013,q16,evaluative,v028,A,1,1,a013-q16-r000,0,valid,1,1,0,0
a013,q16,evaluative,v029,B,0,0,a013-q16-r000,0,valid,0,0,0,0
a013,q16,evaluative,v030,D,0,0,a013-q16-r000,0,valid,0,0,0,0
a013,q16,evaluative,v031,A,0,0,a013-q16-r000,0,valid,0,0,0,0
a013,q16,evaluative,v032,B,1,1,a013-q16-r000,0,valid,0,0,0,0
a013,q17,evaluative,v001,D,0,0,a013-q17-r000,0,valid,0,0,0,0
a013,q17,evaluative,v002,D,0,0,a013-q17-r000,0,valid,0,0,0,0
a013,q17,evaluative,v003,C,0,0,a013-q17-r000,0,valid,0,0,0,0
a013,q17,evaluative,v004,D,1,1,a013-q17-r000,0,valid,1,1,0,0
a013,q17,evaluative,v005,B,0,0,a013-q17-r000,0,valid,0,0,0,0
a013,q17,evaluative,v006,B,0,0,a013-q17-r000,0,valid,0,0,0,0
a013,q17,evaluative,v007,C,0,0,a013-q17-r000,0,valid,0,0,0,0
a013,q17,evaluative,v008,C,0,0,a013-q17-r000,0,valid,0,0,0,0
a013,q17,evaluative,v009,C,0,0,a013-q17-r000,0,valid,0,0,0,0
a013,q17,evaluative,v010,C,0,0,a013-q17-r000,0,valid,0,0,0,0
a013,q17,evaluative,v011,A,0,0,a013-q17-r000,0,valid,0,0,0,0
a013,q17,evaluative,v012,C,0,0,a013-q17-r000,0,valid,0,0,0,0
a013,q17,evaluative,v013,A,0,0,a013-q17-r000,0,valid,0,0,0,0
a013,q17,evaluative,v014,B,0,0,a013-q17-r000,0,valid,0,0,0,0
a013,q17,evaluative,v015,A,0,0,a013-q17-r000,0,valid,0,0,0,0
a013,q17,evaluative,v016,B,1,1,a013-q17-r000,0,valid,1,1,0,0
a013,q17,evaluative,v017,A,0,0,a013-q17-r000,0,valid,0,0,0,0
a013,q17,evaluative,v018,C,0,0,a013-q17-r000,0,valid,0,0,0,0
a013,q17,evaluative,v019,C,0,0,a013-q17-r000,0,valid,0,0,0,0
a013,q17,evaluative,v020,D,0,0,a013-q17-r000,0,valid,0,0,0,0
a013,q17,evaluative,v021,A,0,0,a013-q17-r000,0,valid,0,0,0,0
a013,q17,evaluative,v022,D,0,0,a013-q17-r000,0,valid,0,0,0,0
a013,q17,evaluative,v023,D,0,0,a013-q17-r000,0,valid,0,0,0,0
a013,q17,evaluative,v024,D,1,1,a013-q17-r000,0,valid,0,0,0,0
a013,q17,evaluative,v025,B,0,0,a013-q17-r000,0,valid,0,0,0,0
a013,q17,evaluative,v026,A,0,0,a013-q17-r000,0,valid,0,0,0,0
a013,q17,evaluative,v027,B,0,0,a013-q17-r000,0,valid,0,0,0,0
a013,q17,evaluative,v028,A,1,1,a013-q17-r000,0,valid,1,1,0,0
a013,q17,evaluative,v029,B,0,0,a013-q17-r000,0,valid,0,0,0,0
a013,q17,evaluative,v030,D,0,0,a013-q17-r000,0,valid,0,0,0,0
a013,q17,evaluative,v031,A,0,0,a013-q17-r000,0,valid,0,0,0,0
a013,q17,evaluative,v032,B,1,1,a013-q17-r000,0,valid,0,0,0,0
a013,q18,evaluative,v001,D,0,0,a013-q18-r000,0,valid,0,0,1,0
a013,q18,evaluative,v002,D,0,0,a013-q18-r000,0,valid,0,0,1,0
a013,q18,evaluative,v003,C,0,0,a013-q18-r000,0,valid,0,0,1,0
a013,q18,evaluative,v004,D,0,0,a013-q18-r000,0,valid,0,0,1,0
a013,q18,evaluative,v005,B,0,0,a013-q18-r000,0,valid,0,0,1,0
a013,q18,evaluative,v006,B,0,0,a013-q18-r000,0,valid,0,0,1,0
a013,q18,evaluative,v007,C,0,0,a013-q18-r000,0,valid,0,0,1,0
a013,q18,evaluative,v008,C,0,0,a013-q18-r000,0,valid,0,0,1,0
a013,q18,evaluative,v009,C,0,0,a013-q18-r000,0,valid,0,0,1,0
a013,q18,evaluative,v010,C,0,0,a013-q18-r000,0,valid,0,0,1,0
a013,q18,evaluative,v011,A,0,0,a013-q18-r000,0,valid,0,0,1,0
a013,q18,evaluative,v012,C,0,0,a013-q18-r000,0,valid,0,0,1,0
a013,q18,evaluative,v013,A,0,0,a013-q18-r000,0,valid,0,0,1,0
a013,q18,evaluative,v014,B,0,0,a013-q18-r000,0,valid,0,0,1,0
a013,q18,evaluative,v015,A,0,0,a013-q18-r000,0,valid,0,0,1,0
a013,q18,evaluative,v016,B,0,0,a013-q18-r000,0,valid,0,0,1,0
a013,q18,evaluative,v017,A,0,0,a013-q18-r000,0,valid,0,0,1,0
a013,q18,evaluative,v018,C,0,0,a013-q18-r000,0,valid,0,0,1,0
a013,q18,evaluative,v019,C,0,0,a013-q18-r000,0,valid,0,0,1,0
a013,q18,evaluative,v020,D,0,0,a013-q18-r000,0,valid,0,0,1,0
a013,q18,evaluative,v021,A,0,0,a013-q18-r000,0,valid,0,0,1,0
a013,q18,evaluative,v022,D,0,0,a013-q18-r000,0,valid,0,0,1,0
a013,q18,evaluative,v023,D,0,0,a013-q18-r000,0,valid,0,0,1,0
a013,q18,evaluative,v024,D,0,0,a013-q18-r000,0,valid,0,0,1,0
a013,q18,evaluative,v025,B,0,0,a013-q18-r000,0,valid,0,0,1,0
a013,q18,evaluative,v026,A,0,0,a013-q18-r000,0,valid,0,0,1,0
a013,q18,evaluative,v027,B,0,0,a013-q18-r000,0,valid,0,0,1,0
a013,q18,evaluative,v028,A,0,0,a013-q18-r000,0,valid,0,0,1,0
a013,q18,evaluative,v029,B,0,0,a013-q18-r000,0,valid,0,0,1,0
a013,q18,evaluative,v030,D,0,0,a013-q18-r000,0,valid,0,0,1,0
a013,q18,evaluative,v031,A,0,0,a013-q18-r000,0,valid,0,0,1,0
a013,q18,evaluative,v032,B,0,0,a013-q18-r000,0,valid,0,0,1,0
a013,q19,evaluative,v001,D,0,0,a013-q19-r000,0,valid,0,0,1,0
a013,q19,evaluative,v002,D,0,0,a013-q19-r000,0,valid,0,0,1,0
a013,q19,evaluative,v003,C,0,0,a013-q19-r000,0,valid,0,0,1,0
a013,q19,evaluative,v004,D,0,0,a013-q19-r000,0,valid,0,0,1,0
a013,q19,evaluative,v005,B,0,0,a013-q19-r000,0,valid,0,0,1,0
a013,q19,evaluative,v006,B,0,0,a013-q19-r000,0,valid,0,0,1,0
a013,q19,evaluative,v007,C,0,0,a013-q19-r000,0,valid,0,0,1,0
a013,q19,evaluative,v008,C,0,0,a013-q19-r000,0,valid,0,0,1,0
a013,q19,evaluative,v009,C,0,0,a013-q19-r000,0,valid,0,0,1,0
a013,q19,evaluative,v010,C,0,0,a013-q19-r000,0,valid,0,0,1,0
a013,q19,evaluative,v011,A,0,0,a013-q19-r000,0,valid,0,0,1,0
a013,q19,evaluative,v012,C,0,0,a013-q19-r000,0,valid,0,0,1,0
a013,q19,evaluative,v013,A,0,0,a013-q19-r000,0,valid,0,0,1,0
a013,q19,evaluative,v014,B,0,0,a013-q19-r000,0,valid,0,0,1,0
a013,q19,evaluative,v015,A,0,0,a013-q19-r000,0,valid,0,0,1,0
a013,q19,evaluative,v016,B,0,0,a013-q19-r000,0,valid,0,0,1,0
a013,q19,evaluative,v017,A,0,0,a013-q19-r000,0,valid,0,0,1,0
a013,q19,evaluative,v018,C,0,0,a013-q19-r000,0,valid,0,0,1,0
a013,q19,evaluative,v019,C,0,0,a013-q19-r000,0,valid,0,0,1,0
a013,q19,evaluative,v020,D,0,0,a013-q19-r000,0,valid,0,0,1,0
a013,q19,evaluative,v021,A,0,0,a013-q19-r000,0,valid,0,0,1,0
a013,q19,evaluative,v022,D,0,0,a013-q19-r000,0,valid,0,0,1,0
a013,q19,evaluative,v023,D,0,0,a013-q19-r000,0,valid,0,0,1,0
a013,q19,evaluative,v024,D,0,0,a013-q19-r000,0,valid,0,0,1,0
a013,q19,evaluative,v025,B,0,0,a013-q19-r000,0,valid,0,0,1,0
a013,q19,evaluative,v026,A,0,0,a013-q19-r000,0,valid,0,0,1,0
a013,q19,evaluative,v027,B,0,0,a013-q19-r000,0,valid,0,0,1,0
a013,q19,evaluative,v028,A,0,0,a013-q19-r000,0,valid,0,0,1,0
a013,q19,evaluative,v029,B,0,0,a013-q19-r000,0,valid,0,0,1,0
a013,q19,evaluative,v030,D,0,0,a013-q19-r000,0,valid,0,0,1,0
a013,q19,evaluative,v031,A,0,0,a013-q19-r000,0,valid,0,0,1,0
a013,q19,evaluative,v032,B,0,0,a013-q19-r000,0,valid,0,0,1,0
a013,q20,evaluative,v001,D,1,1,a013-q20-r000,0,valid,1,1,0,0
a013,q20,evaluative,v002,D,0,0,a013-q20-r000,0,valid,0,0,0,0
a013,q20,evaluative,v003,C,0,0,a013-q20-r000,0,valid,0,0,0,0
a013,q20,evaluative,v004,D,0,0,a013-q20-r000,0,valid,0,0,0,0
a013,q20,evaluative,v005,B,0,0,a013-q20-r000,0,valid,0,0,0,0
a013,q20,evaluative,v006,B,0,0,a013-q20-r000,0,valid,0,0,0,0
a013,q20,evaluative,v007,C,0,0,a013-q20-r000,0,valid,0,0,0,0
a013,q20,evaluative,v008,C,0,0,a013-q20-r000,0,valid,0,0,0,0
a013,q20,evaluative,v009,C,0,0,a013-q20-r000,0,valid,0,0,0,0
a013,q20,evaluative,v010,C,0,0,a013-q20-r000,0,valid,0,0,0,0
a013,q20,evaluative,v011,A,0,0,a013-q20-r000,0,valid,0,0,0,0
a013,q20,evaluative,v012,C,0,0,a013-q20-r000,0,valid,0,0,0,0
a013,q20,evaluative,v013,A,1,1,a013-q20-r000,0,valid,1,1,0,0
a013,q20,evaluative,v014,B,0,0,a013-q20-r000,0,valid,0,0,0,0
a013,q20,evaluative,v015,A,0,0,a013-q20-r000,0,valid,0,0,0,0
a013,q20,evaluative,v016,B,0,0,a013-q20-r000,0,valid,0,0,0,0
a013,q20,evaluative,v017,A,0,0,a013-q20-r000,0,valid,0,0,0,0
a013,q20,evaluative,v018,C,0,0,a013-q20-r000,0,valid,0,0,0,0
a013,q20,evaluative,v019,C,0,0,a013-q20-r000,0,valid,0,0,0,0
a013,q20,evaluative,v020,D,0,0,a013-q20-r000,0,valid,0,0,0,0
a013,q20,evaluative,v021,A,0,0,a013-q20-r000,0,valid,0,0,0,0
a013,q20,evaluative,v022,D,0,0,a013-q20-r000,0,valid,0,0,0,0
a013,q20,evaluative,v023,D,0,0,a013-q20-r000,0,valid,0,0,0,0
a013,q20,evaluative,v024,D,0,0,a013-q20-r000,0,valid,0,0,0,0
a013,q20,evaluative,v025,B,0,0,a013-q20-r000,0,valid,0,0,0,0
a013,q20,evaluative,v026,A,0,0,a013-q20-r000,0,valid,0,0,0,0
a013,q20,evaluative,v027,B,0,0,a013-q20-r000,0,valid,0,0,0,0
a013,q20,evaluative,v028,A,0,0,a013-q20-r000,0,valid,0,0,0,0
a013,q20,evaluative,v029,B,0,0,a013-q20-r000,0,valid,0,0,0,0
a013,q20,evaluative,v030,D,0,0,a013-q20-r000,0,valid,0,0,0,0
a013,q20,evaluative,v031,A,0,0,a013-q20-r000,0,valid,0,0,0,0
a013,q20,evaluative,v032,B,0,0,a013-q20-r000,0,valid,0,0,0,0
a013,q21,evaluative,v001,D,0,0,a013-q21-r000,0,valid,0,0,1,0
a013,q21,evaluative,v002,D,0,0,a013-q21-r000,0,valid,0,0,1,0
a013,q21,evaluative,v003,C,0,0,a013-q21-r000,0,valid,0,0,1,0
a013,q21,evaluative,v004,D,0,0,a013-q21-r000,0,valid,0,0,1,0
a013,q21,evaluative,v005,B,0,0,a013-q21-r000,0,valid,0,0,1,0
a013,q21,evaluative,v006,B,0,0,a013-q21-r000,0,valid,0,0,1,0
a013,q21,evaluative,v007,C,0,0,a013-q21-r000,0,valid,0,0,1,0
a013,q21,evaluative,v008,C,0,0,a013-q21-r000,0,valid,0,0,1,0
a013,q21,evaluative,v009,C,0,0,a013-q21-r000,0,valid,0,0,1,0
a013,q21,evaluative,v010,C,0,0,a013-q21-r000,0,valid,0,0,1,0
a013,q21,evaluative,v011,A,0,0,a013-q21-r000,0,valid,0,0,1,0
a013,q21,evaluative,v012,C,0,0,a013-q21-r000,0,valid,0,0,1,0
a013,q21,evaluative,v013,A,0,0,a013-q21-r000,0,valid,0,0,1,0
a013,q21,evaluative,v014,B,0,0,a013-q21-r000,0,valid,0,0,1,0
a013,q21,evaluative,v015,A,0,0,a013-q21-r000,0,valid,0,0,1,0
a013,q21,evaluative,v016,B,0,0,a013-q21-r000,0,valid,0,0,1,0
a013,q21,evaluative,v017,A,0,0,a013-q21-r000,0,valid,0,0,1,0
a013,q21,evaluative,v018,C,0,0,a013-q21-r000,0,valid,0,0,1,0
a013,q21,evaluative,v019,C,0,0,a013-q21-r000,0,valid,0,0,1,0
a013,q21,evaluative,v020,D,0,0,a013-q21-r000,0,valid,0,0,1,0
a013,q21,evaluative,v021,A,0,0,a013-q21-r000,0,valid,0,0,1,0
a013,q21,evaluative,v022,D,0,0,a013-q21-r000,0,valid,0,0,1,0
a013,q21,evaluative,v023,D,0,0,a013-q21-r000,0,valid,0,0,1,0
a013,q21,evaluative,v024,D,0,0,a013-q21-r000,0,valid,0,0,1,0
a013,q21,evaluative,v025,B,0,0,a013-q21-r000,0,valid,0,0,1,0
a013,q21,evaluative,v026,A,0,0,a013-q21-r000,0,valid,0,0,1,0
a013,q21,evaluative,v027,B,0,0,a013-q21-r000,0,valid,0,0,1,0
a013,q21,evaluative,v028,A,0,0,a013-q21-r000,0,valid,0,0,1,0
a013,q21,evaluative,v029,B,0,0,a013-q21-r000,0,valid,0,0,1,0
a013,q21,evaluative,v030,D,0,0,a013-q21-r000,0,valid,0,0,1,0
a013,q21,evaluative,v031,A,0,0,a013-q21-r000,0,valid,0,0,1,0
a013,q21,evaluative,v032,B,0,0,a013-q21-r000,0,valid,0,0,1,0
a013,q22,evaluative,v001,D,0,0,a013-q22-r000,0,valid,0,0,1,0
a013,q22,evaluative,v002,D,0,0,a013-q22-r000,0,valid,0,0,1,0
a013,q22,evaluative,v003,C,0,0,a013-q22-r000,0,valid,0,0,1,0
a013,q22,evaluative,v004,D,0,0,a013-q22-r000,0,valid,0,0,1,0
a013,q22,evaluative,v005,B,0,0,a013-q22-r000,0,valid,0,0,1,0
a013,q22,evaluative,v006,B,0,0,a013-q22-r000,0,valid,0,0,1,0
a013,q22,evaluative,v007,C,0,0,a013-q22-r000,0,valid,0,0,1,0
a013,q22,evaluative,v008,C,0,0,a013-q22-r000,0,valid,0,0,1,0
a013,q22,evaluative,v009,C,0,0,a013-q22-r000,0,valid,0,0,1,0
a013,q22,evaluative,v010,C,0,0,a013-q22-r000,0,valid,0,0,1,0
a013,q22,evaluative,v011,A,0,0,a013-q22-r000,0,valid,0,0,1,0
a013,q22,evaluative,v012,C,0,0,a013-q22-r000,0,valid,0,0,1,0
a013,q22,evaluative,v013,A,0,0,a013-q22-r000,0,valid,0,0,1,0
a013,q22,evaluative,v014,B,0,0,a013-q22-r000,0,valid,0,0,1,0
a013,q22,evaluative,v015,A,0,0,a013-q22-r000,0,valid,0,0,1,0
a013,q22,evaluative,v016,B,0,0,a013-q22-r000,0,valid,0,0,1,0
a013,q22,evaluative,v017,A,0,0,a013-q22-r000,0,valid,0,0,1,0
a013,q22,evaluative,v018,C,0,0,a013-q22-r000,0,valid,0,0,1,0
a013,q22,evaluative,v019,C,0,0,a013-q22-r000,0,valid,0,0,1,0
a013,q22,evaluative,v020,D,0,0,a013-q22-r000,0,valid,0,0,1,0
a013,q22,evaluative,v021,A,0,0,a013-q22-r000,0,valid,0,0,1,0
a013,q22,evaluative,v022,D,0,0,a013-q22-r000,0,valid,0,0,1,0
a013,q22,evaluative,v023,D,0,0,a013-q22-r000,0,valid,0,0,1,0
a013,q22,evaluative,v024,D,0,0,a013-q22-r000,0,valid,0,0,1,0
a013,q22,evaluative,v025,B,0,0,a013-q22-r000,0,valid,0,0,1,0
a013,q22,evaluative,v026,A,0,0,a013-q22-r000,0,valid,0,0,1,0
a013,q22,evaluative,v027,B,0,0,a013-q22-r000,0,valid,0,0,1,0
a013,q22,evaluative,v028,A,0,0,a013-q22-r000,0,valid,0,0,1,0
a013,q22,evaluative,v029,B,0,0,a013-q22-r000,0,valid,0,0,1,0
a013,q22,evaluative,v030,D,0,0,a013-q22-r000,0,valid,0,0,1,0
a013,q22,evaluative,v031,A,0,0,a013-q22-r000,0,valid,0,0,1,0
a013,q22,evaluative,v032,B,0,0,a013-q22-r000,0,valid,0,0,1,0
a013,q23,evaluative,v001,D,1,1,a013-q23-r000,0,valid,1,1,0,0
a013,q23,evaluative,v002,D,0,0,a013-q23-r000,0,valid,0,0,0,0
a013,q23,evaluative,v003,C,0,0,a013-q23-r000,0,valid,0,0,0,0
a013,q23,evaluative,v004,D,0,0,a013-q23-r000,0,valid,0,0,0,0
a013,q23,evaluative,v005,B,0,0,a013-q23-r000,0,valid,0,0,0,0
a013,q23,evaluative,v006,B,0,0,a013-q23-r000,0,valid,0,0,0,0
a013,q23,evaluative,v007,C,0,0,a013-q23-r000,0,valid,0,0,0,0
a013,q23,evaluative,v008,C,0,0,a013-q23-r000,0,valid,0,0,0,0
a013,q23,evaluative,v009,C,0,0,a013-q23-r000,0,valid,0,0,0,0
a013,q23,evaluative,v010,C,0,0,a013-q23-r000,0,valid,0,0,0,0
a013,q23,evaluative,v011,A,0,0,a013-q23-r000,0,valid,0,0,0,0
a013,q23,evaluative,v012,C,0,0,a013-q23-r000,0,valid,0,0,0,0
a013,q23,evaluative,v013,A,1,1,a013-q23-r000,0,valid,1,1,0,0
a013,q23,evaluative,v014,B,0,0,a013-q23-r000,0,valid,0,0,0,0
a013,q23,evaluative,v015,A,0,0,a013-q23-r000,0,valid,0,0,0,0
a013,q23,evaluative,v016,B,0,0,a013-q23-r000,0,valid,0,0,0,0
a013,q23,evaluative,v017,A,1,1,a013-q23-r000,0,valid,1,1,0,0
a013,q23,evaluative,v018,C,0,0,a013-q23-r000,0,valid,0,0,0,0
a013,q23,evaluative,v019,C,0,0,a013-q23-r000,0,valid,0,0,0,0
a013,q23,evaluative,v020,D,0,0,a013-q23-r000,0,valid,0,0,0,0
a013,q23,evaluative,v021,A,0,0,a013-q23-r000,0,valid,0,0,0,0
a013,q23,evaluative,v022,D,0,0,a013-q23-r000,0,valid,0,0,0,0
a013,q23,evaluative,v023,D,0,0,a013-q23-r000,0,valid,0,0,0,0
a013,q23,evaluative,v024,D,0,0,a013-q23-r000,0,valid,0,0,0,0
a013,q23,evaluative,v025,B,0,0,a013-q23-r000,0,valid,0,0,0,0
a013,q23,evaluative,v026,A,0,0,a013-q23-r000,0,valid,0,0,0,0
a013,q23,evaluative,v027,B,0,0,a013-q23-r000,0,valid,0,0,0,0
a013,q23,evaluative,v028,A,0,0,a013-q23-r000,0,valid,0,0,0,0
a013,q23,evaluative,v029,B,0,0,a013-q23-r000,0,valid,0,0,0,0
a013,q23,evaluative,v030,D,0,0,a013-q23-r000,0,valid,0,0,0,0
a013,q23,evaluative,v031,A,0,0,a013-q23-r000,0,valid,0,0,0,0
a013,q23,evaluative,v032,B,0,0,a013-q23-r000,0,valid,0,0,0,0
a013,q24,evaluative,v001,D,0,0,a013-q24-r000,0,valid,0,0,1,0
a013,q24,evaluative,v002,D,0,0,a013-q24-r000,0,valid,0,0,1,0
a013,q24,evaluative,v003,C,0,0,a013-q24-r000,0,valid,0,0,1,0
a013,q24,evaluative,v004,D,0,0,a013-q24-r000,0,valid,0,0,1,0
a013,q24,evaluative,v005,B,0,0,a013-q24-r000,0,valid,0,0,1,0
a013,q24,evaluative,v006,B,0,0,a013-q24-r000,0,valid,0,0,1,0
a013,q24,evaluative,v007,C,0,0,a013-q24-r000,0,valid,0,0,1,0
a013,q24,evaluative,v008,C,0,0,a013-q24-r000,0,valid,0,0,1,0
a013,q24,evaluative,v009,C,0,0,a013-q24-r000,0,valid,0,0,1,0
a013,q24,evaluative,v010,C,0,0,a013-q24-r000,0,valid,0,0,1,0
a013,q24,evaluative,v011,A,0,0,a013-q24-r000,0,valid,0,0,1,0
a013,q24,evaluative,v012,C,0,0,a013-q24-r000,0,valid,0,0,1,0
a013,q24,evaluative,v013,A,0,0,a013-q24-r000,0,valid,0,0,1,0
a013,q24,evaluative,v014,B,0,0,a013-q24-r000,0,valid,0,0,1,0
a013,q24,evaluative,v015,A,0,0,a013-q24-r000,0,valid,0,0,1,0
a013,q24,evaluative,v016,B,0,0,a013-q24-r000,0,valid,0,0,1,0
a013,q24,evaluative,v017,A,0,0,a013-q24-r000,0,valid,0,0,1,0
a013,q24,evaluative,v018,C,0,0,a013-q24-r000,0,valid,0,0,1,0
a013,q24,evaluative,v019,C,0,0,a013-q24-r000,0,valid,0,0,1,0
a013,q24,evaluative,v020,D,0,0,a013-q24-r000,0,valid,0,0,1,0
a013,q24,evaluative,v021,A,0,0,a013-q24-r000,0,valid,0,0,1,0
a013,q24,evaluative,v022,D,0,0,a013-q24-r000,0,valid,0,0,1,0
a013,q24,evaluative,v023,D,0,0,a013-q24-r000,0,valid,0,0,1,0
a013,q24,evaluative,v024,D,0,0,a013-q24-r000,0,valid,0,0,1,0
a013,q24,evaluative,v025,B,0,0,a013-q24-r000,0,valid,0,0,1,0
a013,q24,evaluative,v026,A,0,0,a013-q24-r000,0,valid,0,0,1,0
a013,q24,evaluative,v027,B,0,0,a013-q24-r000,0,valid,0,0,1,0
a013,q24,evaluative,v028,A,0,0,a013-q24-r000,0,valid,0,0,1,0
a013,q24,evaluative,v029,B,0,0,a013-q24-r000,0,valid,0,0,1,0
a013,q24,evaluative,v030,D,0,0,a013-q24-r000,0,valid,0,0,1,0
a013,q24,evaluative,v031,A,0,0,a013-q24-r000,0,valid,0,0,1,0
a013,q24,evaluative,v032,B,0,0,a013-q24-r000,0,valid,0,0,1,0
a014,q01,transactional,v001,B,0,0,a014-q01-r000,0,valid,0,0,1,0
a014,q01,transactional,v002,A,0,0,a014-q01-r000,0,valid,0,0,1,0
a014,q01,transactional,v003,A,0,0,a014-q01-r000,0,valid,0,0,1,0
a014,q01,transactional,v004,D,0,0,a014-q01-r000,0,valid,0,0,1,0
a014,q01,transactional,v005,D,0,0,a014-q01-r000,0,valid,0,0,1,0
a014,q01,transactional,v006,D,0,0,a014-q01-r000,0,valid,0,0,1,0
a014,q01,transactional,v007,D,0,0,a014-q01-r000,0,valid,0,0,1,0
a014,q01,transactional,v008,B,0,0,a014-q01-r000,0,valid,0,0,1,0
a014,q01,transactional,v009,C,0,0,a014-q01-r000,0,valid,0,0,1,0
a014,q01,transactional,v010,B,0,0,a014-q01-r000,0,valid,0,0,1,0
a014,q01,transactional,v011,C,0,0,a014-q01-r000,0,valid,0,0,1,0
a014,q01,transactional,v012,D,0,0,a014-q01-r000,0,valid,0,0,1,0
a014,q01,transactional,v013,C,0,0,a014-q01-r000,0,valid,0,0,1,0
a014,q01,transactional,v014,C,0,0,a014-q01-r000,0,valid,0,0,1,0
a014,q01,transactional,v015,A,0,0,a014-q01-r000,0,valid,0,0,1,0
a014,q01,transactional,v016,C,0,0,a014-q01-r000,0,valid,0,0,1,0
a014,q01,transactional,v017,B,0,0,a014-q01-r000,0,valid,0,0,1,0
a014,q01,transactional,v018,A,0,0,a014-q01-r000,0,valid,0,0,1,0
a014,q01,transactional,v019,B,0,0,a014-q01-r000,0,valid,0,0,1,0
a014,q01,transactional,v020,D,0,0,a014-q01-r000,0,valid,0,0,1,0
a014,q01,transactional,v021,D,0,0,a014-q01-r000,0,valid,0,0,1,0
a014,q01,transactional,v022,A,0,0,a014-q01-r000,0,valid,0,0,1,0
a014,q01,transactional,v023,C,0,0,a014-q01-r000,0,valid,0,0,1,0
a014,q01,transactional,v024,B,0,0,a014-q01-r000,0,valid,0,0,1,0
a014,q01,transactional,v025,C,0,0,a014-q01-r000,0,valid,0,0,1,0
a014,q01,transactional,v026,B,0,0,a014-q01-r000,0,valid,0,0,1,0
a014,q01,transactional,v027,A,0,0,a014-q01-r000,0,valid,0,0,1,0
a014,q01,transactional,v028,A,0,0,a014-q01-r000,0,valid,0,0,1,0
a014,q01,transactional,v029,A,0,0,a014-q01-r000,0,valid,0,0,1,0
a014,q01,transactional,v030,B,0,0,a014-q01-r000,0,valid,0,0,1,0
a014,q01,transactional,v031,C,0,0,a014-q01-r000,0,valid,0,0,1,0
a014,q01,transactional,v032,D,0,0,a014-q01-r000,0,valid,0,0,1,0
a014,q02,transactional,v001,B,0,0,a014-q02-r000,0,valid,0,0,1,0
a014,q02,transactional,v002,A,0,0,a014-q02-r000,0,valid,0,0,1,0
a014,q02,transactional,v003,A,0,0,a014-q02-r000,0,valid,0,0,1,0
a014,q02,transactional,v004,D,0,0,a014-q02-r000,0,valid,0,0,1,0
a014,q02,transactional,v005,D,0,0,a014-q02-r000,0,valid,0,0,1,0
a014,q02,transactional,v006,D,0,0,a014-q02-r000,0,valid,0,0,1,0
a014,q02,transactional,v007,D,0,0,a014-q02-r000,0,valid,0,0,1,0
a014,q02,transactional,v008,B,0,0,a014-q02-r000,0,valid,0,0,1,0
a014,q02,transactional,v009,C,0,0,a014-q02-r000,0,valid,0,0,1,0
a014,q02,transactional,v010,B,0,0,a014-q02-r000,0,valid,0,0,1,0
a014,q02,transactional,v011,C,0,0,a014-q02-r000,0,valid,0,0,1,0
a014,q02,transactional,v012,D,0,0,a014-q02-r000,0,valid,0,0,1,0
a014,q02,transactional,v013,C,0,0,a014-q02-r000,0,valid,0,0,1,0
a014,q02,transactional,v014,C,0,0,a014-q02-r000,0,valid,0,0,1,0
a014,q02,transactional,v015,A,0,0,a014-q02-r000,0,valid,0,0,1,0
a014,q02,transactional,v016,C,0,0,a014-q02-r000,0,valid,0,0,1,0
a014,q02,transactional,v017,B,0,0,a014-q02-r000,0,valid,0,0,1,0
a014,q02,transactional,v018,A,0,0,a014-q02-r000,0,valid,0,0,1,0
a014,q02,transactional,v019,B,0,0,a014-q02-r000,0,valid,0,0,1,0
a014,q02,transactional,v020,D,0,0,a014-q02-r000,0,valid,0,0,1,0
a014,q02,transactional,v021,D,0,0,a014-q02-r000,0,valid,0,0,1,0
a014,q02,transactional,v022,A,0,0,a014-q02-r000,0,valid,0,0,1,0
a014,q02,transactional,v023,C,0,0,a014-q02-r000,0,valid,0,0,1,0
a014,q02,transactional,v024,B,0,0,a014-q02-r000,0,valid,0,0,1,0
a014,q02,transactional,v025,C,0,0,a014-q02-r000,0,valid,0,0,1,0
a014,q02,transactional,v026,B,0,0,a014-q02-r000,0,valid,0,0,1,0
a014,q02,transactional,v027,A,0,0,a014-q02-r000,0,valid,0,0,1,0
a014,q02,transactional,v028,A,0,0,a014-q02-r000,0,valid,0,0,1,0
a014,q02,transactional,v029,A,0,0,a014-q02-r000,0,valid,0,0,1,0
a014,q02,transactional,v030,B,0,0,a014-q02-r000,0,valid,0,0,1,0
a014,q02,transactional,v031,C,0,0,a014-q02-r000,0,valid,0,0,1,0
a014,q02,transactional,v032,D,0,0,a014-q02-r000,0,valid,0,0,1,0
a014,q03,transactional,v001,B,0,0,a014-q03-r000,0,valid,0,0,0,0
a014,q03,transactional,v002,A,1,1,a014-q03-r000,0,valid,1,1,0,0
a014,q03,transactional,v003,A,0,0,a014-q03-r000,0,valid,0,0,0,0
a014,q03,transactional,v004,D,0,0,a014-q03-r000,0,valid,0,0,0,0
a014,q03,transactional,v005,D,0,0,a014-q03-r000,0,valid,0,0,0,0
a014,q03,transactional,v006,D,1,1,a014-q03-r000,0,valid,1,1,0,0
a014,q03,transactional,v007,D,0,0,a014-q03-r000,0,valid,0,0,0,0
a014,q03,transactional,v008,B,0,0,a014-q03-r000,0,valid,0,0,0,0
a014,q03,transactional,v009,C,0,0,a014-q03-r000,0,valid,0,0,0,0
a014,q03,transactional,v010,B,0,0,a014-q03-r000,0,valid,0,0,0,0
a014,q03,transactional,v011,C,0,0,a014-q03-r000,0,valid,0,0,0,0
a014,q03,transactional,v012,D,0,0,a014-q03-r000,0,valid,0,0,0,0
a014,q03,transactional,v013,C,0,0,a014-q03-r000,0,valid,0,0,0,0
a014,q03,transactional,v014,C,0,0,a014-q03-r000,0,valid,0,0,0,0
a014,q03,transactional,v015,A,0,0,a014-q03-r000,0,valid,0,0,0,0
a014,q03,transactional,v016,C,0,0,a014-q03-r000,0,valid,0,0,0,0
a014,q03,transactional,v017,B,0,0,a014-q03-r000,0,valid,0,0,0,0
a014,q03,transactional,v018,A,0,0,a014-q03-r000,0,valid,0,0,0,0
a014,q03,transactional,v019,B,0,0,a014-q03-r000,0,valid,0,0,0,0
a014,q03,transactional,v020,D,0,0,a014-q03-r000,0,valid,0,0,0,0
a014,q03,transactional,v021,D,0,0,a014-q03-r000,0,valid,0,0,0,0
a014,q03,transactional,v022,A,0,0,a014-q03-r000,0,valid,0,0,0,0
a014,q03,transactional,v023,C,0,0,a014-q03-r000,0,valid,0,0,0,0
a014,q03,transactional,v024,B,0,0,a014-q03-r000,0,valid,0,0,0,0
a014,q03,transactional,v025,C,0,0,a014-q03-r000,0,valid,0,0,0,0
a014,q03,transactional,v026,B,0,0,a014-q03-r000,0,valid,0,0,0,0
a014,q03,transactional,v027,A,0,0,a014-q03-r000,0,valid,0,0,0,0
a014,q03,transactional,v028,A,0,0,a014-q03-r000,0,valid,0,0,0,0
a014,q03,transactional,v029,A,0,0,a014-q03-r000,0,valid,0,0,0,0
a014,q03,transactional,v030,B,0,0,a014-q03-r000,0,valid,0,0,0,0
a014,q03,transactional,v031,C,0,0,a014-q03-r000,0,valid,0,0,0,0
a014,q03,transactional,v032,D,0,0,a014-q03-r000,0,valid,0,0,0,0
a014,q04,transactional,v001,B,1,1,a014-q04-r000,0,valid,1,1,0,0
a014,q04,transactional,v002,A,0,0,a014-q04-r000,0,valid,0,0,0,0
a014,q04,transactional,v003,A,0,0,a014-q04-r000,0,valid,0,0,0,0
a014,q04,transactional,v004,D,0,0,a014-q04-r000,0,valid,0,0,0,0
a014,q04,transactional,v005,D,1,1,a014-q04-r000,0,valid,1,1,0,0
a014,q04,transactional,v006,D,0,0,a014-q04-r000,0,valid,0,0,0,0
a014,q04,transactional,v007,D,0,0,a014-q04-r000,0,valid,0,0,0,0
a014,q04,transactional,v008,B,0,0,a014-q04-r000,0,valid,0,0,0,0
a014,q04,transactional,v009,C,0,0,a014-q04-r000,0,valid,0,0,0,0
a014,q04,transactional,v010,B,0,0,a014-q04-r000,0,valid,0,0,0,0
a014,q04,transactional,v011,C,0,0,a014-q04-r000,0,valid,0,0,0,0
a014,q04,transactional,v012,D,0,0,a014-q04-r000,0,valid,0,0,0,0
a014,q04,transactional,v013,C,0,0,a014-q04-r000,0,valid,0,0,0,0
a014,q04,transactional,v014,C,0,0,a014-q04-r000,0,valid,0,0,0,0
a014,q04,transactional,v015,A,0,0,a014-q04-r000,0,valid,0,0,0,0
a014,q04,transactional,v016,C,0,0,a014-q04-r000,0,valid,0,0,0,0
a014,q04,transactional,v017,B,0,0,a014-q04-r000,0,valid,0,0,0,0
a014,q04,transactional,v018,A,0,0,a014-q04-r000,0,valid,0,0,0,0
a014,q04,transactional,v019,B,0,0,a014-q04-r000,0,valid,0,0,0,0
a014,q04,transactional,v020,D,0,0,a014-q04-r000,0,valid,0,0,0,0
a014,q04,transactional,v021,D,0,0,a014-q04-r000,0,valid,0,0,0,0
a014,q04,transactional,v022,A,0,0,a014-q04-r000,0,valid,0,0,0,0
a014,q04,transactional,v023,C,0,0,a014-q04-r000,0,valid,0,0,0,0
a014,q04,transactional,v024,B,0,0,a014-q04-r000,0,valid,0,0,0,0
a014,q04,transactional,v025,C,0,0,a014-q04-r000,0,valid,0,0,0,0
a014,q04,transactional,v026,B,0,0,a014-q04-r000,0,valid,0,0,0,0
a014,q04,transactional,v027,A,0,0,a014-q04-r000,0,valid,0,0,0,0
a014,q04,transactional,v028,A,0,0,a014-q04-r000,0,valid,0,0,0,0
a014,q04,transactional,v029,A,0,0,a014-q04-r000,0,valid,0,0,0,0
a014,q04,transactional,v030,B,0,0,a014-q04-r000,0,valid,0,0,0,0
a014,q04,transactional,v031,C,0,0,a014-q04-r000,0,valid,0,0,0,0
a014,q04,transactional,v032,D,0,0,a014-q04-r000,0,valid,0,0,0,0
a014,q05,transactional,v001,B,0,0,a014-q05-r000,0,valid,0,0,0,0
a014,q05,transactional,v002,A,0,0,a014-q05-r000,0,valid,0,0,0,0
a014,q05,transactional,v003,A,0,0,a014-q05-r000,0,valid,0,0,0,0
a014,q05,transactional,v004,D,0,0,a014-q05-r000,0,valid,0,0,0,0
a014,q05,transactional,v005,D,0,0,a014-q05-r000,0,valid,0,0,0,0
a014,q05,transactional,v006,D,0,0,a014-q05-r000,0,valid,0,0,0,0
a014,q05,transactional,v007,D,0,0,a014-q05-r000,0,valid,0,0,0,0
a014,q05,transactional,v008,B,1,1,a014-q05-r000,0,valid,1,1,0,0
a014,q05,transactional,v009,C,0,0,a014-q05-r000,0,valid,0,0,0,0
a014,q05,transactional,v010,B,0,0,a014-q05-r000,0,valid,0,0,0,0
a014,q05,transactional,v011,C,0,0,a014-q05-r000,0,valid,0,0,0,0
a014,q05,transactional,v012,D,0,0,a014-q05-r000,0,valid,0,0,0,0
a014,q05,transactional,v013,C,0,0,a014-q05-r000,0,valid,0,0,0,0
a014,q05,transactional,v014,C,0,0,a014-q05-r000,0,valid,0,0,0,0
a014,q05,transactional,v015,A,0,0,a014-q05-r000,0,valid,0,0,0,0
a014,q05,transactional,v016,C,0,0,a014-q05-r000,0,valid,0,0,0,0
a014,q05,transactional,v017,B,0,0,a014-q05-r000,0,valid,0,0,0,0
a014,q05,transactional,v018,A,0,0,a014-q05-r000,0,valid,0,0,0,0
a014,q05,transactional,v019,B,0,0,a014-q05-r000,0,valid,0,0,0,0
a014,q05,transactional,v020,D,0,0,a014-q05-r000,0,valid,0,0,0,0
a014,q05,transactional,v021,D,0,0,a014-q05-r000,0,valid,0,0,0,0
a014,q05,transactional,v022,A,0,0,a014-q05-r000,0,valid,0,0,0,0
a014,q05,transactional,v023,C,0,0,a014-q05-r000,0,valid,0,0,0,0
a014,q05,transactional,v024,B,1,1,a014-q05-r000,0,valid,1,1,0,0
a014,q05,transactional,v025,C,0,0,a014-q05-r000,0,valid,0,0,0,0
a014,q05,transactional,v026,B,0,0,a014-q05-r000,0,valid,0,0,0,0
a014,q05,transactional,v027,A,0,0,a014-q05-r000,0,valid,0,0,0,0
a014,q05,transactional,v028,A,0,0,a014-q05-r000,0,valid,0,0,0,0
a014,q05,transactional,v029,A,0,0,a014-q05-r000,0,valid,0,0,0,0
a014,q05,transactional,v030,B,0,0,a014-q05-r000,0,valid,0,0,0,0
a014,q05,transactional,v031,C,0,0,a014-q05-r000,0,valid,0,0,0,0
a014,q05,transactional,v032,D,0,0,a014-q05-r000,0,valid,0,0,0,0
a014,q06,transactional,v001,B,0,0,a014-q06-r000,0,valid,0,0,1,0
a014,q06,transactional,v002,A,0,0,a014-q06-r000,0,valid,0,0,1,0
a014,q06,transactional,v003,A,0,0,a014-q06-r000,0,valid,0,0,1,0
a014,q06,transactional,v004,D,0,0,a014-q06-r000,0,valid,0,0,1,0
a014,q06,transactional,v005,D,0,0,a014-q06-r000,0,valid,0,0,1,0
a014,q06,transactional,v006,D,0,0,a014-q06-r000,0,valid,0,0,1,0
a014,q06,transactional,v007,D,0,0,a014-q06-r000,0,valid,0,0,1,0
a014,q06,transactional,v008,B,0,0,a014-q06-r000,0,valid,0,0,1,0
a014,q06,transactional,v009,C,0,0,a014-q06-r000,0,valid,0,0,1,0
a014,q06,transactional,v010,B,0,0,a014-q06-r000,0,valid,0,0,1,0
a014,q06,transactional,v011,C,0,0,a014-q06-r000,0,valid,0,0,1,0
a014,q06,transactional,v012,D,0,0,a014-q06-r000,0,valid,0,0,1,0
a014,q06,transactional,v013,C,0,0,a014-q06-r000,0,valid,0,0,1,0
a014,q06,transactional,v014,C,0,0,a014-q06-r000,0,valid,0,0,1,0
a014,q06,transactional,v015,A,0,0,a014-q06-r000,0,valid,0,0,1,0
a014,q06,transactional,v016,C,0,0,a014-q06-r000,0,valid,0,0,1,0
a014,q06,transactional,v017,B,0,0,a014-q06-r000,0,valid,0,0,1,0
a014,q06,transactional,v018,A,0,0,a014-q06-r000,0,valid,0,0,1,0
a014,q06,transactional,v019,B,0,0,a014-q06-r000,0,valid,0,0,1,0
a014,q06,transactional,v020,D,0,0,a014-q06-r000,0,valid,0,0,1,0
a014,q06,transactional,v021,D,0,0,a014-q06-r000,0,valid,0,0,1,0
a014,q06,transactional,v022,A,0,0,a014-q06-r000,0,valid,0,0,1,0
a014,q06,transactional,v023,C,0,0,a014-q06-r000,0,valid,0,0,1,0
a014,q06,transactional,v024,B,0,0,a014-q06-r000,0,valid,0,0,1,0
a014,q06,transactional,v025,C,0,0,a014-q06-r000,0,valid,0,0,1,0
a014,q06,transactional,v026,B,0,0,a014-q06-r000,0,valid,0,0,1,0
a014,q06,transactional,v027,A,0,0,a014-q06-r000,0,valid,0,0,1,0
a014,q06,transactional,v028,A,0,0,a014-q06-r000,0,valid,0,0,1,0
a014,q06,transactional,v029,A,0,0,a014-q06-r000,0,valid,0,0,1,0
a014,q06,transactional,v030,B,0,0,a014-q06-r000,0,valid,0,0,1,0
a014,q06,transactional,v031,C,0,0,a014-q06-r000,0,valid,0,0,1,0
a014,q06,transactional,v032,D,0,0,a014-q06-r000,0,valid,0,0,1,0
a014,q07,transactional,v001,B,0,0,a014-q07-r000,0,valid,0,0,1,0
a014,q07,transactional,v002,A,0,0,a014-q07-r000,0,valid,0,0,1,0
a014,q07,transactional,v003,A,0,0,a014-q07-r000,0,valid,0,0,1,0
a014,q07,transactional,v004,D,0,0,a014-q07-r000,0,valid,0,0,1,0
a014,q07,transactional,v005,D,0,0,a014-q07-r000,0,valid,0,0,1,0
a014,q07,transactional,v006,D,0,0,a014-q07-r000,0,valid,0,0,1,0
a014,q07,transactional,v007,D,0,0,a014-q07-r000,0,valid,0,0,1,0
a014,q07,transactional,v008,B,0,0,a014-q07-r000,0,valid,0,0,1,0
a014,q07,transactional,v009,C,0,0,a014-q07-r000,0,valid,0,0,1,0
a014,q07,transactional,v010,B,0,0,a014-q07-r000,0,valid,0,0,1,0
a014,q07,transactional,v011,C,0,0,a014-q07-r000,0,valid,0,0,1,0
a014,q07,transactional,v012,D,0,0,a014-q07-r000,0,valid,0,0,1,0
a014,q07,transactional,v013,C,0,0,a014-q07-r000,0,valid,0,0,1,0
a014,q07,transactional,v014,C,0,0,a014-q07-r000,0,valid,0,0,1,0
a014,q07,transactional,v015,A,0,0,a014-q07-r000,0,valid,0,0,1,0
a014,q07,transactional,v016,C,0,0,a014-q07-r000,0,valid,0,0,1,0
a014,q07,transactional,v017,B,0,0,a014-q07-r000,0,valid,0,0,1,0
a014,q07,transactional,v018,A,0,0,a014-q07-r000,0,valid,0,0,1,0
a014,q07,transactional,v019,B,0,0,a014-q07-r000,0,valid,0,0,1,0
a014,q07,transactional,v020,D,0,0,a014-q07-r000,0,valid,0,0,1,0
a014,q07,transactional,v021,D,0,0,a014-q07-r000,0,valid,0,0,1,0
a014,q07,transactional,v022,A,0,0,a014-q07-r000,0,valid,0,0,1,0
a014,q07,transactional,v023,C,0,0,a014-q07-r000,0,valid,0,0,1,0
a014,q07,transactional,v024,B,0,0,a014-q07-r000,0,valid,0,0,1,0
a014,q07,transactional,v025,C,0,0,a014-q07-r000,0,valid,0,0,1,0
a014,q07,transactional,v026,B,0,0,a014-q07-r000,0,valid,0,0,1,0
a014,q07,transactional,v027,A,0,0,a014-q07-r000,0,valid,0,0,1,0
a014,q07,transactional,v028,A,0,0,a014-q07-r000,0,valid,0,0,1,0
a014,q07,transactional,v029,A,0,0,a014-q07-r000,0,valid,0,0,1,0
a014,q07,transactional,v030,B,0,0,a014-q07-r000,0,valid,0,0,1,0
a014,q07,transactional,v031,C,0,0,a014-q07-r000,0,valid,0,0,1,0
a014,q07,transactional,v032,D,0,0,a014-q07-r000,0,valid,0,0,1,0
a014,q08,transactional,v001,B,1,1,a014-q08-r000,0,valid,1,1,0,0
a014,q08,transactional,v002,A,0,0,a014-q08-r000,0,valid,0,0,0,0
a014,q08,transactional,v003,A,0,0,a014-q08-r000,0,valid,0,0,0,0
a014,q08,transactional,v004,D,0,0,a014-q08-r000,0,valid,0,0,0,0
a014,q08,transactional,v005,D,1,1,a014-q08-r000,0,valid,1,1,0,0
a014,q08,transactional,v006,D,0,0,a014-q08-r000,0,valid,0,0,0,0
a014,q08,transactional,v007,D,0,0,a014-q08-r000,0,valid,0,0,0,0
a014,q08,transactional,v008,B,0,0,a014-q08-r000,0,valid,0,0,0,0
a014,q08,transactional,v009,C,0,0,a014-q08-r000,0,valid,0,0,0,0
a014,q08,transactional,v010,B,0,0,a014-q08-r000,0,valid,0,0,0,0
a014,q08,transactional,v011,C,0,0,a014-q08-r000,0,valid,0,0,0,0
a014,q08,transactional,v012,D,0,0,a014-q08-r000,0,valid,0,0,0,0
a014,q08,transactional,v013,C,0,0,a014-q08-r000,0,valid,0,0,0,0
a014,q08,transactional,v014,C,0,0,a014-q08-r000,0,valid,0,0,0,0
a014,q08,transactional,v015,A,0,0,a014-q08-r000,0,valid,0,0,0,0
a014,q08,transactional,v016,C,0,0,a014-q08-r000,0,valid,0,0,0,0
a014,q08,transactional,v017,B,0,0,a014-q08-r000,0,valid,0,0,0,0
a014,q08,transactional,v018,A,0,0,a014-q08-r000,0,valid,0,0,0,0
a014,q08,transactional,v019,B,0,0,a014-q08-r000,0,valid,0,0,0,0
a014,q08,transactional,v020,D,0,0,a014-q08-r000,0,valid,0,0,0,0
a014,q08,transactional,v021,D,0,0,a014-q08-r000,0,valid,0,0,0,0
a014,q08,transactional,v022,A,0,0,a014-q08-r000,0,valid,0,0,0,0
a014,q08,transactional,v023,C,0,0,a014-q08-r000,0,valid,0,0,0,0
a014,q08,transactional,v024,B,0,0,a014-q08-r000,0,valid,0,0,0,0
a014,q08,transactional,v025,C,0,0,a014-q08-r000,0,valid,0,0,0,0
a014,q08,transactional,v026,B,0,0,a014-q08-r000,0,valid,0,0,0,0
a014,q08,transactional,v027,A,0,0,a014-q08-r000,0,valid,0,0,0,0
a014,q08,transactional,v028,A,0,0,a014-q08-r000,0,valid,0,0,0,0
a014,q08,transactional,v029,A,0,0,a014-q08-r000,0,valid,0,0,0,0
a014,q08,transactional,v030,B,0,0,a014-q08-r000,0,valid,0,0,0,0
a014,q08,transactional,v031,C,0,0,a014-q08-r000,0,valid,0,0,0,0
a014,q08,transactional,v032,D,0,0,a014-q08-r000,0,valid,0,0,0,0
a014,q09,transactional,v001,B,0,0,a014-q09-r000,0,valid,0,0,1,0
a014,q09,transactional,v002,A,0,0,a014-q09-r000,0,valid,0,0,1,0
a014,q09,transactional,v003,A,0,0,a014-q09-r000,0,valid,0,0,1,0
a014,q09,transactional,v004,D,0,0,a014-q09-r000,0,valid,0,0,1,0
a014,q09,transactional,v005,D,0,0,a014-q09-r000,0,valid,0,0,1,0
a014,q09,transactional,v006,D,0,0,a014-q09-r000,0,valid,0,0,1,0
a014,q09,transactional,v007,D,0,0,a014-q09-r000,0,valid,0,0,1,0
a014,q09,transactional,v008,B,0,0,a014-q09-r000,0,valid,0,0,1,0
a014,q09,transactional,v009,C,0,0,a014-q09-r000,0,valid,0,0,1,0
a014,q09,transactional,v010,B,0,0,a014-q09-r000,0,valid,0,0,1,0
a014,q09,transactional,v011,C,0,0,a014-q09-r000,0,valid,0,0,1,0
a014,q09,transactional,v012,D,0,0,a014-q09-r000,0,valid,0,0,1,0
a014,q09,transactional,v013,C,0,0,a014-q09-r000,0,valid,0,0,1,0
a014,q09,transactional,v014,C,0,0,a014-q09-r000,0,valid,0,0,1,0
a014,q09,transactional,v015,A,0,0,a014-q09-r000,0,valid,0,0,1,0
a014,q09,transactional,v016,C,0,0,a014-q09-r000,0,valid,0,0,1,0
a014,q09,transactional,v017,B,0,0,a014-q09-r000,0,valid,0,0,1,0
a014,q09,transactional,v018,A,0,0,a014-q09-r000,0,valid,0,0,1,0
a014,q09,transactional,v019,B,0,0,a014-q09-r000,0,valid,0,0,1,0
a014,q09,transactional,v020,D,0,0,a014-q09-r000,0,valid,0,0,1,0
a014,q09,transactional,v021,D,0,0,a014-q09-r000,0,valid,0,0,1,0
a014,q09,transactional,v022,A,0,0,a014-q09-r000,0,valid,0,0,1,0
a014,q09,transactional,v023,C,0,0,a014-q09-r000,0,valid,0,0,1,0
a014,q09,transactional,v024,B,0,0,a014-q09-r000,0,valid,0,0,1,0
a014,q09,transactional,v025,C,0,0,a014-q09-r000,0,valid,0,0,1,0
a014,q09,transactional,v026,B,0,0,a014-q09-r000,0,valid,0,0,1,0
a014,q09,transactional,v027,A,0,0,a014-q09-r000,0,valid,0,0,1,0
a014,q09,transactional,v028,A,0,0,a014-q09-r000,0,valid,0,0,1,0
a014,q09,transactional,v029,A,0,0,a014-q09-r000,0,valid,0,0,1,0
a014,q09,transactional,v030,B,0,0,a014-q09-r000,0,valid,0,0,1,0
a014,q09,transactional,v031,C,0,0,a014-q09-r000,0,valid,0,0,1,0
a014,q09,transactional,v032,D,0,0,a014-q09-r000,0,valid,0,0,1,0
a014,q10,transactional,v001,B,0,0,a014-q10-r000,0,valid,0,0,1,0
a014,q10,transactional,v002,A,0,0,a014-q10-r000,0,valid,0,0,1,0
a014,q10,transactional,v003,A,0,0,a014-q10-r000,0,valid,0,0,1,0
a014,q10,transactional,v004,D,0,0,a014-q10-r000,0,valid,0,0,1,0
a014,q10,transactional,v005,D,0,0,a014-q10-r000,0,valid,0,0,1,0
a014,q10,transactional,v006,D,0,0,a014-q10-r000,0,valid,0,0,1,0
a014,q10,transactional,v007,D,0,0,a014-q10-r000,0,valid,0,0,1,0
a014,q10,transactional,v008,B,0,0,a014-q10-r000,0,valid,0,0,1,0
a014,q10,transactional,v009,C,0,0,a014-q10-r000,0,valid,0,0,1,0
a014,q10,transactional,v010,B,0,0,a014-q10-r000,0,valid,0,0,1,0
a014,q10,transactional,v011,C,0,0,a014-q10-r000,0,valid,0,0,1,0
a014,q10,transactional,v012,D,0,0,a014-q10-r000,0,valid,0,0,1,0
a014,q10,transactional,v013,C,0,0,a014-q10-r000,0,valid,0,0,1,0
a014,q10,transactional,v014,C,0,0,a014-q10-r000,0,valid,0,0,1,0
a014,q10,transactional,v015,A,0,0,a014-q10-r000,0,valid,0,0,1,0
a014,q10,transactional,v016,C,0,0,a014-q10-r000,0,valid,0,0,1,0
a014,q10,transactional,v017,B,0,0,a014-q10-r000,0,valid,0,0,1,0
a014,q10,transactional,v018,A,0,0,a014-q10-r000,0,valid,0,0,1,0
a014,q10,transactional,v019,B,0,0,a014-q10-r000,0,valid,0,0,1,0
a014,q10,transactional,v020,D,0,0,a014-q10-r000,0,valid,0,0,1,0
a014,q10,transactional,v021,D,0,0,a014-q10-r000,0,valid,0,0,1,0
a014,q10,transactional,v022,A,0,0,a014-q10-r000,0,valid,0,0,1,0
a014,q10,transactional,v023,C,0,0,a014-q10-r000,0,valid,0,0,1,0
a014,q10,transactional,v024,B,0,0,a014-q10-r000,0,valid,0,0,1,0
a014,q10,transactional,v025,C,0,0,a014-q10-r000,0,valid,0,0,1,0
a014,q10,transactional,v026,B,0,0,a014-q10-r000,0,valid,0,0,1,0
a014,q10,transactional,v027,A,0,0,a014-q10-r000,0,valid,0,0,1,0
a014,q10,transactional,v028,A,0,0,a014-q10-r000,0,valid,0,0,1,0
a014,q10,transactional,v029,A,0,0,a014-q10-r000,0,valid,0,0,1,0
a014,q10,transactional,v030,B,0,0,a014-q10-r000,0,valid,0,0,1,0
a014,q10,transactional,v031,C,0,0,a014-q10-r000,0,valid,0,0,1,0
a014,q10,transactional,v032,D,0,0,a014-q10-r000,0,valid,0,0,1,0
a014,q11,transactional,v001,B,1,1,a014-q11-r000,0,valid,1,1,0,0
a014,q11,transactional,v002,A,0,0,a014-q11-r000,0,valid,0,0,0,0
a014,q11,transactional,v003,A,0,0,a014-q11-r000,0,valid,0,0,0,0
a014,q11,transactional,v004,D,0,0,a014-q11-r000,0,valid,0,0,0,0
a014,q11,transactional,v005,D,1,1,a014-q11-r000,0,valid,1,1,0,0
a014,q11,transactional,v006,D,0,0,a014-q11-r000,0,valid,0,0,0,0
a014,q11,transactional,v007,D,0,0,a014-q11-r000,0,valid,0,0,0,0
a014,q11,transactional,v008,B,0,0,a014-q11-r000,0,valid,0,0,0,0
a014,q11,transactional,v009,C,0,0,a014-q11-r000,0,valid,0,0,0,0
a014,q11,transactional,v010,B,0,0,a014-q11-r000,0,valid,0,0,0,0
a014,q11,transactional,v011,C,0,0,a014-q11-r000,0,valid,0,0,0,0
a014,q11,transactional,v012,D,0,0,a014-q11-r000,0,valid,0,0,0,0
a014,q11,transactional,v013,C,0,0,a014-q11-r000,0,valid,0,0,0,0
a014,q11,transactional,v014,C,0,0,a014-q11-r000,0,valid,0,0,0,0
a014,q11,transactional,v015,A,0,0,a014-q11-r000,0,valid,0,0,0,0
a014,q11,transactional,v016,C,0,0,a014-q11-r000,0,valid,0,0,0,0
a014,q11,transactional,v017,B,0,0,a014-q11-r000,0,valid,0,0,0,0
a014,q11,transactional,v018,A,0,0,a014-q11-r000,0,valid,0,0,0,0
a014,q11,transactional,v019,B,0,0,a014-q11-r000,0,valid,0,0,0,0
a014,q11,transactional,v020,D,0,0,a014-q11-r000,0,valid,0,0,0,0
a014,q11,transactional,v021,D,1,1,a014-q11-r000,0,valid,1,1,0,0
a014,q11,transactional,v022,A,0,0,a014-q11-r000,0,valid,0,0,0,0
a014,q11,transactional,v023,C,0,0,a014-q11-r000,0,valid,0,0,0,0
a014,q11,transactional,v024,B,0,0,a014-q11-r000,0,valid,0,0,0,0
a014,q11,transactional,v025,C,0,0,a014-q11-r000,0,valid,0,0,0,0
a014,q11,transactional,v026,B,0,0,a014-q11-r000,0,valid,0,0,0,0
a014,q11,transactional,v027,A,0,0,a014-q11-r000,0,valid,0,0,0,0
a014,q11,transactional,v028,A,0,0,a014-q11-r000,0,valid,0,0,0,0
a014,q11,transactional,v029,A,0,0,a014-q11-r000,0,valid,0,0,0,0
a014,q11,transactional,v030,B,0,0,a014-q11-r000,0,valid,0,0,0,0
a014,q11,transactional,v031,C,0,0,a014-q11-r000,0,valid,0,0,0,0
a014,q11,transactional,v032,D,0,0,a014-q11-r000,0,valid,0,0,0,0
a014,q12,transactional,v001,B,0,0,a014-q12-r000,0,valid,0,0,1,0
a014,q12,transactional,v002,A,0,0,a014-q12-r000,0,valid,0,0,1,0
a014,q12,transactional,v003,A,0,0,a014-q12-r000,0,valid,0,0,1,0
a014,q12,transactional,v004,D,0,0,a014-q12-r000,0,valid,0,0,1,0
a014,q12,transactional,v005,D,0,0,a014-q12-r000,0,valid,0,0,1,0
a014,q12,transactional,v006,D,0,0,a014-q12-r000,0,valid,0,0,1,0
a014,q12,transactional,v007,D,0,0,a014-q12-r000,0,valid,0,0,1,0
a014,q12,transactional,v008,B,0,0,a014-q12-r000,0,valid,0,0,1,0
a014,q12,transactional,v009,C,0,0,a014-q12-r000,0,valid,0,0,1,0
a014,q12,transactional,v010,B,0,0,a014-q12-r000,0,valid,0,0,1,0
a014,q12,transactional,v011,C,0,0,a014-q12-r000,0,valid,0,0,1,0
a014,q12,transactional,v012,D,0,0,a014-q12-r000,0,valid,0,0,1,0
a014,q12,transactional,v013,C,0,0,a014-q12-r000,0,valid,0,0,1,0
a014,q12,transactional,v014,C,0,0,a014-q12-r000,0,valid,0,0,1,0
a014,q12,transactional,v015,A,0,0,a014-q12-r000,0,valid,0,0,1,0
a014,q12,transactional,v016,C,0,0,a014-q12-r000,0,valid,0,0,1,0
a014,q12,transactional,v017,B,0,0,a014-q12-r000,0,valid,0,0,1,0
a014,q12,transactional,v018,A,0,0,a014-q12-r000,0,valid,0,0,1,0
a014,q12,transactional,v019,B,0,0,a014-q12-r000,0,valid,0,0,1,0
a014,q12,transactional,v020,D,0,0,a014-q12-r000,0,valid,0,0,1,0
a014,q12,transactional,v021,D,0,0,a014-q12-r000,0,valid,0,0,1,0
a014,q12,transactional,v022,A,0,0,a014-q12-r000,0,valid,0,0,1,0
a014,q12,transactional,v023,C,0,0,a014-q12-r000,0,valid,0,0,1,0
a014,q12,transactional,v024,B,0,0,a014-q12-r000,0,valid,0,0,1,0
a014,q12,transactional,v025,C,0,0,a014-q12-r000,0,valid,0,0,1,0
a014,q12,transactional,v026,B,0,0,a014-q12-r000,0,valid,0,0,1,0
a014,q12,transactional,v027,A,0,0,a014-q12-r000,0,valid,0,0,1,0
a014,q12,transactional,v028,A,0,0,a014-q12-r000,0,valid,0,0,1,0
a014,q12,transactional,v029,A,0,0,a014-q12-r000,0,valid,0,0,1,0
a014,q12,transactional,v030,B,0,0,a014-q12-r000,0,valid,0,0,1,0
a014,q12,transactional,v031,C,0,0,a014-q12-r000,0,valid,0,0,1,0
a014,q12,transactional,v032,D,0,0,a014-q12-r000,0,valid,0,0,1,0
a014,q13,evaluative,v001,B,0,0,a014-q13-r000,0,valid,0,0,1,0
a014,q13,evaluative,v002,A,0,0,a014-q13-r000,0,valid,0,0,1,0
a014,q13,evaluative,v003,A,0,0,a014-q13-r000,0,valid,0,0,1,0
a014,q13,evaluative,v004,D,0,0,a014-q13-r000,0,valid,0,0,1,0
a014,q13,evaluative,v005,D,0,0,a014-q13-r000,0,valid,0,0,1,0
a014,q13,evaluative,v006,D,0,0,a014-q13-r000,0,valid,0,0,1,0
a014,q13,evaluative,v007,D,0,0,a014-q13-r000,0,valid,0,0,1,0
a014,q13,evaluative,v008,B,0,0,a014-q13-r000,0,valid,0,0,1,0
a014,q13,evaluative,v009,C,0,0,a014-q13-r000,0,valid,0,0,1,0
a014,q13,evaluative,v010,B,0,0,a014-q13-r000,0,valid,0,0,1,0
a014,q13,evaluative,v011,C,0,0,a014-q13-r000,0,valid,0,0,1,0
a014,q13,evaluative,v012,D,0,0,a014-q13-r000,0,valid,0,0,1,0
a014,q13,evaluative,v013,C,0,0,a014-q13-r000,0,valid,0,0,1,0
a014,q13,evaluative,v014,C,0,0,a014-q13-r000,0,valid,0,0,1,0
a014,q13,evaluative,v015,A,0,0,a014-q13-r000,0,valid,0,0,1,0
a014,q13,evaluative,v016,C,0,0,a014-q13-r000,0,valid,0,0,1,0
a014,q13,evaluative,v017,B,0,0,a014-q13-r000,0,valid,0,0,1,0
a014,q13,evaluative,v018,A,0,0,a014-q13-r000,0,valid,0,0,1,0
a014,q13,evaluative,v019,B,0,0,a014-q13-r000,0,valid,0,0,1,0
a014,q13,evaluative,v020,D,0,0,a014-q13-r000,0,valid,0,0,1,0
a014,q13,evaluative,v021,D,0,0,a014-q13-r000,0,valid,0,0,1,0
a014,q13,evaluative,v022,A,0,0,a014-q13-r000,0,valid,0,0,1,0
a014,q13,evaluative,v023,C,0,0,a014-q13-r000,0,valid,0,0,1,0
a014,q13,evaluative,v024,B,0,0,a014-q13-r000,0,valid,0,0,1,0
a014,q13,evaluative,v025,C,0,0,a014-q13-r000,0,valid,0,0,1,0
a014,q13,evaluative,v026,B,0,0,a014-q13-r000,0,valid,0,0,1,0
a014,q13,evaluative,v027,A,0,0,a014-q13-r000,0,valid,0,0,1,0
a014,q13,evaluative,v028,A,0,0,a014-q13-r000,0,valid,0,0,1,0
a014,q13,evaluative,v029,A,0,0,a014-q13-r000,0,valid,0,0,1,0
a014,q13,evaluative,v030,B,0,0,a014-q13-r000,0,valid,0,0,1,0
a014,q13,evaluative,v031,C,0,0,a014-q13-r000,0,valid,0,0,1,0
a014,q13,evaluative,v032,D,0,0,a014-q13-r000,0,valid,0,0,1,0
a014,q14,evaluative,v001,B,0,0,a014-q14-r000,0,valid,0,0,1,0
a014,q14,evaluative,v002,A,0,0,a014-q14-r000,0,valid,0,0,1,0
a014,q14,evaluative,v003,A,0,0,a014-q14-r000,0,valid,0,0,1,0
a014,q14,evaluative,v004,D,0,0,a014-q14-r000,0,valid,0,0,1,0
a014,q14,evaluative,v005,D,0,0,a014-q14-r000,0,valid,0,0,1,0
a014,q14,evaluative,v006,D,0,0,a014-q14-r000,0,valid,0,0,1,0
a014,q14,evaluative,v007,D,0,0,a014-q14-r000,0,valid,0,0,1,0
a014,q14,evaluative,v008,B,0,0,a014-q14-r000,0,valid,0,0,1,0
a014,q14,evaluative,v009,C,0,0,a014-q14-r000,0,valid,0,0,1,0
a014,q14,evaluative,v010,B,0,0,a014-q14-r000,0,valid,0,0,1,0
a014,q14,evaluative,v011,C,0,0,a014-q14-r000,0,valid,0,0,1,0
a014,q14,evaluative,v012,D,0,0,a014-q14-r000,0,valid,0,0,1,0
a014,q14,evaluative,v013,C,0,0,a014-q14-r000,0,valid,0,0,1,0
a014,q14,evaluative,v014,C,0,0,a014-q14-r000,0,valid,0,0,1,0
a014,q14,evaluative,v015,A,0,0,a014-q14-r000,0,valid,0,0,1,0
a014,q14,evaluative,v016,C,0,0,a014-q14-r000,0,valid,0,0,1,0
a014,q14,evaluative,v017,B,0,0,a014-q14-r000,0,valid,0,0,1,0
a014,q14,evaluative,v018,A,0,0,a014-q14-r000,0,valid,0,0,1,0
a014,q14,evaluative,v019,B,0,0,a014-q14-r000,0,valid,0,0,1,0
a014,q14,evaluative,v020,D,0,0,a014-q14-r000,0,valid,0,0,1,0
a014,q14,evaluative,v021,D,0,0,a014-q14-r000,0,valid,0,0,1,0
a014,q14,evaluative,v022,A,0,0,a014-q14-r000,0,valid,0,0,1,0
a014,q14,evaluative,v023,C,0,0,a014-q14-r000,0,valid,0,0,1,0
a014,q14,evaluative,v024,B,0,0,a014-q14-r000,0,valid,0,0,1,0
a014,q14,evaluative,v025,C,0,0,a014-q14-r000,0,valid,0,0,1,0
a014,q14,evaluative,v026,B,0,0,a014-q14-r000,0,valid,0,0,1,0
a014,q14,evaluative,v027,A,0,0,a014-q14-r000,0,valid,0,0,1,0
a014,q14,evaluative,v028,A,0,0,a014-q14-r000,0,valid,0,0,1,0
a014,q14,evaluative,v029,A,0,0,a014-q14-r000,0,valid,0,0,1,0
a014,q14,evaluative,v030,B,0,0,a014-q14-r000,0,valid,0,0,1,0
a014,q14,evaluative,v031,C,0,0,a014-q14-r000,0,valid,0,0,1,0
a014,q14,evaluative,v032,D,0,0,a014-q14-r000,0,valid,0,0,1,0
a014,q15,evaluative,v001,B,0,0,a014-q15-r000,0,valid,0,0,0,0
a014,q15,evaluative,v002,A,0,0,a014-q15-r000,0,valid,0,0,0,0
a014,q15,evaluative,v003,A,0,0,a014-q15-r000,0,valid,0,0,0,0
a014,q15,evaluative,v004,D,0,0,a014-q15-r000,0,valid,0,0,0,0
a014,q15,evaluative,v005,D,0,0,a014-q15-r000,0,valid,0,0,0,0
a014,q15,evaluative,v006,D,0,0,a014-q15-r000,0,valid,0,0,0,0
a014,q15,evaluative,v007,D,0,0,a014-q15-r000,0,valid,0,0,0,0
a014,q15,evaluative,v008,B,1,1,a014-q15-r000,0,valid,1,1,0,0
a014,q15,evaluative,v009,C,0,0,a014-q15-r000,0,valid,0,0,0,0
a014,q15,evaluative,v010,B,0,0,a014-q15-r000,0,valid,0,0,0,0
a014,q15,evaluative,v011,C,0,0,a014-q15-r000,0,valid,0,0,0,0
a014,q15,evaluative,v012,D,0,0,a014-q15-r000,0,valid,0,0,0,0
a014,q15,evaluative,v013,C,0,0,a014-q15-r000,0,valid,0,0,0,0
a014,q15,evaluative,v014,C,0,0,a014-q15-r000,0,valid,0,0,0,0
a014,q15,evaluative,v015,A,0,0,a014-q15-r000,0,valid,0,0,0,0
a014,q15,evaluative,v016,C,0,0,a014-q15-r000,0,valid,0,0,0,0
a014,q15,evaluative,v017,B,0,0,a014-q15-r000,0,valid,0,0,0,0
a014,q15,evaluative,v018,A,0,0,a014-q15-r000,0,valid,0,0,0,0
a014,q15,evaluative,v019,B,0,0,a014-q15-r000,0,valid,0,0,0,0
a014,q15,evaluative,v020,D,0,0,a014-q15-r000,0,valid,0,0,0,0
a014,q15,evaluative,v021,D,0,0,a014-q15-r000,0,valid,0,0,0,0
a014,q15,evaluative,v022,A,0,0,a014-q15-r000,0,valid,0,0,0,0
a014,q15,evaluative,v023,C,0,0,a014-q15-r000,0,valid,0,0,0,0
a014,q15,evaluative,v024,B,0,0,a014-q15-r000,0,valid,0,0,0,0
a014,q15,evaluative,v025,C,0,0,a014-q15-r000,0,valid,0,0,0,0
a014,q15,evaluative,v026,B,0,0,a014-q15-r000,0,valid,0,0,0,0
a014,q15,evaluative,v027,A,1,1,a014-q15-r000,0,valid,1,1,0,0
a014,q15,evaluative,v028,A,0,0,a014-q15-r000,0,valid,0,0,0,0
a014,q15,evaluative,v029,A,0,0,a014-q15-r000,0,valid,0,0,0,0
a014,q15,evaluative,v030,B,0,0,a014-q15-r000,0,valid,0,0,0,0
a014,q15,evaluative,v031,C,0,0,a014-q15-r000,0,valid,0,0,0,0
a014,q15,evaluative,v032,D,0,0,a014-q15-r000,0,valid,0,0,0,0
a014,q16,evaluative,v001,B,0,0,a014-q16-r000,0,valid,0,0,0,0
a014,q16,evaluative,v002,A,0,0,a014-q16-r000,0,valid,0,0,0,0
a014,q16,evaluative,v003,A,0,0,a014-q16-r000,0,valid,0,0,0,0
a014,q16,evaluative,v004,D,1,1,a014-q16-r000,0,valid,1,1,0,0
a014,q16,evaluative,v005,D,0,0,a014-q16-r000,0,valid,0,0,0,0
a014,q16,evaluative,v006,D,0,0,a014-q16-r000,0,valid,0,0,0,0
a014,q16,evaluative,v007,D,0,0,a014-q16-r000,0,valid,0,0,0,0
a014,q16,evaluative,v008,B,1,1,a014-q16-r000,0,valid,1,1,0,0
a014,q16,evaluative,v009,C,0,0,a014-q16-r000,0,valid,0,0,0,0
a014,q16,evaluative,v010,B,0,0,a014-q16-r000,0,valid,0,0,0,0
a014,q16,evaluative,v011,C,0,0,a014-q16-r000,0,valid,0,0,0,0
a014,q16,evaluative,v012,D,1,1,a014-q16-r000,0,valid,0,0,0,0
a014,q16,evaluative,v013,C,0,0,a014-q16-r000,0,valid,0,0,0,0
a014,q16,evaluative,v014,C,0,0,a014-q16-r000,0,valid,0,0,0,0
a014,q16,evaluative,v015,A,0,0,a014-q16-r000,0,valid,0,0,0,0
a014,q16,evaluative,v016,C,0,0,a014-q16-r000,0,valid,0,0,0,0
a014,q16,evaluative,v017,B,0,0,a014-q16-r000,0,valid,0,0,0,0
a014,q16,evaluative,v018,A,0,0,a014-q16-r000,0,valid,0,0,0,0
a014,q16,evaluative,v019,B,0,0,a014-q16-r000,0,valid,0,0,0,0
a014,q16,evaluative,v020,D,0,0,a014-q16-r000,0,valid,0,0,0,0
a014,q16,evaluative,v021,D,0,0,a014-q16-r000,0,valid,0,0,0,0
a014,q16,evaluative,v022,A,0,0,a014-q16-r000,0,valid,0,0,0,0
a014,q16,evaluative,v023,C,0,0,a014-q16-r000,0,valid,0,0,0,0
a014,q16,evaluative,v024,B,1,1,a014-q16-r000,0,valid,1,1,0,0
a014,q16,evaluative,v025,C,0,0,a014-q16-r000,0,valid,0,0,0,0
a014,q16,evaluative,v026,B,0,0,a014-q16-r000,0,valid,0,0,0,0
a014,q16,evaluative,v027,A,0,0,a014-q16-r000,0,valid,0,0,0,0
a014,q16,evaluative,v028,A,1,1,a014-q16-r000,0,valid,0,0,0,0
a014,q16,evaluative,v029,A,0,0,a014-q16-r000,0,valid,0,0,0,0
a014,q16,evaluative,v030,B,0,0,a014-q16-r000,0,valid,0,0,0,0
a014,q16,evaluative,v031,C,0,0,a014-q16-r000,0,valid,0,0,0,0
a014,q16,evaluative,v032,D,0,0,a014-q16-r000,0,valid,0,0,0,0
a014,q17,evaluative,v001,B,0,0,a014-q17-r000,0,valid,0,0,0,0
a014,q17,evaluative,v002,A,0,0,a014-q17-r000,0,valid,0,0,0,0
a014,q17,evaluative,v003,A,0,0,a014-q17-r000,0,valid,0,0,0,0
a014,q17,evaluative,v004,D,1,1,a014-q17-r000,0,valid,1,1,0,0
a014,q17,evaluative,v005,D,0,0,a014-q17-r000,0,valid,0,0,0,0
a014,q17,evaluative,v006,D,0,0,a014-q17-r000,0,valid,0,0,0,0
a014,q17,evaluative,v007,D,0,0,a014-q17-r000,0,valid,0,0,0,0
a014,q17,evaluative,v008,B,1,1,a014-q17-r000,0,valid,1,1,0,0
a014,q17,evaluative,v009,C,0,0,a014-q17-r000,0,valid,0,0,0,0
a014,q17,evaluative,v010,B,0,0,a014-q17-r000,0,valid,0,0,0,0
a014,q17,evaluative,v011,C,0,0,a014-q17-r000,0,valid,0,0,0,0
a014,q17,evaluative,v012,D,1,1,a014-q17-r000,0,valid,0,0,0,0
a014,q17,evaluative,v013,C,0,0,a014-q17-r000,0,valid,0,0,0,0
a014,q17,evaluative,v014,C,0,0,a014-q17-r000,0,valid,0,0,0,0
a014,q17,evaluative,v015,A,0,0,a014-q17-r000,0,valid,0,0,0,0
a014,q17,evaluative,v016,C,0,0,a014-q17-r000,0,valid,0,0,0,0
a014,q17,evaluative,v017,B,0,0,a014-q17-r000,0,valid,0,0,0,0
a014,q17,evaluative,v018,A,0,0,a014-q17-r000,0,valid,0,0,0,0
a014,q17,evaluative,v019,B,0,0,a014-q17-r000,0,valid,0,0,0,0
a014,q17,evaluative,v020,D,0,0,a014-q17-r000,0,valid,0,0,0,0
a014,q17,evaluative,v021,D,0,0,a014-q17-r000,0,valid,0,0,0,0
a014,q17,evaluative,v022,A,0,0,a014-q17-r000,0,valid,0,0,0,0
a014,q17,evaluative,v023,C,0,0,a014-q17-r000,0,valid,0,0,0,0
a014,q17,evaluative,v024,B,1,1,a014-q17-r000,0,valid,1,1,0,0
a014,q17,evaluative,v025,C,0,0,a014-q17-r000,0,valid,0,0,0,0
a014,q17,evaluative,v026,B,0,0,a014-q17-r000,0,valid,0,0,0,0
a014,q17,evaluative,v027,A,0,0,a014-q17-r000,0,valid,0,0,0,0
a014,q17,evaluative,v028,A,1,1,a014-q17-r000,0,valid,0,0,0,0
a014,q17,evaluative,v029,A,0,0,a014-q17-r000,0,valid,0,0,0,0
a014,q17,evaluative,v030,B,0,0,a014-q17-r000,0,valid,0,0,0,0
a014,q17,evaluative,v031,C,0,0,a014-q17-r000,0,valid,0,0,0,0
a014,q17,evaluative,v032,D,0,0,a014-q17-r000,0,valid,0,0,0,0
a014,q18,evaluative,v001,B,0,0,a014-q18-r000,0,valid,0,0,1,0
a014,q18,evaluative,v002,A,0,0,a014-q18-r000,0,valid,0,0,1,0
a014,q18,evaluative,v003,A,0,0,a014-q18-r000,0,valid,0,0,1,0
a014,q18,evaluative,v004,D,0,0,a014-q18-r000,0,valid,0,0,1,0
a014,q18,evaluative,v005,D,0,0,a014-q18-r000,0,valid,0,0,1,0
a014,q18,evaluative,v006,D,0,0,a014-q18-r000,0,valid,0,0,1,0
a014,q18,evaluative,v007,D,0,0,a014-q18-r000,0,valid,0,0,1,0
a014,q18,evaluative,v008,B,0,0,a014-q18-r000,0,valid,0,0,1,0
a014,q18,evaluative,v009,C,0,0,a014-q18-r000,0,valid,0,0,1,0
a014,q18,evaluative,v010,B,0,0,a014-q18-r000,0,valid,0,0,1,0
a014,q18,evaluative,v011,C,0,0,a014-q18-r000,0,valid,0,0,1,0
a014,q18,evaluative,v012,D,0,0,a014-q18-r000,0,valid,0,0,1,0
a014,q18,evaluative,v013,C,0,0,a014-q18-r000,0,valid,0,0,1,0
a014,q18,evaluative,v014,C,0,0,a014-q18-r000,0,valid,0,0,1,0
a014,q18,evaluative,v015,A,0,0,a014-q18-r000,0,valid,0,0,1,0
a014,q18,evaluative,v016,C,0,0,a014-q18-r000,0,valid,0,0,1,0
a014,q18,evaluative,v017,B,0,0,a014-q18-r000,0,valid,0,0,1,0
a014,q18,evaluative,v018,A,0,0,a014-q18-r000,0,valid,0,0,1,0
a014,q18,evaluative,v019,B,0,0,a014-q18-r000,0,valid,0,0,1,0
a014,q18,evaluative,v020,D,0,0,a014-q18-r000,0,valid,0,0,1,0
a014,q18,evaluative,v021,D,0,0,a014-q18-r000,0,valid,0,0,1,0
a014,q18,evaluative,v022,A,0,0,a014-q18-r000,0,valid,0,0,1,0
a014,q18,evaluative,v023,C,0,0,a014-q18-r000,0,valid,0,0,1,0
a014,q18,evaluative,v024,B,0,0,a014-q18-r000,0,valid,0,0,1,0
a014,q18,evaluative,v025,C,0,0,a014-q18-r000,0,valid,0,0,1,0
a014,q18,evaluative,v026,B,0,0,a014-q18-r000,0,valid,0,0,1,0
a014,q18,evaluative,v027,A,0,0,a014-q18-r000,0,valid,0,0,1,0
a014,q18,evaluative,v028,A,0,0,a014-q18-r000,0,valid,0,0,1,0
a014,q18,evaluative,v029,A,0,0,a014-q18-r000,0,valid,0,0,1,0
a014,q18,evaluative,v030,B,0,0,a014-q18-r000,0,valid,0,0,1,0
a014,q18,evaluative,v031,C,0,0,a014-q18-r000,0,valid,0,0,1,0
a014,q18,evaluative,v032,D,0,0,a014-q18-r000,0,valid,0,0,1,0
a014,q19,evaluative,v001,B,0,0,a014-q19-r000,0,valid,0,0,1,0
a014,q19,evaluative,v002,A,0,0,a014-q19-r000,0,valid,0,0,1,0
a014,q19,evaluative,v003,A,0,0,a014-q19-r000,0,valid,0,0,1,0
a014,q19,evaluative,v004,D,0,0,a014-q19-r000,0,valid,0,0,1,0
a014,q19,evaluative,v005,D,0,0,a014-q19-r000,0,valid,0,0,1,0
a014,q19,evaluative,v006,D,0,0,a014-q19-r000,0,valid,0,0,1,0
a014,q19,evaluative,v007,D,0,0,a014-q19-r000,0,valid,0,0,1,0
a014,q19,evaluative,v008,B,0,0,a014-q19-r000,0,valid,0,0,1,0
a014,q19,evaluative,v009,C,0,0,a014-q19-r000,0,valid,0,0,1,0
a014,q19,evaluative,v010,B,0,0,a014-q19-r000,0,valid,0,0,1,0
a014,q19,evaluative,v011,C,0,0,a014-q19-r000,0,valid,0,0,1,0
a014,q19,evaluative,v012,D,0,0,a014-q19-r000,0,valid,0,0,1,0
a014,q19,evaluative,v013,C,0,0,a014-q19-r000,0,valid,0,0,1,0
a014,q19,evaluative,v014,C,0,0,a014-q19-r000,0,valid,0,0,1,0
a014,q19,evaluative,v015,A,0,0,a014-q19-r000,0,valid,0,0,1,0
a014,q19,evaluative,v016,C,0,0,a014-q19-r000,0,valid,0,0,1,0
a014,q19,evaluative,v017,B,0,0,a014-q19-r000,0,valid,0,0,1,0
a014,q19,evaluative,v018,A,0,0,a014-q19-r000,0,valid,0,0,1,0
a014,q19,evaluative,v019,B,0,0,a014-q19-r000,0,valid,0,0,1,0
a014,q19,evaluative,v020,D,0,0,a014-q19-r000,0,valid,0,0,1,0
a014,q19,evaluative,v021,D,0,0,a014-q19-r000,0,valid,0,0,1,0
a014,q19,evaluative,v022,A,0,0,a014-q19-r000,0,valid,0,0,1,0
a014,q19,evaluative,v023,C,0,0,a014-q19-r000,0,valid,0,0,1,0
a014,q19,evaluative,v024,B,0,0,a014-q19-r000,0,valid,0,0,1,0
a014,q19,evaluative,v025,C,0,0,a014-q19-r000,0,valid,0,0,1,0
a014,q19,evaluative,v026,B,0,0,a014-q19-r000,0,valid,0,0,1,0
a014,q19,evaluative,v027,A,0,0,a014-q19-r000,0,valid,0,0,1,0
a014,q19,evaluative,v028,A,0,0,a014-q19-r000,0,valid,0,0,1,0
a014,q19,evaluative,v029,A,0,0,a014-q19-r000,0,valid,0,0,1,0
a014,q19,evaluative,v030,B,0,0,a014-q19-r000,0,valid,0,0,1,0
a014,q19,evaluative,v031,C,0,0,a014-q19-r000,0,valid,0,0,1,0
a014,q19,evaluative,v032,D,0,0,a014-q19-r000,0,valid,0,0,1,0
a014,q20,evaluative,v001,B,1,1,a014-q20-r000,0,valid,1,1,0,0
a014,q20,evaluative,v002,A,0,0,a014-q20-r000,0,valid,0,0,0,0
a014,q20,evaluative,v003,A,0,0,a014-q20-r000,0,valid,0,0,0,0
a014,q20,evaluative,v004,D,0,0,a014-q20-r000,0,valid,0,0,0,0
a014,q20,evaluative,v005,D,1,1,a014-q20-r000,0,valid,1,1,0,0
a014,q20,evaluative,v006,D,0,0,a014-q20-r000,0,valid,0,0,0,0
a014,q20,evaluative,v007,D,0,0,a014-q20-r000,0,valid,0,0,0,0
a014,q20,evaluative,v008,B,0,0,a014-q20-r000,0,valid,0,0,0,0
a014,q20,evaluative,v009,C,0,0,a014-q20-r000,0,valid,0,0,0,0
a014,q20,evaluative,v010,B,0,0,a014-q20-r000,0,valid,0,0,0,0
a014,q20,evaluative,v011,C,0,0,a014-q20-r000,0,valid,0,0,0,0
a014,q20,evaluative,v012,D,0,0,a014-q20-r000,0,valid,0,0,0,0
a014,q20,evaluative,v013,C,0,0,a014-q20-r000,0,valid,0,0,0,0
a014,q20,evaluative,v014,C,0,0,a014-q20-r000,0,valid,0,0,0,0
a014,q20,evaluative,v015,A,0,0,a014-q20-r000,0,valid,0,0,0,0
a014,q20,evaluative,v016,C,0,0,a014-q20-r000,0,valid,0,0,0,0
a014,q20,evaluative,v017,B,0,0,a014-q20-r000,0,valid,0,0,0,0
a014,q20,evaluative,v018,A,0,0,a014-q20-r000,0,valid,0,0,0,0
a014,q20,evaluative,v019,B,0,0,a014-q20-r000,0,valid,0,0,0,0
a014,q20,evaluative,v020,D,0,0,a014-q20-r000,0,valid,0,0,0,0
a014,q20,evaluative,v021,D,0,0,a014-q20-r000,0,valid,0,0,0,0
a014,q20,evaluative,v022,A,0,0,a014-q20-r000,0,valid,0,0,0,0
a014,q20,evaluative,v023,C,0,0,a014-q20-r000,0,valid,0,0,0,0
a014,q20,evaluative,v024,B,0,0,a014-q20-r000,0,valid,0,0,0,0
a014,q20,evaluative,v025,C,0,0,a014-q20-r000,0,valid,0,0,0,0
a014,q20,evaluative,v026,B,0,0,a014-q20-r000,0,valid,0,0,0,0
a014,q20,evaluative,v027,A,0,0,a014-q20-r000,0,valid,0,0,0,0
a014,q20,evaluative,v028,A,0,0,a014-q20-r000,0,valid,0,0,0,0
a014,q20,evaluative,v029,A,0,0,a014-q20-r000,0,valid,0,0,0,0
a014,q20,evaluative,v030,B,0,0,a014-q20-r000,0,valid,0,0,0,0
a014,q20,evaluative,v031,C,0,0,a014-q20-r000,0,valid,0,0,0,0
a014,q20,evaluative,v032,D,0,0,a014-q20-r000,0,valid,0,0,0,0
a014,q21,evaluative,v001,B,0,0,a014-q21-r000,0,valid,0,0,1,0
a014,q21,evaluative,v002,A,0,0,a014-q21-r000,0,valid,0,0,1,0
a014,q21,evaluative,v003,A,0,0,a014-q21-r000,0,valid,0,0,1,0
a014,q21,evaluative,v004,D,0,0,a014-q21-r000,0,valid,0,0,1,0
a014,q21,evaluative,v005,D,0,0,a014-q21-r000,0,valid,0,0,1,0
a014,q21,evaluative,v006,D,0,0,a014-q21-r000,0,valid,0,0,1,0
a014,q21,evaluative,v007,D,0,0,a014-q21-r000,0,valid,0,0,1,0
a014,q21,evaluative,v008,B,0,0,a014-q21-r000,0,valid,0,0,1,0
a014,q21,evaluative,v009,C,0,0,a014-q21-r000,0,valid,0,0,1,0
a014,q21,evaluative,v010,B,0,0,a014-q21-r000,0,valid,0,0,1,0
a014,q21,evaluative,v011,C,0,0,a014-q21-r000,0,valid,0,0,1,0
a014,q21,evaluative,v012,D,0,0,a014-q21-r000,0,valid,0,0,1,0
a014,q21,evaluative,v013,C,0,0,a014-q21-r000,0,valid,0,0,1,0
a014,q21,evaluative,v014,C,0,0,a014-q21-r000,0,valid,0,0,1,0
a014,q21,evaluative,v015,A,0,0,a014-q21-r000,0,valid,0,0,1,0
a014,q21,evaluative,v016,C,0,0,a014-q21-r000,0,valid,0,0,1,0
a014,q21,evaluative,v017,B,0,0,a014-q21-r000,0,valid,0,0,1,0
a014,q21,evaluative,v018,A,0,0,a014-q21-r000,0,valid,0,0,1,0
a014,q21,evaluative,v019,B,0,0,a014-q21-r000,0,valid,0,0,1,0
a014,q21,evaluative,v020,D,0,0,a014-q21-r000,0,valid,0,0,1,0
a014,q21,evaluative,v021,D,0,0,a014-q21-r000,0,valid,0,0,1,0
a014,q21,evaluative,v022,A,0,0,a014-q21-r000,0,valid,0,0,1,0
a014,q21,evaluative,v023,C,0,0,a014-q21-r000,0,valid,0,0,1,0
a014,q21,evaluative,v024,B,0,0,a014-q21-r000,0,valid,0,0,1,0
a014,q21,evaluative,v025,C,0,0,a014-q21-r000,0,valid,0,0,1,0
a014,q21,evaluative,v026,B,0,0,a014-q21-r000,0,valid,0,0,1,0
a014,q21,evaluative,v027,A,0,0,a014-q21-r000,0,valid,0,0,1,0
a014,q21,evaluative,v028,A,0,0,a014-q21-r000,0,valid,0,0,1,0
a014,q21,evaluative,v029,A,0,0,a014-q21-r000,0,valid,0,0,1,0
a014,q21,evaluative,v030,B,0,0,a014-q21-r000,0,valid,0,0,1,0
a014,q21,evaluative,v031,C,0,0,a014-q21-r000,0,valid,0,0,1,0
a014,q21,evaluative,v032,D,0,0,a014-q21-r000,0,valid,0,0,1,0
a014,q22,evaluative,v001,B,0,0,a014-q22-r000,0,valid,0,0,1,0
a014,q22,evaluative,v002,A,0,0,a014-q22-r000,0,valid,0,0,1,0
a014,q22,evaluative,v003,A,0,0,a014-q22-r000,0,valid,0,0,1,0
a014,q22,evaluative,v004,D,0,0,a014-q22-r000,0,valid,0,0,1,0
a014,q22,evaluative,v005,D,0,0,a014-q22-r000,0,valid,0,0,1,0
a014,q22,evaluative,v006,D,0,0,a014-q22-r000,0,valid,0,0,1,0
a014,q22,evaluative,v007,D,0,0,a014-q22-r000,0,valid,0,0,1,0
a014,q22,evaluative,v008,B,0,0,a014-q22-r000,0,valid,0,0,1,0
a014,q22,evaluative,v009,C,0,0,a014-q22-r000,0,valid,0,0,1,0
a014,q22,evaluative,v010,B,0,0,a014-q22-r000,0,valid,0,0,1,0
a014,q22,evaluative,v011,C,0,0,a014-q22-r000,0,valid,0,0,1,0
a014,q22,evaluative,v012,D,0,0,a014-q22-r000,0,valid,0,0,1,0
a014,q22,evaluative,v013,C,0,0,a014-q22-r000,0,valid,0,0,1,0
a014,q22,evaluative,v014,C,0,0,a014-q22-r000,0,valid,0,0,1,0
a014,q22,evaluative,v015,A,0,0,a014-q22-r000,0,valid,0,0,1,0
a014,q22,evaluative,v016,C,0,0,a014-q22-r000,0,valid,0,0,1,0
a014,q22,evaluative,v017,B,0,0,a014-q22-r000,0,valid,0,0,1,0
a014,q22,evaluative,v018,A,0,0,a014-q22-r000,0,valid,0,0,1,0
a014,q22,evaluative,v019,B,0,0,a014-q22-r000,0,valid,0,0,1,0
a014,q22,evaluative,v020,D,0,0,a014-q22-r000,0,valid,0,0,1,0
a014,q22,evaluative,v021,D,0,0,a014-q22-r000,0,valid,0,0,1,0
a014,q22,evaluative,v022,A,0,0,a014-q22-r000,0,valid,0,0,1,0
a014,q22,evaluative,v023,C,0,0,a014-q22-r000,0,valid,0,0,1,0
a014,q22,evaluative,v024,B,0,0,a014-q22-r000,0,valid,0,0,1,0
a014,q22,evaluative,v025,C,0,0,a014-q22-r000,0,valid,0,0,1,0
a014,q22,evaluative,v026,B,0,0,a014-q22-r000,0,valid,0,0,1,0
a014,q22,evaluative,v027,A,0,0,a014-q22-r000,0,valid,0,0,1,0
a014,q22,evaluative,v028,A,0,0,a014-q22-r000,0,valid,0,0,1,0
a014,q22,evaluative,v029,A,0,0,a014-q22-r000,0,valid,0,0,1,0
a014,q22,evaluative,v030,B,0,0,a014-q22-r000,0,valid,0,0,1,0
a014,q22,evaluative,v031,C,0,0,a014-q22-r000,0,valid,0,0,1,0
a014,q22,evaluative,v032,D,0,0,a014-q22-r000,0,valid,0,0,1,0
a014,q23,evaluative,v001,B,0,0,a014-q23-r000,0,valid,0,0,0,0
a014,q23,evaluative,v002,A,0,0,a014-q23-r000,0,valid,0,0,0,0
a014,q23,evaluative,v003,A,1,1,a014-q23-r000,0,valid,1,1,0,0
a014,q23,evaluative,v004,D,0,0,a014-q23-r000,0,valid,0,0,0,0
a014,q23,evaluative,v005,D,0,0,a014-q23-r000,0,valid,0,0,0,0
a014,q23,evaluative,v006,D,0,0,a014-q23-r000,0,valid,0,0,0,0
a014,q23,evaluative,v007,D,1,1,a014-q23-r000,0,valid,1,1,0,0
a014,q23,evaluative,v008,B,0,0,a014-q23-r000,0,valid,0,0,0,0
a014,q23,evaluative,v009,C,0,0,a014-q23-r000,0,valid,0,0,0,0
a014,q23,evaluative,v010,B,0,0,a014-q23-r000,0,valid,0,0,0,0
a014,q23,evaluative,v011,C,0,0,a014-q23-r000,0,valid,0,0,0,0
a014,q23,evaluative,v012,D,0,0,a014-q23-r000,0,valid,0,0,0,0
a014,q23,evaluative,v013,C,0,0,a014-q23-r000,0,valid,0,0,0,0
a014,q23,evaluative,v014,C,0,0,a014-q23-r000,0,valid,0,0,0,0
a014,q23,evaluative,v015,A,0,0,a014-q23-r000,0,valid,0,0,0,0
a014,q23,evaluative,v016,C,0,0,a014-q23-r000,0,valid,0,0,0,0
a014,q23,evaluative,v017,B,0,0,a014-q23-r000,0,valid,0,0,0,0
a014,q23,evaluative,v018,A,0,0,a014-q23-r000,0,valid,0,0,0,0
a014,q23,evaluative,v019,B,0,0,a014-q23-r000,0,valid,0,0,0,0
a014,q23,evaluative,v020,D,0,0,a014-q23-r000,0,valid,0,0,0,0
a014,q23,evaluative,v021,D,0,0,a014-q23-r000,0,valid,0,0,0,0
a014,q23,evaluative,v022,A,0,0,a014-q23-r000,0,valid,0,0,0,0
a014,q23,evaluative,v023,C,0,0,a014-q23-r000,0,valid,0,0,0,0
a014,q23,evaluative,v024,B,0,0,a014-q23-r000,0,valid,0,0,0,0
a014,q23,evaluative,v025,C,0,0,a014-q23-r000,0,valid,0,0,0,0
a014,q23,evaluative,v026,B,0,0,a014-q23-r000,0,valid,0,0,0,0
a014,q23,evaluative,v027,A,1,1,a014-q23-r000,0,valid,1,1,0,0
a014,q23,evaluative,v028,A,0,0,a014-q23-r000,0,valid,0,0,0,0
a014,q23,evaluative,v029,A,0,0,a014-q23-r000,0,valid,0,0,0,0
a014,q23,evaluative,v030,B,0,0,a014-q23-r000,0,valid,0,0,0,0
a014,q23,evaluative,v031,C,0,0,a014-q23-r000,0,valid,0,0,0,0
a014,q23,evaluative,v032,D,0,0,a014-q23-r000,0,valid,0,0,0,0
a014,q24,evaluative,v001,B,0,0,a014-q24-r000,0,valid,0,0,1,0
a014,q24,evaluative,v002,A,0,0,a014-q24-r000,0,valid,0,0,1,0
a014,q24,evaluative,v003,A,0,0,a014-q24-r000,0,valid,0,0,1,0
a014,q24,evaluative,v004,D,0,0,a014-q24-r000,0,valid,0,0,1,0
a014,q24,evaluative,v005,D,0,0,a014-q24-r000,0,valid,0,0,1,0
a014,q24,evaluative,v006,D,0,0,a014-q24-r000,0,valid,0,0,1,0
a014,q24,evaluative,v007,D,0,0,a014-q24-r000,0,valid,0,0,1,0
a014,q24,evaluative,v008,B,0,0,a014-q24-r000,0,valid,0,0,1,0
a014,q24,evaluative,v009,C,0,0,a014-q24-r000,0,valid,0,0,1,0
a014,q24,evaluative,v010,B,0,0,a014-q24-r000,0,valid,0,0,1,0
a014,q24,evaluative,v011,C,0,0,a014-q24-r000,0,valid,0,0,1,0
a014,q24,evaluative,v012,D,0,0,a014-q24-r000,0,valid,0,0,1,0
a014,q24,evaluative,v013,C,0,0,a014-q24-r000,0,valid,0,0,1,0
a014,q24,evaluative,v014,C,0,0,a014-q24-r000,0,valid,0,0,1,0
a014,q24,evaluative,v015,A,0,0,a014-q24-r000,0,valid,0,0,1,0
a014,q24,evaluative,v016,C,0,0,a014-q24-r000,0,valid,0,0,1,0
a014,q24,evaluative,v017,B,0,0,a014-q24-r000,0,valid,0,0,1,0
a014,q24,evaluative,v018,A,0,0,a014-q24-r000,0,valid,0,0,1,0
a014,q24,evaluative,v019,B,0,0,a014-q24-r000,0,valid,0,0,1,0
a014,q24,evaluative,v020,D,0,0,a014-q24-r000,0,valid,0,0,1,0
a014,q24,evaluative,v021,D,0,0,a014-q24-r000,0,valid,0,0,1,0
a014,q24,evaluative,v022,A,0,0,a014-q24-r000,0,valid,0,0,1,0
a014,q24,evaluative,v023,C,0,0,a014-q24-r000,0,valid,0,0,1,0
a014,q24,evaluative,v024,B,0,0,a014-q24-r000,0,valid,0,0,1,0
a014,q24,evaluative,v025,C,0,0,a014-q24-r000,0,valid,0,0,1,0
a014,q24,evaluative,v026,B,0,0,a014-q24-r000,0,valid,0,0,1,0
a014,q24,evaluative,v027,A,0,0,a014-q24-r000,0,valid,0,0,1,0
a014,q24,evaluative,v028,A,0,0,a014-q24-r000,0,valid,0,0,1,0
a014,q24,evaluative,v029,A,0,0,a014-q24-r000,0,valid,0,0,1,0
a014,q24,evaluative,v030,B,0,0,a014-q24-r000,0,valid,0,0,1,0
a014,q24,evaluative,v031,C,0,0,a014-q24-r000,0,valid,0,0,1,0
a014,q24,evaluative,v032,D,0,0,a014-q24-r000,0,valid,0,0,1,0
a015,q01,transactional,v001,D,0,0,a015-q01-r000,0,valid,0,0,1,0
a015,q01,transactional,v002,B,0,0,a015-q01-r000,0,valid,0,0,1,0
a015,q01,transactional,v003,A,0,0,a015-q01-r000,0,valid,0,0,1,0
a015,q01,transactional,v004,A,0,0,a015-q01-r000,0,valid,0,0,1,0
a015,q01,transactional,v005,D,0,0,a015-q01-r000,0,valid,0,0,1,0
a015,q01,transactional,v006,B,0,0,a015-q01-r000,0,valid,0,0,1,0
a015,q01,transactional,v007,C,0,0,a015-q01-r000,0,valid,0,0,1,0
a015,q01,transactional,v008,C,0,0,a015-q01-r000,0,valid,0,0,1,0
a015,q01,transactional,v009,B,0,0,a015-q01-r000,0,valid,0,0,1,0
a015,q01,transactional,v010,B,0,0,a015-q01-r000,0,valid,0,0,1,0
a015,q01,transactional,v011,A,0,0,a015-q01-r000,0,valid,0,0,1,0
a015,q01,transactional,v012,B,0,0,a015-q01-r000,0,valid,0,0,1,0
a015,q01,transactional,v013,D,0,0,a015-q01-r000,0,valid,0,0,1,0
a015,q01,transactional,v014,B,0,0,a015-q01-r000,0,valid,0,0,1,0
a015,q01,transactional,v015,C,0,0,a015-q01-r000,0,valid,0,0,1,0
a015,q01,transactional,v016,C,0,0,a015-q01-r000,0,valid,0,0,1,0
a015,q01,transactional,v017,D,0,0,a015-q01-r000,0,valid,0,0,1,0
a015,q01,transactional,v018,B,0,0,a015-q01-r000,0,valid,0,0,1,0
a015,q01,transactional,v019,B,0,0,a015-q01-r000,0,valid,0,0,1,0
a015,q01,transactional,v020,D,0,0,a015-q01-r000,0,valid,0,0,1,0
a015,q01,transactional,v021,A,0,0,a015-q01-r000,0,valid,0,0,1,0
a015,q01,transactional,v022,C,0,0,a015-q01-r000,0,valid,0,0,1,0
a015,q01,transactional,v023,C,0,0,a015-q01-r000,0,valid,0,0,1,0
a015,q01,transactional,v024,C,0,0,a015-q01-r000,0,valid,0,0,1,0
a015,q01,transactional,v025,C,0,0,a015-q01-r000,0,valid,0,0,1,0
a015,q01,transactional,v026,A,0,0,a015-q01-r000,0,valid,0,0,1,0
a015,q01,transactional,v027,D,0,0,a015-q01-r000,0,valid,0,0,1,0
a015,q01,transactional,v028,D,0,0,a015-q01-r000,0,valid,0,0,1,0
a015,q01,transactional,v029,A,0,0,a015-q01-r000,0,valid,0,0,1,0
a015,q01,transactional,v030,A,0,0,a015-q01-r000,0,valid,0,0,1,0
a015,q01,transactional,v031,D,0,0,a015-q01-r000,0,valid,0,0,1,0
a015,q01,transactional,v032,A,0,0,a015-q01-r000,0,valid,0,0,1,0
a015,q02,transactional,v001,D,0,0,a015-q02-r000,0,valid,0,0,1,0
a015,q02,transactional,v002,B,0,0,a015-q02-r000,0,valid,0,0,1,0
a015,q02,transactional,v003,A,0,0,a015-q02-r000,0,valid,0,0,1,0
a015,q02,transactional,v004,A,0,0,a015-q02-r000,0,valid,0,0,1,0
a015,q02,transactional,v005,D,0,0,a015-q02-r000,0,valid,0,0,1,0
a015,q02,transactional,v006,B,0,0,a015-q02-r000,0,valid,0,0,1,0
a015,q02,transactional,v007,C,0,0,a015-q02-r000,0,valid,0,0,1,0
a015,q02,transactional,v008,C,0,0,a015-q02-r000,0,valid,0,0,1,0
a015,q02,transactional,v009,B,0,0,a015-q02-r000,0,valid,0,0,1,0
a015,q02,transactional,v010,B,0,0,a015-q02-r000,0,valid,0,0,1,0
a015,q02,transactional,v011,A,0,0,a015-q02-r000,0,valid,0,0,1,0
a015,q02,transactional,v012,B,0,0,a015-q02-r000,0,valid,0,0,1,0
a015,q02,transactional,v013,D,0,0,a015-q02-r000,0,valid,0,0,1,0
a015,q02,transactional,v014,B,0,0,a015-q02-r000,0,valid,0,0,1,0
a015,q02,transactional,v015,C,0,0,a015-q02-r000,0,valid,0,0,1,0
a015,q02,transactional,v016,C,0,0,a015-q02-r000,0,valid,0,0,1,0
a015,q02,transactional,v017,D,0,0,a015-q02-r000,0,valid,0,0,1,0
a015,q02,transactional,v018,B,0,0,a015-q02-r000,0,valid,0,0,1,0
a015,q02,transactional,v019,B,0,0,a015-q02-r000,0,valid,0,0,1,0
a015,q02,transactional,v020,D,0,0,a015-q02-r000,0,valid,0,0,1,0
a015,q02,transactional,v021,A,0,0,a015-q02-r000,0,valid,0,0,1,0
a015,q02,transactional,v022,C,0,0,a015-q02-r000,0,valid,0,0,1,0
a015,q02,transactional,v023,C,0,0,a015-q02-r000,0,valid,0,0,1,0
a015,q02,transactional,v024,C,0,0,a015-q02-r000,0,valid,0,0,1,0
a015,q02,transactional,v025,C,0,0,a015-q02-r000,0,valid,0,0,1,0
a015,q02,transactional,v026,A,0,0,a015-q02-r000,0,valid,0,0,1,0
a015,q02,transactional,v027,D,0,0,a015-q02-r000,0,valid,0,0,1,0
a015,q02,transactional,v028,D,0,0,a015-q02-r000,0,valid,0,0,1,0
a015,q02,transactional,v029,A,0,0,a015-q02-r000,0,valid,0,0,1,0
a015,q02,transactional,v030,A,0,0,a015-q02-r000,0,valid,0,0,1,0
a015,q02,transactional,v031,D,0,0,a015-q02-r000,0,valid,0,0,1,0
a015,q02,transactional,v032,A,0,0,a015-q02-r000,0,valid,0,0,1,0
a015,q03,transactional,v001,D,0,0,a015-q03-r000,0,valid,0,0,0,0
a015,q03,transactional,v002,B,1,1,a015-q03-r000,0,valid,1,1,0,0
a015,q03,transactional,v003,A,0,0,a015-q03-r000,0,valid,0,0,0,0
a015,q03,transactional,v004,A,0,0,a015-q03-r000,0,valid,0,0,0,0
a015,q03,transactional,v005,D,0,0,a015-q03-r000,0,valid,0,0,0,0
a015,q03,transactional,v006,B,0,0,a015-q03-r000,0,valid,0,0,0,0
a015,q03,transactional,v007,C,0,0,a015-q03-r000,0,valid,0,0,0,0
a015,q03,transactional,v008,C,0,0,a015-q03-r000,0,valid,0,0,0,0
a015,q03,transactional,v009,B,0,0,a015-q03-r000,0,valid,0,0,0,0
a015,q03,transactional,v010,B,0,0,a015-q03-r000,0,valid,0,0,0,0
a015,q03,transactional,v011,A,0,0,a015-q03-r000,0,valid,0,0,0,0
a015,q03,transactional,v012,B,0,0,a015-q03-r000,0,valid,0,0,0,0
a015,q03,transactional,v013,D,0,0,a015-q03-r000,0,valid,0,0,0,0
a015,q03,transactional,v014,B,0,0,a015-q03-r000,0,valid,0,0,0,0
a015,q03,transactional,v015,C,0,0,a015-q03-r000,0,valid,0,0,0,0
a015,q03,transactional,v016,C,0,0,a015-q03-r000,0,valid,0,0,0,0
a015,q03,transactional,v017,D,0,0,a015-q03-r000,0,valid,0,0,0,0
a015,q03,transactional,v018,B,1,1,a015-q03-r000,0,valid,1,1,0,0
a015,q03,transactional,v019,B,0,0,a015-q03-r000,0,valid,0,0,0,0
a015,q03,transactional,v020,D,0,0,a015-q03-r000,0,valid,0,0,0,0
a015,q03,transactional,v021,A,0,0,a015-q03-r000,0,valid,0,0,0,0
a015,q03,transactional,v022,C,0,0,a015-q03-r000,0,valid,0,0,0,0
a015,q03,transactional,v023,C,0,0,a015-q03-r000,0,valid,0,0,0,0
a015,q03,transactional,v024,C,0,0,a015-q03-r000,0,valid,0,0,0,0
a015,q03,transactional,v025,C,0,0,a015-q03-r000,0,valid,0,0,0,0
a015,q03,transactional,v026,A,0,0,a015-q03-r000,0,valid,0,0,0,0
a015,q03,transactional,v027,D,0,0,a015-q03-r000,0,valid,0,0,0,0
a015,q03,transactional,v028,D,0,0,a015-q03-r000,0,valid,0,0,0,0
a015,q03,transactional,v029,A,0,0,a015-q03-r000,0,valid,0,0,0,0
a015,q03,transactional,v030,A,0,0,a015-q03-r000,0,valid,0,0,0,0
a015,q03,transactional,v031,D,0,0,a015-q03-r000,0,valid,0,0,0,0
a015,q03,transactional,v032,A,0,0,a015-q03-r000,0,valid,0,0,0,0
a015,q04,transactional,v001,D,1,1,a015-q04-r000,0,valid,1,1,0,0
a015,q04,transactional,v002,B,0,0,a015-q04-r000,0,valid,0,0,0,0
a015,q04,transactional,v003,A,0,0,a015-q04-r000,0,valid,0,0,0,0
a015,q04,transactional,v004,A,0,0,a015-q04-r000,0,valid,0,0,0,0
a015,q04,transactional,v005,D,1,1,a015-q04-r000,0,valid,1,1,0,0
a015,q04,transactional,v006,B,0,0,a015-q04-r000,0,valid,0,0,0,0
a015,q04,transactional,v007,C,0,0,a015-q04-r000,0,valid,0,0,0,0
a015,q04,transactional,v008,C,0,0,a015-q04-r000,0,valid,0,0,0,0
a015,q04,transactional,v009,B,0,0,a015-q04-r000,0,valid,0,0,0,0
a015,q04,transactional,v010,B,0,0,a015-q04-r000,0,valid,0,0,0,0
a015,q04,transactional,v011,A,0,0,a015-q04-r000,0,valid,0,0,0,0
a015,q04,transactional,v012,B,0,0,a015-q04-r000,0,valid,0,0,0,0
a015,q04,transactional,v013,D,0,0,a015-q04-r000,0,valid,0,0,0,0
a015,q04,transactional,v014,B,0,0,a015-q04-r000,0,valid,0,0,0,0
a015,q04,transactional,v015,C,0,0,a015-q04-r000,0,valid,0,0,0,0
a015,q04,transactional,v016,C,0,0,a015-q04-r000,0,valid,0,0,0,0
a015,q04,transactional,v017,D,0,0,a015-q04-r000,0,valid,0,0,0,0
a015,q04,transactional,v018,B,0,0,a015-q04-r000,0,valid,0,0,0,0
a015,q04,transactional,v019,B,0,0,a015-q04-r000,0,valid,0,0,0,0
a015,q04,transactional,v020,D,0,0,a015-q04-r000,0,valid,0,0,0,0
a015,q04,transactional,v021,A,0,0,a015-q04-r000,0,valid,0,0,0,0
a015,q04,transactional,v022,C,0,0,a015-q04-r000,0,valid,0,0,0,0
a015,q04,transactional,v023,C,0,0,a015-q04-r000,0,valid,0,0,0,0
a015,q04,transactional,v024,C,0,0,a015-q04-r000,0,valid,0,0,0,0
a015,q04,transactional,v025,C,0,0,a015-q04-r000,0,valid,0,0,0,0
a015,q04,transactional,v026,A,0,0,a015-q04-r000,0,valid,0,0,0,0
a015,q04,transactional,v027,D,0,0,a015-q04-r000,0,valid,0,0,0,0
a015,q04,transactional,v028,D,0,0,a015-q04-r000,0,valid,0,0,0,0
a015,q04,transactional,v029,A,0,0,a015-q04-r000,0,valid,0,0,0,0
a015,q04,transactional,v030,A,0,0,a015-q04-r000,0,valid,0,0,0,0
a015,q04,transactional,v031,D,0,0,a015-q04-r000,0,valid,0,0,0,0
a015,q04,transactional,v032,A,0,0,a015-q04-r000,0,valid,0,0,0,0
a015,q05,transactional,v001,D,0,0,a015-q05-r000,0,valid,0,0,0,0
a015,q05,transactional,v002,B,0,0,a015-q05-r000,0,valid,0,0,0,0
a015,q05,transactional,v003,A,0,0,a015-q05-r000,0,valid,0,0,0,0
a015,q05,transactional,v004,A,0,0,a015-q05-r000,0,valid,0,0,0,0
a015,q05,transactional,v005,D,0,0,a015-q05-r000,0,valid,0,0,0,0
a015,q05,transactional,v006,B,0,0,a015-q05-r000,0,valid,0,0,0,0
a015,q05,transactional,v007,C,0,0,a015-q05-r000,0,valid,0,0,0,0
a015,q05,transactional,v008,C,0,0,a015-q05-r000,0,valid,0,0,0,0
a015,q05,transactional,v009,B,0,0,a015-q05-r000,0,valid,0,0,0,0
a015,q05,transactional,v010,B,0,0,a015-q05-r000,0,valid,0,0,0,0
a015,q05,transactional,v011,A,0,0,a015-q05-r000,0,valid,0,0,0,0
a015,q05,transactional,v012,B,1,1,a015-q05-r000,0,valid,1,1,0,0
a015,q05,transactional,v013,D,0,0,a015-q05-r000,0,valid,0,0,0,0
a015,q05,transactional,v014,B,0,0,a015-q05-r000,0,valid,0,0,0,0
a015,q05,transactional,v015,C,0,0,a015-q05-r000,0,valid,0,0,0,0
a015,q05,transactional,v016,C,0,0,a015-q05-r000,0,valid,0,0,0,0
a015,q05,transactional,v017,D,0,0,a015-q05-r000,0,valid,0,0,0,0
a015,q05,transactional,v018,B,0,0,a015-q05-r000,0,valid,0,0,0,0
a015,q05,transactional,v019,B,0,0,a015-q05-r000,0,valid,0,0,0,0
a015,q05,transactional,v020,D,0,0,a015-q05-r000,0,valid,0,0,0,0
a015,q05,transactional,v021,A,0,0,a015-q05-r000,0,valid,0,0,0,0
a015,q05,transactional,v022,C,0,0,a015-q05-r000,0,valid,0,0,0,0
a015,q05,transactional,v023,C,0,0,a015-q05-r000,0,valid,0,0,0,0
a015,q05,transactional,v024,C,0,0,a015-q05-r000,0,valid,0,0,0,0
a015,q05,transactional,v025,C,0,0,a015-q05-r000,0,valid,0,0,0,0
a015,q05,transactional,v026,A,0,0,a015-q05-r000,0,valid,0,0,0,0
a015,q05,transactional,v027,D,0,0,a015-q05-r000,0,valid,0,0,0,0
a015,q05,transactional,v028,D,1,1,a015-q05-r000,0,valid,1,1,0,0
a015,q05,transactional,v029,A,0,0,a015-q05-r000,0,valid,0,0,0,0
a015,q05,transactional,v030,A,0,0,a015-q05-r000,0,valid,0,0,0,0
a015,q05,transactional,v031,D,0,0,a015-q05-r000,0,valid,0,0,0,0
a015,q05,transactional,v032,A,0,0,a015-q05-r000,0,valid,0,0,0,0
a015,q06,transactional,v001,D,0,0,a015-q06-r000,0,valid,0,0,1,0
a015,q06,transactional,v002,B,0,0,a015-q06-r000,0,valid,0,0,1,0
a015,q06,transactional,v003,A,0,0,a015-q06-r000,0,valid,0,0,1,0
a015,q06,transactional,v004,A,0,0,a015-q06-r000,0,valid,0,0,1,0
a015,q06,transactional,v005,D,0,0,a015-q06-r000,0,valid,0,0,1,0
a015,q06,transactional,v006,B,0,0,a015-q06-r000,0,valid,0,0,1,0
a015,q06,transactional,v007,C,0,0,a015-q06-r000,0,valid,0,0,1,0
a015,q06,transactional,v008,C,0,0,a015-q06-r000,0,valid,0,0,1,0
a015,q06,transactional,v009,B,0,0,a015-q06-r000,0,valid,0,0,1,0
a015,q06,transactional,v010,B,0,0,a015-q06-r000,0,valid,0,0,1,0
a015,q06,transactional,v011,A,0,0,a015-q06-r000,0,valid,0,0,1,0
a015,q06,transactional,v012,B,0,0,a015-q06-r000,0,valid,0,0,1,0
a015,q06,transactional,v013,D,0,0,a015-q06-r000,0,valid,0,0,1,0
a015,q06,transactional,v014,B,0,0,a015-q06-r000,0,valid,0,0,1,0
a015,q06,transactional,v015,C,0,0,a015-q06-r000,0,valid,0,0,1,0
a015,q06,transactional,v016,C,0,0,a015-q06-r000,0,valid,0,0,1,0
a015,q06,transactional,v017,D,0,0,a015-q06-r000,0,valid,0,0,1,0
a015,q06,transactional,v018,B,0,0,a015-q06-r000,0,valid,0,0,1,0
a015,q06,transactional,v019,B,0,0,a015-q06-r000,0,valid,0,0,1,0
a015,q06,transactional,v020,D,0,0,a015-q06-r000,0,valid,0,0,1,0
a015,q06,transactional,v021,A,0,0,a015-q06-r000,0,valid,0,0,1,0
a015,q06,transactional,v022,C,0,0,a015-q06-r000,0,valid,0,0,1,0
a015,q06,transactional,v023,C,0,0,a015-q06-r000,0,valid,0,0,1,0
a015,q06,transactional,v024,C,0,0,a015-q06-r000,0,valid,0,0,1,0
a015,q06,transactional,v025,C,0,0,a015-q06-r000,0,valid,0,0,1,0
a015,q06,transactional,v026,A,0,0,a015-q06-r000,0,valid,0,0,1,0
a015,q06,transactional,v027,D,0,0,a015-q06-r000,0,valid,0,0,1,0
a015,q06,transactional,v028,D,0,0,a015-q06-r000,0,valid,0,0,1,0
a015,q06,transactional,v029,A,0,0,a015-q06-r000,0,valid,0,0,1,0
a015,q06,transactional,v030,A,0,0,a015-q06-r000,0,valid,0,0,1,0
a015,q06,transactional,v031,D,0,0,a015-q06-r000,0,valid,0,0,1,0
a015,q06,transactional,v032,A,0,0,a015-q06-r000,0,valid,0,0,1,0
a015,q07,transactional,v001,D,0,0,a015-q07-r000,0,valid,0,0,1,0
a015,q07,transactional,v002,B,0,0,a015-q07-r000,0,valid,0,0,1,0
a015,q07,transactional,v003,A,0,0,a015-q07-r000,0,valid,0,0,1,0
a015,q07,transactional,v004,A,0,0,a015-q07-r000,0,valid,0,0,1,0
a015,q07,transactional,v005,D,0,0,a015-q07-r000,0,valid,0,0,1,0
a015,q07,transactional,v006,B,0,0,a015-q07-r000,0,valid,0,0,1,0
a015,q07,transactional,v007,C,0,0,a015-q07-r000,0,valid,0,0,1,0
a015,q07,transactional,v008,C,0,0,a015-q07-r000,0,valid,0,0,1,0
a015,q07,transactional,v009,B,0,0,a015-q07-r000,0,valid,0,0,1,0
a015,q07,transactional,v010,B,0,0,a015-q07-r000,0,valid,0,0,1,0
a015,q07,transactional,v011,A,0,0,a015-q07-r000,0,valid,0,0,1,0
a015,q07,transactional,v012,B,0,0,a015-q07-r000,0,valid,0,0,1,0
a015,q07,transactional,v013,D,0,0,a015-q07-r000,0,valid,0,0,1,0
a015,q07,transactional,v014,B,0,0,a015-q07-r000,0,valid,0,0,1,0
a015,q07,transactional,v015,C,0,0,a015-q07-r000,0,valid,0,0,1,0
a015,q07,transactional,v016,C,0,0,a015-q07-r000,0,valid,0,0,1,0
a015,q07,transactional,v017,D,0,0,a015-q07-r000,0,valid,0,0,1,0
a015,q07,transactional,v018,B,0,0,a015-q07-r000,0,valid,0,0,1,0
a015,q07,transactional,v019,B,0,0,a015-q07-r000,0,valid,0,0,1,0
a015,q07,transactional,v020,D,0,0,a015-q07-r000,0,valid,0,0,1,0
a015,q07,transactional,v021,A,0,0,a015-q07-r000,0,valid,0,0,1,0
a015,q07,transactional,v022,C,0,0,a015-q07-r000,0,valid,0,0,1,0
a015,q07,transactional,v023,C,0,0,a015-q07-r000,0,valid,0,0,1,0
a015,q07,transactional,v024,C,0,0,a015-q07-r000,0,valid,0,0,1,0
a015,q07,transactional,v025,C,0,0,a015-q07-r000,0,valid,0,0,1,0
a015,q07,transactional,v026,A,0,0,a015-q07-r000,0,valid,0,0,1,0
a015,q07,transactional,v027,D,0,0,a015-q07-r000,0,valid,0,0,1,0
a015,q07,transactional,v028,D,0,0,a015-q07-r000,0,valid,0,0,1,0
a015,q07,transactional,v029,A,0,0,a015-q07-r000,0,valid,0,0,1,0
a015,q07,transactional,v030,A,0,0,a015-q07-r000,0,valid,0,0,1,0
a015,q07,transactional,v031,D,0,0,a015-q07-r000,0,valid,0,0,1,0
a015,q07,transactional,v032,A,0,0,a015-q07-r000,0,valid,0,0,1,0
a015,q08,transactional,v001,D,1,1,a015-q08-r000,0,valid,1,1,0,0
a015,q08,transactional,v002,B,0,0,a015-q08-r000,0,valid,0,0,0,0
a015,q08,transactional,v003,A,0,0,a015-q08-r000,0,valid,0,0,0,0
a015,q08,transactional,v004,A,0,0,a015-q08-r000,0,valid,0,0,0,0
a015,q08,transactional,v005,D,1,1,a015-q08-r000,0,valid,1,1,0,0
a015,q08,transactional,v006,B,0,0,a015-q08-r000,0,valid,0,0,0,0
a015,q08,transactional,v007,C,0,0,a015-q08-r000,0,valid,0,0,0,0
a015,q08,transactional,v008,C,0,0,a015-q08-r000,0,valid,0,0,0,0
a015,q08,transactional,v009,B,0,0,a015-q08-r000,0,valid,0,0,0,0
a015,q08,transactional,v010,B,0,0,a015-q08-r000,0,valid,0,0,0,0
a015,q08,transactional,v011,A,0,0,a015-q08-r000,0,valid,0,0,0,0
a015,q08,transactional,v012,B,0,0,a015-q08-r000,0,valid,0,0,0,0
a015,q08,transactional,v013,D,0,0,a015-q08-r000,0,valid,0,0,0,0
a015,q08,transactional,v014,B,0,0,a015-q08-r000,0,valid,0,0,0,0
a015,q08,transactional,v015,C,0,0,a015-q08-r000,0,valid,0,0,0,0
a015,q08,transactional,v016,C,0,0,a015-q08-r000,0,valid,0,0,0,0
a015,q08,transactional,v017,D,0,0,a015-q08-r000,0,valid,0,0,0,0
a015,q08,transactional,v018,B,0,0,a015-q08-r000,0,valid,0,0,0,0
a015,q08,transactional,v019,B,0,0,a015-q08-r000,0,valid,0,0,0,0
a015,q08,transactional,v020,D,0,0,a015-q08-r000,0,valid,0,0,0,0
a015,q08,transactional,v021,A,0,0,a015-q08-r000,0,valid,0,0,0,0
a015,q08,transactional,v022,C,0,0,a015-q08-r000,0,valid,0,0,0,0
a015,q08,transactional,v023,C,0,0,a015-q08-r000,0,valid,0,0,0,0
a015,q08,transactional,v024,C,0,0,a015-q08-r000,0,valid,0,0,0,0
a015,q08,transactional,v025,C,0,0,a015-q08-r000,0,valid,0,0,0,0
a015,q08,transactional,v026,A,0,0,a015-q08-r000,0,valid,0,0,0,0
a015,q08,transactional,v027,D,0,0,a015-q08-r000,0,valid,0,0,0,0
a015,q08,transactional,v028,D,0,0,a015-q08-r000,0,valid,0,0,0,0
a015,q08,transactional,v029,A,0,0,a015-q08-r000,0,valid,0,0,0,0
a015,q08,transactional,v030,A,0,0,a015-q08-r000,0,valid,0,0,0,0
a015,q08,transactional,v031,D,0,0,a015-q08-r000,0,valid,0,0,0,0
a015,q08,transactional,v032,A,0,0,a015-q08-r000,0,valid,0,0,0,0
a015,q09,transactional,v001,D,0,0,a015-q09-r000,0,valid,0,0,1,0
a015,q09,transactional,v002,B,0,0,a015-q09-r000,0,valid,0,0,1,0
a015,q09,transactional,v003,A,0,0,a015-q09-r000,0,valid,0,0,1,0
a015,q09,transactional,v004,A,0,0,a015-q09-r000,0,valid,0,0,1,0
a015,q09,transactional,v005,D,0,0,a015-q09-r000,0,valid,0,0,1,0
a015,q09,transactional,v006,B,0,0,a015-q09-r000,0,valid,0,0,1,0
a015,q09,transactional,v007,C,0,0,a015-q09-r000,0,valid,0,0,1,0
a015,q09,transactional,v008,C,0,0,a015-q09-r000,0,valid,0,0,1,0
a015,q09,transactional,v009,B,0,0,a015-q09-r000,0,valid,0,0,1,0
a015,q09,transactional,v010,B,0,0,a015-q09-r000,0,valid,0,0,1,0
a015,q09,transactional,v011,A,0,0,a015-q09-r000,0,valid,0,0,1,0
a015,q09,transactional,v012,B,0,0,a015-q09-r000,0,valid,0,0,1,0
a015,q09,transactional,v013,D,0,0,a015-q09-r000,0,valid,0,0,1,0
a015,q09,transactional,v014,B,0,0,a015-q09-r000,0,valid,0,0,1,0
a015,q09,transactional,v015,C,0,0,a015-q09-r000,0,valid,0,0,1,0
a015,q09,transactional,v016,C,0,0,a015-q09-r000,0,valid,0,0,1,0
a015,q09,transactional,v017,D,0,0,a015-q09-r000,0,valid,0,0,1,0
a015,q09,transactional,v018,B,0,0,a015-q09-r000,0,valid,0,0,1,0
a015,q09,transactional,v019,B,0,0,a015-q09-r000,0,valid,0,0,1,0
a015,q09,transactional,v020,D,0,0,a015-q09-r000,0,valid,0,0,1,0
a015,q09,transactional,v021,A,0,0,a015-q09-r000,0,valid,0,0,1,0
a015,q09,transactional,v022,C,0,0,a015-q09-r000,0,valid,0,0,1,0
a015,q09,transactional,v023,C,0,0,a015-q09-r000,0,valid,0,0,1,0
a015,q09,transactional,v024,C,0,0,a015-q09-r000,0,valid,0,0,1,0
a015,q09,transactional,v025,C,0,0,a015-q09-r000,0,valid,0,0,1,0
a015,q09,transactional,v026,A,0,0,a015-q09-r000,0,valid,0,0,1,0
a015,q09,transactional,v027,D,0,0,a015-q09-r000,0,valid,0,0,1,0
a015,q09,transactional,v028,D,0,0,a015-q09-r000,0,valid,0,0,1,0
a015,q09,transactional,v029,A,0,0,a015-q09-r000,0,valid,0,0,1,0
a015,q09,transactional,v030,A,0,0,a015-q09-r000,0,valid,0,0,1,0
a015,q09,transactional,v031,D,0,0,a015-q09-r000,0,valid,0,0,1,0
a015,q09,transactional,v032,A,0,0,a015-q09-r000,0,valid,0,0,1,0
a015,q10,transactional,v001,D,0,0,a015-q10-r000,0,valid,0,0,1,0
a015,q10,transactional,v002,B,0,0,a015-q10-r000,0,valid,0,0,1,0
a015,q10,transactional,v003,A,0,0,a015-q10-r000,0,valid,0,0,1,0
a015,q10,transactional,v004,A,0,0,a015-q10-r000,0,valid,0,0,1,0
a015,q10,transactional,v005,D,0,0,a015-q10-r000,0,valid,0,0,1,0
a015,q10,transactional,v006,B,0,0,a015-q10-r000,0,valid,0,0,1,0
a015,q10,transactional,v007,C,0,0,a015-q10-r000,0,valid,0,0,1,0
a015,q10,transactional,v008,C,0,0,a015-q10-r000,0,valid,0,0,1,0
a015,q10,transactional,v009,B,0,0,a015-q10-r000,0,valid,0,0,1,0
a015,q10,transactional,v010,B,0,0,a015-q10-r000,0,valid,0,0,1,0
a015,q10,transactional,v011,A,0,0,a015-q10-r000,0,valid,0,0,1,0
a015,q10,transactional,v012,B,0,0,a015-q10-r000,0,valid,0,0,1,0
a015,q10,transactional,v013,D,0,0,a015-q10-r000,0,valid,0,0,1,0
a015,q10,transactional,v014,B,0,0,a015-q10-r000,0,valid,0,0,1,0
a015,q10,transactional,v015,C,0,0,a015-q10-r000,0,valid,0,0,1,0
a015,q10,transactional,v016,C,0,0,a015-q10-r000,0,valid,0,0,1,0
a015,q10,transactional,v017,D,0,0,a015-q10-r000,0,valid,0,0,1,0
a015,q10,transactional,v018,B,0,0,a015-q10-r000,0,valid,0,0,1,0
a015,q10,transactional,v019,B,0,0,a015-q10-r000,0,valid,0,0,1,0
a015,q10,transactional,v020,D,0,0,a015-q10-r000,0,valid,0,0,1,0
a015,q10,transactional,v021,A,0,0,a015-q10-r000,0,valid,0,0,1,0
a015,q10,transactional,v022,C,0,0,a015-q10-r000,0,valid,0,0,1,0
a015,q10,transactional,v023,C,0,0,a015-q10-r000,0,valid,0,0,1,0
a015,q10,transactional,v024,C,0,0,a015-q10-r000,0,valid,0,0,1,0
a015,q10,transactional,v025,C,0,0,a015-q10-r000,0,valid,0,0,1,0
a015,q10,transactional,v026,A,0,0,a015-q10-r000,0,valid,0,0,1,0
a015,q10,transactional,v027,D,0,0,a015-q10-r000,0,valid,0,0,1,0
a015,q10,transactional,v028,D,0,0,a015-q10-r000,0,valid,0,0,1,0
a015,q10,transactional,v029,A,0,0,a015-q10-r000,0,valid,0,0,1,0
a015,q10,transactional,v030,A,0,0,a015-q10-r000,0,valid,0,0,1,0
a015,q10,transactional,v031,D,0,0,a015-q10-r000,0,valid,0,0,1,0
a015,q10,transactional,v032,A,0,0,a015-q10-r000,0,valid,0,0,1,0
a015,q11,transactional,v001,D,0,0,a015-q11-r000,0,valid,0,0,1,0
a015,q11,transactional,v002,B,0,0,a015-q11-r000,0,valid,0,0,1,0
a015,q11,transactional,v003,A,0,0,a015-q11-r000,0,valid,0,0,1,0
a015,q11,transactional,v004,A,0,0,a015-q11-r000,0,valid,0,0,1,0
a015,q11,transactional,v005,D,0,0,a015-q11-r000,0,valid,0,0,1,0
a015,q11,transactional,v006,B,0,0,a015-q11-r000,0,valid,0,0,1,0
a015,q11,transactional,v007,C,0,0,a015-q11-r000,0,valid,0,0,1,0
a015,q11,transactional,v008,C,0,0,a015-q11-r000,0,valid,0,0,1,0
a015,q11,transactional,v009,B,0,0,a015-q11-r000,0,valid,0,0,1,0
a015,q11,transactional,v010,B,0,0,a015-q11-r000,0,valid,0,0,1,0
a015,q11,transactional,v011,A,0,0,a015-q11-r000,0,valid,0,0,1,0
a015,q11,transactional,v012,B,0,0,a015-q11-r000,0,valid,0,0,1,0
a015,q11,transactional,v013,D,0,0,a015-q11-r000,0,valid,0,0,1,0
a015,q11,transactional,v014,B,0,0,a015-q11-r000,0,valid,0,0,1,0
a015,q11,transactional,v015,C,0,0,a015-q11-r000,0,valid,0,0,1,0
a015,q11,transactional,v016,C,0,0,a015-q11-r000,0,valid,0,0,1,0
a015,q11,transactional,v017,D,0,0,a015-q11-r000,0,valid,0,0,1,0
a015,q11,transactional,v018,B,0,0,a015-q11-r000,0,valid,0,0,1,0
a015,q11,transactional,v019,B,0,0,a015-q11-r000,0,valid,0,0,1,0
a015,q11,transactional,v020,D,0,0,a015-q11-r000,0,valid,0,0,1,0
a015,q11,transactional,v021,A,0,0,a015-q11-r000,0,valid,0,0,1,0
a015,q11,transactional,v022,C,0,0,a015-q11-r000,0,valid,0,0,1,0
a015,q11,transactional,v023,C,0,0,a015-q11-r000,0,valid,0,0,1,0
a015,q11,transactional,v024,C,0,0,a015-q11-r000,0,valid,0,0,1,0
a015,q11,transactional,v025,C,0,0,a015-q11-r000,0,valid,0,0,1,0
a015,q11,transactional,v026,A,0,0,a015-q11-r000,0,valid,0,0,1,0
a015,q11,transactional,v027,D,0,0,a015-q11-r000,0,valid,0,0,1,0
a015,q11,transactional,v028,D,0,0,a015-q11-r000,0,valid,0,0,1,0
a015,q11,transactional,v029,A,0,0,a015-q11-r000,0,valid,0,0,1,0
a015,q11,transactional,v030,A,0,0,a015-q11-r000,0,valid,0,0,1,0
a015,q11,transactional,v031,D,0,0,a015-q11-r000,0,valid,0,0,1,0
a015,q11,transactional,v032,A,0,0,a015-q11-r000,0,valid,0,0,1,0
a015,q12,transactional,v001,D,0,0,a015-q12-r000,0,valid,0,0,1,0
a015,q12,transactional,v002,B,0,0,a015-q12-r000,0,valid,0,0,1,0
a015,q12,transactional,v003,A,0,0,a015-q12-r000,0,valid,0,0,1,0
a015,q12,transactional,v004,A,0,0,a015-q12-r000,0,valid,0,0,1,0
a015,q12,transactional,v005,D,0,0,a015-q12-r000,0,valid,0,0,1,0
a015,q12,transactional,v006,B,0,0,a015-q12-r000,0,valid,0,0,1,0
a015,q12,transactional,v007,C,0,0,a015-q12-r000,0,valid,0,0,1,0
a015,q12,transactional,v008,C,0,0,a015-q12-r000,0,valid,0,0,1,0
a015,q12,transactional,v009,B,0,0,a015-q12-r000,0,valid,0,0,1,0
a015,q12,transactional,v010,B,0,0,a015-q12-r000,0,valid,0,0,1,0
a015,q12,transactional,v011,A,0,0,a015-q12-r000,0,valid,0,0,1,0
a015,q12,transactional,v012,B,0,0,a015-q12-r000,0,valid,0,0,1,0
a015,q12,transactional,v013,D,0,0,a015-q12-r000,0,valid,0,0,1,0
a015,q12,transactional,v014,B,0,0,a015-q12-r000,0,valid,0,0,1,0
a015,q12,transactional,v015,C,0,0,a015-q12-r000,0,valid,0,0,1,0
a015,q12,transactional,v016,C,0,0,a015-q12-r000,0,valid,0,0,1,0
a015,q12,transactional,v017,D,0,0,a015-q12-r000,0,valid,0,0,1,0
a015,q12,transactional,v018,B,0,0,a015-q12-r000,0,valid,0,0,1,0
a015,q12,transactional,v019,B,0,0,a015-q12-r000,0,valid,0,0,1,0
a015,q12,transactional,v020,D,0,0,a015-q12-r000,0,valid,0,0,1,0
a015,q12,transactional,v021,A,0,0,a015-q12-r000,0,valid,0,0,1,0
a015,q12,transactional,v022,C,0,0,a015-q12-r000,0,valid,0,0,1,0
a015,q12,transactional,v023,C,0,0,a015-q12-r000,0,valid,0,0,1,0
a015,q12,transactional,v024,C,0,0,a015-q12-r000,0,valid,0,0,1,0
a015,q12,transactional,v025,C,0,0,a015-q12-r000,0,valid,0,0,1,0
a015,q12,transactional,v026,A,0,0,a015-q12-r000,0,valid,0,0,1,0
a015,q12,transactional,v027,D,0,0,a015-q12-r000,0,valid,0,0,1,0
a015,q12,transactional,v028,D,0,0,a015-q12-r000,0,valid,0,0,1,0
a015,q12,transactional,v029,A,0,0,a015-q12-r000,0,valid,0,0,1,0
a015,q12,transactional,v030,A,0,0,a015-q12-r000,0,valid,0,0,1,0
a015,q12,transactional,v031,D,0,0,a015-q12-r000,0,valid,0,0,1,0
a015,q12,transactional,v032,A,0,0,a015-q12-r000,0,valid,0,0,1,0
a015,q13,evaluative,v001,D,0,0,a015-q13-r000,0,valid,0,0,1,0
a015,q13,evaluative,v002,B,0,0,a015-q13-r000,0,valid,0,0,1,0
a015,q13,evaluative,v003,A,0,0,a015-q13-r000,0,valid,0,0,1,0
a015,q13,evaluative,v004,A,0,0,a015-q13-r000,0,valid,0,0,1,0
a015,q13,evaluative,v005,D,0,0,a015-q13-r000,0,valid,0,0,1,0
a015,q13,evaluative,v006,B,0,0,a015-q13-r000,0,valid,0,0,1,0
a015,q13,evaluative,v007,C,0,0,a015-q13-r000,0,valid,0,0,1,0
a015,q13,evaluative,v008,C,0,0,a015-q13-r000,0,valid,0,0,1,0
a015,q13,evaluative,v009,B,0,0,a015-q13-r000,0,valid,0,0,1,0
a015,q13,evaluative,v010,B,0,0,a015-q13-r000,0,valid,0,0,1,0
a015,q13,evaluative,v011,A,0,0,a015-q13-r000,0,valid,0,0,1,0
a015,q13,evaluative,v012,B,0,0,a015-q13-r000,0,valid,0,0,1,0
a015,q13,evaluative,v013,D,0,0,a015-q13-r000,0,valid,0,0,1,0
a015,q13,evaluative,v014,B,0,0,a015-q13-r000,0,valid,0,0,1,0
a015,q13,evaluative,v015,C,0,0,a015-q13-r000,0,valid,0,0,1,0
a015,q13,evaluative,v016,C,0,0,a015-q13-r000,0,valid,0,0,1,0
a015,q13,evaluative,v017,D,0,0,a015-q13-r000,0,valid,0,0,1,0
a015,q13,evaluative,v018,B,0,0,a015-q13-r000,0,valid,0,0,1,0
a015,q13,evaluative,v019,B,0,0,a015-q13-r000,0,valid,0,0,1,0
a015,q13,evaluative,v020,D,0,0,a015-q13-r000,0,valid,0,0,1,0
a015,q13,evaluative,v021,A,0,0,a015-q13-r000,0,valid,0,0,1,0
a015,q13,evaluative,v022,C,0,0,a015-q13-r000,0,valid,0,0,1,0
a015,q13,evaluative,v023,C,0,0,a015-q13-r000,0,valid,0,0,1,0
a015,q13,evaluative,v024,C,0,0,a015-q13-r000,0,valid,0,0,1,0
a015,q13,evaluative,v025,C,0,0,a015-q13-r000,0,valid,0,0,1,0
a015,q13,evaluative,v026,A,0,0,a015-q13-r000,0,valid,0,0,1,0
a015,q13,evaluative,v027,D,0,0,a015-q13-r000,0,valid,0,0,1,0
a015,q13,evaluative,v028,D,0,0,a015-q13-r000,0,valid,0,0,1,0
a015,q13,evaluative,v029,A,0,0,a015-q13-r000,0,valid,0,0,1,0
a015,q13,evaluative,v030,A,0,0,a015-q13-r000,0,valid,0,0,1,0
a015,q13,evaluative,v031,D,0,0,a015-q13-r000,0,valid,0,0,1,0
a015,q13,evaluative,v032,A,0,0,a015-q13-r000,0,valid,0,0,1,0
a015,q14,evaluative,v001,D,0,0,a015-q14-r000,0,valid,0,0,1,0
a015,q14,evaluative,v002,B,0,0,a015-q14-r000,0,valid,0,0,1,0
a015,q14,evaluative,v003,A,0,0,a015-q14-r000,0,valid,0,0,1,0
a015,q14,evaluative,v004,A,0,0,a015-q14-r000,0,valid,0,0,1,0
a015,q14,evaluative,v005,D,0,0,a015-q14-r000,0,valid,0,0,1,0
a015,q14,evaluative,v006,B,0,0,a015-q14-r000,0,valid,0,0,1,0
a015,q14,evaluative,v007,C,0,0,a015-q14-r000,0,valid,0,0,1,0
a015,q14,evaluative,v008,C,0,0,a015-q14-r000,0,valid,0,0,1,0
a015,q14,evaluative,v009,B,0,0,a015-q14-r000,0,valid,0,0,1,0
a015,q14,evaluative,v010,B,0,0,a015-q14-r000,0,valid,0,0,1,0
a015,q14,evaluative,v011,A,0,0,a015-q14-r000,0,valid,0,0,1,0
a015,q14,evaluative,v012,B,0,0,a015-q14-r000,0,valid,0,0,1,0
a015,q14,evaluative,v013,D,0,0,a015-q14-r000,0,valid,0,0,1,0
a015,q14,evaluative,v014,B,0,0,a015-q14-r000,0,valid,0,0,1,0
a015,q14,evaluative,v015,C,0,0,a015-q14-r000,0,valid,0,0,1,0
a015,q14,evaluative,v016,C,0,0,a015-q14-r000,0,valid,0,0,1,0
a015,q14,evaluative,v017,D,0,0,a015-q14-r000,0,valid,0,0,1,0
a015,q14,evaluative,v018,B,0,0,a015-q14-r000,0,valid,0,0,1,0
a015,q14,evaluative,v019,B,0,0,a015-q14-r000,0,valid,0,0,1,0
a015,q14,evaluative,v020,D,0,0,a015-q14-r000,0,valid,0,0,1,0
a015,q14,evaluative,v021,A,0,0,a015-q14-r000,0,valid,0,0,1,0
a015,q14,evaluative,v022,C,0,0,a015-q14-r000,0,valid,0,0,1,0
a015,q14,evaluative,v023,C,0,0,a015-q14-r000,0,valid,0,0,1,0
a015,q14,evaluative,v024,C,0,0,a015-q14-r000,0,valid,0,0,1,0
a015,q14,evaluative,v025,C,0,0,a015-q14-r000,0,valid,0,0,1,0
a015,q14,evaluative,v026,A,0,0,a015-q14-r000,0,valid,0,0,1,0
a015,q14,evaluative,v027,D,0,0,a015-q14-r000,0,valid,0,0,1,0
a015,q14,evaluative,v028,D,0,0,a015-q14-r000,0,valid,0,0,1,0
a015,q14,evaluative,v029,A,0,0,a015-q14-r000,0,valid,0,0,1,0
a015,q14,evaluative,v030,A,0,0,a015-q14-r000,0,valid,0,0,1,0
a015,q14,evaluative,v031,D,0,0,a015-q14-r000,0,valid,0,0,1,0
a015,q14,evaluative,v032,A,0,0,a015-q14-r000,0,valid,0,0,1,0
a015,q15,evaluative,v001,D,0,0,a015-q15-r000,0,valid,0,0,0,0
a015,q15,evaluative,v002,B,0,0,a015-q15-r000,0,valid,0,0,0,0
a015,q15,evaluative,v003,A,0,0,a015-q15-r000,0,valid,0,0,0,0
a015,q15,evaluative,v004,A,0,0,a015-q15-r000,0,valid,0,0,0,0
a015,q15,evaluative,v005,D,0,0,a015-q15-r000,0,valid,0,0,0,0
a015,q15,evaluative,v006,B,0,0,a015-q15-r000,0,valid,0,0,0,0
a015,q15,evaluative,v007,C,0,0,a015-q15-r000,0,valid,0,0,0,0
a015,q15,evaluative,v008,C,0,0,a015-q15-r000,0,valid,0,0,0,0
a015,q15,evaluative,v009,B,0,0,a015-q15-r000,0,valid,0,0,0,0
a015,q15,evaluative,v010,B,0,0,a015-q15-r000,0,valid,0,0,0,0
a015,q15,evaluative,v011,A,0,0,a015-q15-r000,0,valid,0,0,0,0
a015,q15,evaluative,v012,B,1,1,a015-q15-r000,0,valid,1,1,0,0
a015,q15,evaluative,v013,D,0,0,a015-q15-r000,0,valid,0,0,0,0
a015,q15,evaluative,v014,B,0,0,a015-q15-r000,0,valid,0,0,0,0
a015,q15,evaluative,v015,C,0,0,a015-q15-r000,0,valid,0,0,0,0
a015,q15,evaluative,v016,C,0,0,a015-q15-r000,0,valid,0,0,0,0
a015,q15,evaluative,v017,D,0,0,a015-q15-r000,0,valid,0,0,0,0
a015,q15,evaluative,v018,B,0,0,a015-q15-r000,0,valid,0,0,0,0
a015,q15,evaluative,v019,B,0,0,a015-q15-r000,0,valid,0,0,0,0
a015,q15,evaluative,v020,D,0,0,a015-q15-r000,0,valid,0,0,0,0
a015,q15,evaluative,v021,A,0,0,a015-q15-r000,0,valid,0,0,0,0
a015,q15,evaluative,v022,C,0,0,a015-q15-r000,0,valid,0,0,0,0
a015,q15,evaluative,v023,C,0,0,a015-q15-r000,0,valid,0,0,0,0
a015,q15,evaluative,v024,C,0,0,a015-q15-r000,0,valid,0,0,0,0
a015,q15,evaluative,v025,C,0,0,a015-q15-r000,0,valid,0,0,0,0
a015,q15,evaluative,v026,A,0,0,a015-q15-r000,0,valid,0,0,0,0
a015,q15,evaluative,v027,D,0,0,a015-q15-r000,0,valid,0,0,0,0
a015,q15,evaluative,v028,D,0,0,a015-q15-r000,0,valid,0,0,0,0
a015,q15,evaluative,v029,A,0,0,a015-q15-r000,0,valid,0,0,0,0
a015,q15,evaluative,v030,A,0,0,a015-q15-r000,0,valid,0,0,0,0
a015,q15,evaluative,v031,D,1,1,a015-q15-r000,0,valid,1,1,0,0
a015,q15,evaluative,v032,A,0,0,a015-q15-r000,0,valid,0,0,0,0
a015,q16,evaluative,v001,D,0,0,a015-q16-r000,0,valid,0,0,0,0
a015,q16,evaluative,v002,B,0,0,a015-q16-r000,0,valid,0,0,0,0
a015,q16,evaluative,v003,A,0,0,a015-q16-r000,0,valid,0,0,0,0
a015,q16,evaluative,v004,A,1,1,a015-q16-r000,0,valid,0,0,0,0
a015,q16,evaluative,v005,D,0,0,a015-q16-r000,0,valid,0,0,0,0
a015,q16,evaluative,v006,B,0,0,a015-q16-r000,0,valid,0,0,0,0
a015,q16,evaluative,v007,C,0,0,a015-q16-r000,0,valid,0,0,0,0
a015,q16,evaluative,v008,C,0,0,a015-q16-r000,0,valid,0,0,0,0
a015,q16,evaluative,v009,B,0,0,a015-q16-r000,0,valid,0,0,0,0
a015,q16,evaluative,v010,B,0,0,a015-q16-r000,0,valid,0,0,0,0
a015,q16,evaluative,v011,A,0,0,a015-q16-r000,0,valid,0,0,0,0
a015,q16,evaluative,v012,B,1,1,a015-q16-r000,0,valid,1,1,0,0
a015,q16,evaluative,v013,D,0,0,a015-q16-r000,0,valid,0,0,0,0
a015,q16,evaluative,v014,B,0,0,a015-q16-r000,0,valid,0,0,0,0
a015,q16,evaluative,v015,C,0,0,a015-q16-r000,0,valid,0,0,0,0
a015,q16,evaluative,v016,C,0,0,a015-q16-r000,0,valid,0,0,0,0
a015,q16,evaluative,v017,D,0,0,a015-q16-r000,0,valid,0,0,0,0
a015,q16,evaluative,v018,B,0,0,a015-q16-r000,0,valid,0,0,0,0
a015,q16,evaluative,v019,B,0,0,a015-q16-r000,0,valid,0,0,0,0
a015,q16,evaluative,v020,D,1,1,a015-q16-r000,0,valid,0,0,0,0
a015,q16,evaluative,v021,A,0,0,a015-q16-r000,0,valid,0,0,0,0
a015,q16,evaluative,v022,C,0,0,a015-q16-r000,0,valid,0,0,0,0
a015,q16,evaluative,v023,C,0,0,a015-q16-r000,0,valid,0,0,0,0
a015,q16,evaluative,v024,C,0,0,a015-q16-r000,0,valid,0,0,0,0
a015,q16,evaluative,v025,C,0,0,a015-q16-r000,0,valid,0,0,0,0
a015,q16,evaluative,v026,A,0,0,a015-q16-r000,0,valid,0,0,0,0
a015,q16,evaluative,v027,D,0,0,a015-q16-r000,0,valid,0,0,0,0
a015,q16,evaluative,v028,D,1,1,a015-q16-r000,0,valid,1,1,0,0
a015,q16,evaluative,v029,A,0,0,a015-q16-r000,0,valid,0,0,0,0
a015,q16,evaluative,v030,A,0,0,a015-q16-r000,0,valid,0,0,0,0
a015,q16,evaluative,v031,D,0,0,a015-q16-r000,0,valid,0,0,0,0
a015,q16,evaluative,v032,A,1,1,a015-q16-r000,0,valid,1,1,0,0
a015,q17,evaluative,v001,D,0,0,a015-q17-r000,0,valid,0,0,0,0
a015,q17,evaluative,v002,B,0,0,a015-q17-r000,0,valid,0,0,0,0
a015,q17,evaluative,v003,A,0,0,a015-q17-r000,0,valid,0,0,0,0
a015,q17,evaluative,v004,A,1,1,a015-q17-r000,0,valid,0,0,0,0
a015,q17,evaluative,v005,D,0,0,a015-q17-r000,0,valid,0,0,0,0
a015,q17,evaluative,v006,B,0,0,a015-q17-r000,0,valid,0,0,0,0
a015,q17,evaluative,v007,C,0,0,a015-q17-r000,0,valid,0,0,0,0
a015,q17,evaluative,v008,C,0,0,a015-q17-r000,0,valid,0,0,0,0
a015,q17,evaluative,v009,B,0,0,a015-q17-r000,0,valid,0,0,0,0
a015,q17,evaluative,v010,B,0,0,a015-q17-r000,0,valid,0,0,0,0
a015,q17,evaluative,v011,A,0,0,a015-q17-r000,0,valid,0,0,0,0
a015,q17,evaluative,v012,B,1,1,a015-q17-r000,0,valid,1,1,0,0
a015,q17,evaluative,v013,D,0,0,a015-q17-r000,0,valid,0,0,0,0
a015,q17,evaluative,v014,B,0,0,a015-q17-r000,0,valid,0,0,0,0
a015,q17,evaluative,v015,C,0,0,a015-q17-r000,0,valid,0,0,0,0
a015,q17,evaluative,v016,C,0,0,a015-q17-r000,0,valid,0,0,0,0
a015,q17,evaluative,v017,D,0,0,a015-q17-r000,0,valid,0,0,0,0
a015,q17,evaluative,v018,B,0,0,a015-q17-r000,0,valid,0,0,0,0
a015,q17,evaluative,v019,B,0,0,a015-q17-r000,0,valid,0,0,0,0
a015,q17,evaluative,v020,D,1,1,a015-q17-r000,0,valid,0,0,0,0
a015,q17,evaluative,v021,A,0,0,a015-q17-r000,0,valid,0,0,0,0
a015,q17,evaluative,v022,C,0,0,a015-q17-r000,0,valid,0,0,0,0
a015,q17,evaluative,v023,C,0,0,a015-q17-r000,0,valid,0,0,0,0
a015,q17,evaluative,v024,C,0,0,a015-q17-r000,0,valid,0,0,0,0
a015,q17,evaluative,v025,C,0,0,a015-q17-r000,0,valid,0,0,0,0
a015,q17,evaluative,v026,A,0,0,a015-q17-r000,0,valid,0,0,0,0
a015,q17,evaluative,v027,D,0,0,a015-q17-r000,0,valid,0,0,0,0
a015,q17,evaluative,v028,D,1,1,a015-q17-r000,0,valid,1,1,0,0
a015,q17,evaluative,v029,A,0,0,a015-q17-r000,0,valid,0,0,0,0
a015,q17,evaluative,v030,A,0,0,a015-q17-r000,0,valid,0,0,0,0
a015,q17,evaluative,v031,D,0,0,a015-q17-r000,0,valid,0,0,0,0
a015,q17,evaluative,v032,A,1,1,a015-q17-r000,0,valid,1,1,0,0
a015,q18,evaluative,v001,D,0,0,a015-q18-r000,0,valid,0,0,1,0
a015,q18,evaluative,v002,B,0,0,a015-q18-r000,0,valid,0,0,1,0
a015,q18,evaluative,v003,A,0,0,a015-q18-r000,0,valid,0,0,1,0
a015,q18,evaluative,v004,A,0,0,a015-q18-r000,0,valid,0,0,1,0
a015,q18,evaluative,v005,D,0,0,a015-q18-r000,0,valid,0,0,1,0
a015,q18,evaluative,v006,B,0,0,a015-q18-r000,0,valid,0,0,1,0
a015,q18,evaluative,v007,C,0,0,a015-q18-r000,0,valid,0,0,1,0
a015,q18,evaluative,v008,C,0,0,a015-q18-r000,0,valid,0,0,1,0
a015,q18,evaluative,v009,B,0,0,a015-q18-r000,0,valid,0,0,1,0
a015,q18,evaluative,v010,B,0,0,a015-q18-r000,0,valid,0,0,1,0
a015,q18,evaluative,v011,A,0,0,a015-q18-r000,0,valid,0,0,1,0
a015,q18,evaluative,v012,B,0,0,a015-q18-r000,0,valid,0,0,1,0
a015,q18,evaluative,v013,D,0,0,a015-q18-r000,0,valid,0,0,1,0
a015,q18,evaluative,v014,B,0,0,a015-q18-r000,0,valid,0,0,1,0
a015,q18,evaluative,v015,C,0,0,a015-q18-r000,0,valid,0,0,1,0
a015,q18,evaluative,v016,C,0,0,a015-q18-r000,0,valid,0,0,1,0
a015,q18,evaluative,v017,D,0,0,a015-q18-r000,0,valid,0,0,1,0
a015,q18,evaluative,v018,B,0,0,a015-q18-r000,0,valid,0,0,1,0
a015,q18,evaluative,v019,B,0,0,a015-q18-r000,0,valid,0,0,1,0
a015,q18,evaluative,v020,D,0,0,a015-q18-r000,0,valid,0,0,1,0
a015,q18,evaluative,v021,A,0,0,a015-q18-r000,0,valid,0,0,1,0
a015,q18,evaluative,v022,C,0,0,a015-q18-r000,0,valid,0,0,1,0
a015,q18,evaluative,v023,C,0,0,a015-q18-r000,0,valid,0,0,1,0
a015,q18,evaluative,v024,C,0,0,a015-q18-r000,0,valid,0,0,1,0
a015,q18,evaluative,v025,C,0,0,a015-q18-r000,0,valid,0,0,1,0
a015,q18,evaluative,v026,A,0,0,a015-q18-r000,0,valid,0,0,1,0
a015,q18,evaluative,v027,D,0,0,a015-q18-r000,0,valid,0,0,1,0
a015,q18,evaluative,v028,D,0,0,a015-q18-r000,0,valid,0,0,1,0
a015,q18,evaluative,v029,A,0,0,a015-q18-r000,0,valid,0,0,1,0
a015,q18,evaluative,v030,A,0,0,a015-q18-r000,0,valid,0,0,1,0
a015,q18,evaluative,v031,D,0,0,a015-q18-r000,0,valid,0,0,1,0
a015,q18,evaluative,v032,A,0,0,a015-q18-r000,0,valid,0,0,1,0
a015,q19,evaluative,v001,D,0,0,a015-q19-r000,0,valid,0,0,1,0
a015,q19,evaluative,v002,B,0,0,a015-q19-r000,0,valid,0,0,1,0
a015,q19,evaluative,v003,A,0,0,a015-q19-r000,0,valid,0,0,1,0
a015,q19,evaluative,v004,A,0,0,a015-q19-r000,0,valid,0,0,1,0
a015,q19,evaluative,v005,D,0,0,a015-q19-r000,0,valid,0,0,1,0
a015,q19,evaluative,v006,B,0,0,a015-q19-r000,0,valid,0,0,1,0
a015,q19,evaluative,v007,C,0,0,a015-q19-r000,0,valid,0,0,1,0
a015,q19,evaluative,v008,C,0,0,a015-q19-r000,0,valid,0,0,1,0
a015,q19,evaluative,v009,B,0,0,a015-q19-r000,0,valid,0,0,1,0
a015,q19,evaluative,v010,B,0,0,a015-q19-r000,0,valid,0,0,1,0
a015,q19,evaluative,v011,A,0,0,a015-q19-r000,0,valid,0,0,1,0
a015,q19,evaluative,v012,B,0,0,a015-q19-r000,0,valid,0,0,1,0
a015,q19,evaluative,v013,D,0,0,a015-q19-r000,0,valid,0,0,1,0
a015,q19,evaluative,v014,B,0,0,a015-q19-r000,0,valid,0,0,1,0
a015,q19,evaluative,v015,C,0,0,a015-q19-r000,0,valid,0,0,1,0
a015,q19,evaluative,v016,C,0,0,a015-q19-r000,0,valid,0,0,1,0
a015,q19,evaluative,v017,D,0,0,a015-q19-r000,0,valid,0,0,1,0
a015,q19,evaluative,v018,B,0,0,a015-q19-r000,0,valid,0,0,1,0
a015,q19,evaluative,v019,B,0,0,a015-q19-r000,0,valid,0,0,1,0
a015,q19,evaluative,v020,D,0,0,a015-q19-r000,0,valid,0,0,1,0
a015,q19,evaluative,v021,A,0,0,a015-q19-r000,0,valid,0,0,1,0
a015,q19,evaluative,v022,C,0,0,a015-q19-r000,0,valid,0,0,1,0
a015,q19,evaluative,v023,C,0,0,a015-q19-r000,0,valid,0,0,1,0
a015,q19,evaluative,v024,C,0,0,a015-q19-r000,0,valid,0,0,1,0
a015,q19,evaluative,v025,C,0,0,a015-q19-r000,0,valid,0,0,1,0
a015,q19,evaluative,v026,A,0,0,a015-q19-r000,0,valid,0,0,1,0
a015,q19,evaluative,v027,D,0,0,a015-q19-r000,0,valid,0,0,1,0
a015,q19,evaluative,v028,D,0,0,a015-q19-r000,0,valid,0,0,1,0
a015,q19,evaluative,v029,A,0,0,a015-q19-r000,0,valid,0,0,1,0
a015,q19,evaluative,v030,A,0,0,a015-q19-r000,0,valid,0,0,1,0
a015,q19,evaluative,v031,D,0,0,a015-q19-r000,0,valid,0,0,1,0
a015,q19,evaluative,v032,A,0,0,a015-q19-r000,0,valid,0,0,1,0
a015,q20,evaluative,v001,D,1,1,a015-q20-r000,0,valid,1,1,0,0
a015,q20,evaluative,v002,B,0,0,a015-q20-r000,0,valid,0,0,0,0
a015,q20,evaluative,v003,A,0,0,a015-q20-r000,0,valid,0,0,0,0
a015,q20,evaluative,v004,A,0,0,a015-q20-r000,0,valid,0,0,0,0
a015,q20,evaluative,v005,D,1,1,a015-q20-r000,0,valid,1,1,0,0
a015,q20,evaluative,v006,B,0,0,a015-q20-r000,0,valid,0,0,0,0
a015,q20,evaluative,v007,C,0,0,a015-q20-r000,0,valid,0,0,0,0
a015,q20,evaluative,v008,C,0,0,a015-q20-r000,0,valid,0,0,0,0
a015,q20,evaluative,v009,B,0,0,a015-q20-r000,0,valid,0,0,0,0
a015,q20,evaluative,v010,B,0,0,a015-q20-r000,0,valid,0,0,0,0
a015,q20,evaluative,v011,A,0,0,a015-q20-r000,0,valid,0,0,0,0
a015,q20,evaluative,v012,B,0,0,a015-q20-r000,0,valid,0,0,0,0
a015,q20,evaluative,v013,D,0,0,a015-q20-r000,0,valid,0,0,0,0
a015,q20,evaluative,v014,B,0,0,a015-q20-r000,0,valid,0,0,0,0
a015,q20,evaluative,v015,C,0,0,a015-q20-r000,0,valid,0,0,0,0
a015,q20,evaluative,v016,C,0,0,a015-q20-r000,0,valid,0,0,0,0
a015,q20,evaluative,v017,D,0,0,a015-q20-r000,0,valid,0,0,0,0
a015,q20,evaluative,v018,B,0,0,a015-q20-r000,0,valid,0,0,0,0
a015,q20,evaluative,v019,B,0,0,a015-q20-r000,0,valid,0,0,0,0
a015,q20,evaluative,v020,D,0,0,a015-q20-r000,0,valid,0,0,0,0
a015,q20,evaluative,v021,A,0,0,a015-q20-r000,0,valid,0,0,0,0
a015,q20,evaluative,v022,C,0,0,a015-q20-r000,0,valid,0,0,0,0
a015,q20,evaluative,v023,C,0,0,a015-q20-r000,0,valid,0,0,0,0
a015,q20,evaluative,v024,C,0,0,a015-q20-r000,0,valid,0,0,0,0
a015,q20,evaluative,v025,C,0,0,a015-q20-r000,0,valid,0,0,0,0
a015,q20,evaluative,v026,A,0,0,a015-q20-r000,0,valid,0,0,0,0
a015,q20,evaluative,v027,D,0,0,a015-q20-r000,0,valid,0,0,0,0
a015,q20,evaluative,v028,D,0,0,a015-q20-r000,0,valid,0,0,0,0
a015,q20,evaluative,v029,A,0,0,a015-q20-r000,0,valid,0,0,0,0
a015,q20,evaluative,v030,A,0,0,a015-q20-r000,0,valid,0,0,0,0
a015,q20,evaluative,v031,D,0,0,a015-q20-r000,0,valid,0,0,0,0
a015,q20,evaluative,v032,A,0,0,a015-q20-r000,0,valid,0,0,0,0
a015,q21,evaluative,v001,D,0,0,a015-q21-r000,0,valid,0,0,1,0
a015,q21,evaluative,v002,B,0,0,a015-q21-r000,0,valid,0,0,1,0
a015,q21,evaluative,v003,A,0,0,a015-q21-r000,0,valid,0,0,1,0
a015,q21,evaluative,v004,A,0,0,a015-q21-r000,0,valid,0,0,1,0
a015,q21,evaluative,v005,D,0,0,a015-q21-r000,0,valid,0,0,1,0
a015,q21,evaluative,v006,B,0,0,a015-q21-r000,0,valid,0,0,1,0
a015,q21,evaluative,v007,C,0,0,a015-q21-r000,0,valid,0,0,1,0
a015,q21,evaluative,v008,C,0,0,a015-q21-r000,0,valid,0,0,1,0
a015,q21,evaluative,v009,B,0,0,a015-q21-r000,0,valid,0,0,1,0
a015,q21,evaluative,v010,B,0,0,a015-q21-r000,0,valid,0,0,1,0
a015,q21,evaluative,v011,A,0,0,a015-q21-r000,0,valid,0,0,1,0
a015,q21,evaluative,v012,B,0,0,a015-q21-r000,0,valid,0,0,1,0
a015,q21,evaluative,v013,D,0,0,a015-q21-r000,0,valid,0,0,1,0
a015,q21,evaluative,v014,B,0,0,a015-q21-r000,0,valid,0,0,1,0
a015,q21,evaluative,v015,C,0,0,a015-q21-r000,0,valid,0,0,1,0
a015,q21,evaluative,v016,C,0,0,a015-q21-r000,0,valid,0,0,1,0
a015,q21,evaluative,v017,D,0,0,a015-q21-r000,0,valid,0,0,1,0
a015,q21,evaluative,v018,B,0,0,a015-q21-r000,0,valid,0,0,1,0
a015,q21,evaluative,v019,B,0,0,a015-q21-r000,0,valid,0,0,1,0
a015,q21,evaluative,v020,D,0,0,a015-q21-r000,0,valid,0,0,1,0
a015,q21,evaluative,v021,A,0,0,a015-q21-r000,0,valid,0,0,1,0
a015,q21,evaluative,v022,C,0,0,a015-q21-r000,0,valid,0,0,1,0
a015,q21,evaluative,v023,C,0,0,a015-q21-r000,0,valid,0,0,1,0
a015,q21,evaluative,v024,C,0,0,a015-q21-r000,0,valid,0,0,1,0
a015,q21,evaluative,v025,C,0,0,a015-q21-r000,0,valid,0,0,1,0
a015,q21,evaluative,v026,A,0,0,a015-q21-r000,0,valid,0,0,1,0
a015,q21,evaluative,v027,D,0,0,a015-q21-r000,0,valid,0,0,1,0
a015,q21,evaluative,v028,D,0,0,a015-q21-r000,0,valid,0,0,1,0
a015,q21,evaluative,v029,A,0,0,a015-q21-r000,0,valid,0,0,1,0
a015,q21,evaluative,v030,A,0,0,a015-q21-r000,0,valid,0,0,1,0
a015,q21,evaluative,v031,D,0,0,a015-q21-r000,0,valid,0,0,1,0
a015,q21,evaluative,v032,A,0,0,a015-q21-r000,0,valid,0,0,1,0
a015,q22,evaluative,v001,D,0,0,a015-q22-r000,0,valid,0,0,1,0
a015,q22,evaluative,v002,B,0,0,a015-q22-r000,0,valid,0,0,1,0
a015,q22,evaluative,v003,A,0,0,a015-q22-r000,0,valid,0,0,1,0
a015,q22,evaluative,v004,A,0,0,a015-q22-r000,0,valid,0,0,1,0
a015,q22,evaluative,v005,D,0,0,a015-q22-r000,0,valid,0,0,1,0
a015,q22,evaluative,v006,B,0,0,a015-q22-r000,0,valid,0,0,1,0
a015,q22,evaluative,v007,C,0,0,a015-q22-r000,0,valid,0,0,1,0
a015,q22,evaluative,v008,C,0,0,a015-q22-r000,0,valid,0,0,1,0
a015,q22,evaluative,v009,B,0,0,a015-q22-r000,0,valid,0,0,1,0
a015,q22,evaluative,v010,B,0,0,a015-q22-r000,0,valid,0,0,1,0
a015,q22,evaluative,v011,A,0,0,a015-q22-r000,0,valid,0,0,1,0
a015,q22,evaluative,v012,B,0,0,a015-q22-r000,0,valid,0,0,1,0
a015,q22,evaluative,v013,D,0,0,a015-q22-r000,0,valid,0,0,1,0
a015,q22,evaluative,v014,B,0,0,a015-q22-r000,0,valid,0,0,1,0
a015,q22,evaluative,v015,C,0,0,a015-q22-r000,0,valid,0,0,1,0
a015,q22,evaluative,v016,C,0,0,a015-q22-r000,0,valid,0,0,1,0
a015,q22,evaluative,v017,D,0,0,a015-q22-r000,0,valid,0,0,1,0
a015,q22,evaluative,v018,B,0,0,a015-q22-r000,0,valid,0,0,1,0
a015,q22,evaluative,v019,B,0,0,a015-q22-r000,0,valid,0,0,1,0
a015,q22,evaluative,v020,D,0,0,a015-q22-r000,0,valid,0,0,1,0
a015,q22,evaluative,v021,A,0,0,a015-q22-r000,0,valid,0,0,1,0
a015,q22,evaluative,v022,C,0,0,a015-q22-r000,0,valid,0,0,1,0
a015,q22,evaluative,v023,C,0,0,a015-q22-r000,0,valid,0,0,1,0
a015,q22,evaluative,v024,C,0,0,a015-q22-r000,0,valid,0,0,1,0
a015,q22,evaluative,v025,C,0,0,a015-q22-r000,0,valid,0,0,1,0
a015,q22,evaluative,v026,A,0,0,a015-q22-r000,0,valid,0,0,1,0
a015,q22,evaluative,v027,D,0,0,a015-q22-r000,0,valid,0,0,1,0
a015,q22,evaluative,v028,D,0,0,a015-q22-r000,0,valid,0,0,1,0
a015,q22,evaluative,v029,A,0,0,a015-q22-r000,0,valid,0,0,1,0
a015,q22,evaluative,v030,A,0,0,a015-q22-r000,0,valid,0,0,1,0
a015,q22,evaluative,v031,D,0,0,a015-q22-r000,0,valid,0,0,1,0
a015,q22,evaluative,v032,A,0,0,a015-q22-r000,0,valid,0,0,1,0
a015,q23,evaluative,v001,D,0,0,a015-q23-r000,0,valid,0,0,0,0
a015,q23,evaluative,v002,B,0,0,a015-q23-r000,0,valid,0,0,0,0
a015,q23,evaluative,v003,A,1,1,a015-q23-r000,0,valid,1,1,0,0
a015,q23,evaluative,v004,A,0,0,a015-q23-r000,0,valid,0,0,0,0
a015,q23,evaluative,v005,D,0,0,a015-q23-r000,0,valid,0,0,0,0
a015,q23,evaluative,v006,B,0,0,a015-q23-r000,0,valid,0,0,0,0
a015,q23,evaluative,v007,C,0,0,a015-q23-r000,0,valid,0,0,0,0
a015,q23,evaluative,v008,C,0,0,a015-q23-r000,0,valid,0,0,0,0
a015,q23,evaluative,v009,B,0,0,a015-q23-r000,0,valid,0,0,0,0
a015,q23,evaluative,v010,B,0,0,a015-q23-r000,0,valid,0,0,0,0
a015,q23,evaluative,v011,A,1,1,a015-q23-r000,0,valid,1,1,0,0
a015,q23,evaluative,v012,B,0,0,a015-q23-r000,0,valid,0,0,0,0
a015,q23,evaluative,v013,D,0,0,a015-q23-r000,0,valid,0,0,0,0
a015,q23,evaluative,v014,B,0,0,a015-q23-r000,0,valid,0,0,0,0
a015,q23,evaluative,v015,C,0,0,a015-q23-r000,0,valid,0,0,0,0
a015,q23,evaluative,v016,C,0,0,a015-q23-r000,0,valid,0,0,0,0
a015,q23,evaluative,v017,D,0,0,a015-q23-r000,0,valid,0,0,0,0
a015,q23,evaluative,v018,B,0,0,a015-q23-r000,0,valid,0,0,0,0
a015,q23,evaluative,v019,B,0,0,a015-q23-r000,0,valid,0,0,0,0
a015,q23,evaluative,v020,D,0,0,a015-q23-r000,0,valid,0,0,0,0
a015,q23,evaluative,v021,A,0,0,a015-q23-r000,0,valid,0,0,0,0
a015,q23,evaluative,v022,C,0,0,a015-q23-r000,0,valid,0,0,0,0
a015,q23,evaluative,v023,C,0,0,a015-q23-r000,0,valid,0,0,0,0
a015,q23,evaluative,v024,C,0,0,a015-q23-r000,0,valid,0,0,0,0
a015,q23,evaluative,v025,C,0,0,a015-q23-r000,0,valid,0,0,0,0
a015,q23,evaluative,v026,A,0,0,a015-q23-r000,0,valid,0,0,0,0
a015,q23,evaluative,v027,D,0,0,a015-q23-r000,0,valid,0,0,0,0
a015,q23,evaluative,v028,D,0,0,a015-q23-r000,0,valid,0,0,0,0
a015,q23,evaluative,v029,A,0,0,a015-q23-r000,0,valid,0,0,0,0
a015,q23,evaluative,v030,A,0,0,a015-q23-r000,0,valid,0,0,0,0
a015,q23,evaluative,v031,D,1,1,a015-q23-r000,0,valid,1,1,0,0
a015,q23,evaluative,v032,A,0,0,a015-q23-r000,0,valid,0,0,0,0
a015,q24,evaluative,v001,D,0,0,a015-q24-r000,0,valid,0,0,1,0
a015,q24,evaluative,v002,B,0,0,a015-q24-r000,0,valid,0,0,1,0
a015,q24,evaluative,v003,A,0,0,a015-q24-r000,0,valid,0,0,1,0
a015,q24,evaluative,v004,A,0,0,a015-q24-r000,0,valid,0,0,1,0
a015,q24,evaluative,v005,D,0,0,a015-q24-r000,0,valid,0,0,1,0
a015,q24,evaluative,v006,B,0,0,a015-q24-r000,0,valid,0,0,1,0
a015,q24,evaluative,v007,C,0,0,a015-q24-r000,0,valid,0,0,1,0
a015,q24,evaluative,v008,C,0,0,a015-q24-r000,0,valid,0,0,1,0
a015,q24,evaluative,v009,B,0,0,a015-q24-r000,0,valid,0,0,1,0
a015,q24,evaluative,v010,B,0,0,a015-q24-r000,0,valid,0,0,1,0
a015,q24,evaluative,v011,A,0,0,a015-q24-r000,0,valid,0,0,1,0
a015,q24,evaluative,v012,B,0,0,a015-q24-r000,0,valid,0,0,1,0
a015,q24,evaluative,v013,D,0,0,a015-q24-r000,0,valid,0,0,1,0
a015,q24,evaluative,v014,B,0,0,a015-q24-r000,0,valid,0,0,1,0
a015,q24,evaluative,v015,C,0,0,a015-q24-r000,0,valid,0,0,1,0
a015,q24,evaluative,v016,C,0,0,a015-q24-r000,0,valid,0,0,1,0
a015,q24,evaluative,v017,D,0,0,a015-q24-r000,0,valid,0,0,1,0
a015,q24,evaluative,v018,B,0,0,a015-q24-r000,0,valid,0,0,1,0
a015,q24,evaluative,v019,B,0,0,a015-q24-r000,0,valid,0,0,1,0
a015,q24,evaluative,v020,D,0,0,a015-q24-r000,0,valid,0,0,1,0
a015,q24,evaluative,v021,A,0,0,a015-q24-r000,0,valid,0,0,1,0
a015,q24,evaluative,v022,C,0,0,a015-q24-r000,0,valid,0,0,1,0
a015,q24,evaluative,v023,C,0,0,a015-q24-r000,0,valid,0,0,1,0
a015,q24,evaluative,v024,C,0,0,a015-q24-r000,0,valid,0,0,1,0
a015,q24,evaluative,v025,C,0,0,a015-q24-r000,0,valid,0,0,1,0
a015,q24,evaluative,v026,A,0,0,a015-q24-r000,0,valid,0,0,1,0
a015,q24,evaluative,v027,D,0,0,a015-q24-r000,0,valid,0,0,1,0
a015,q24,evaluative,v028,D,0,0,a015-q24-r000,0,valid,0,0,1,0
a015,q24,evaluative,v029,A,0,0,a015-q24-r000,0,valid,0,0,1,0
a015,q24,evaluative,v030,A,0,0,a015-q24-r000,0,valid,0,0,1,0
a015,q24,evaluative,v031,D,0,0,a015-q24-r000,0,valid,0,0,1,0
a015,q24,evaluative,v032,A,0,0,a015-q24-r000,0,valid,0,0,1,0
a016,q01,transactional,v001,D,0,0,a016-q01-r000,0,valid,0,0,1,0
a016,q01,transactional,v002,B,0,0,a016-q01-r000,0,valid,0,0,1,0
a016,q01,transactional,v003,A,0,0,a016-q01-r000,0,valid,0,0,1,0
a016,q01,transactional,v004,D,0,0,a016-q01-r000,0,valid,0,0,1,0
a016,q01,transactional,v005,A,0,0,a016-q01-r000,0,valid,0,0,1,0
a016,q01,transactional,v006,C,0,0,a016-q01-r000,0,valid,0,0,1,0
a016,q01,transactional,v007,A,0,0,a016-q01-r000,0,valid,0,0,1,0
a016,q01,transactional,v008,B,0,0,a016-q01-r000,0,valid,0,0,1,0
a016,q01,transactional,v009,B,0,0,a016-q01-r000,0,valid,0,0,1,0
a016,q01,transactional,v010,C,0,0,a016-q01-r000,0,valid,0,0,1,0
a016,q01,transactional,v011,D,0,0,a016-q01-r000,0,valid,0,0,1,0
a016,q01,transactional,v012,C,0,0,a016-q01-r000,0,valid,0,0,1,0
a016,q01,transactional,v013,A,0,0,a016-q01-r000,0,valid,0,0,1,0
a016,q01,transactional,v014,C,0,0,a016-q01-r000,0,valid,0,0,1,0
a016,q01,transactional,v015,C,0,0,a016-q01-r000,0,valid,0,0,1,0
a016,q01,transactional,v016,C,0,0,a016-q01-r000,0,valid,0,0,1,0
a016,q01,transactional,v017,A,0,0,a016-q01-r000,0,valid,0,0,1,0
a016,q01,transactional,v018,B,0,0,a016-q01-r000,0,valid,0,0,1,0
a016,q01,transactional,v019,B,0,0,a016-q01-r000,0,valid,0,0,1,0
a016,q01,transactional,v020,B,0,0,a016-q01-r000,0,valid,0,0,1,0
a016,q01,transactional,v021,C,0,0,a016-q01-r000,0,valid,0,0,1,0
a016,q01,transactional,v022,B,0,0,a016-q01-r000,0,valid,0,0,1,0
a016,q01,transactional,v023,D,0,0,a016-q01-r000,0,valid,0,0,1,0
a016,q01,transactional,v024,D,0,0,a016-q01-r000,0,valid,0,0,1,0
a016,q01,transactional,v025,D,0,0,a016-q01-r000,0,valid,0,0,1,0
a016,q01,transactional,v026,D,0,0,a016-q01-r000,0,valid,0,0,1,0
a016,q01,transactional,v027,A,0,0,a016-q01-r000,0,valid,0,0,1,0
a016,q01,transactional,v028,D,0,0,a016-q01-r000,0,valid,0,0,1,0
a016,q01,transactional,v029,B,0,0,a016-q01-r000,0,valid,0,0,1,0
a016,q01,transactional,v030,A,0,0,a016-q01-r000,0,valid,0,0,1,0
a016,q01,transactional,v031,C,0,0,a016-q01-r000,0,valid,0,0,1,0
a016,q01,transactional,v032,A,0,0,a016-q01-r000,0,valid,0,0,1,0
a016,q02,transactional,v001,D,0,0,a016-q02-r000,0,valid,0,0,1,0
a016,q02,transactional,v002,B,0,0,a016-q02-r000,0,valid,0,0,1,0
a016,q02,transactional,v003,A,0,0,a016-q02-r000,0,valid,0,0,1,0
a016,q02,transactional,v004,D,0,0,a016-q02-r000,0,valid,0,0,1,0
a016,q02,transactional,v005,A,0,0,a016-q02-r000,0,valid,0,0,1,0
a016,q02,transactional,v006,C,0,0,a016-q02-r000,0,valid,0,0,1,0
a016,q02,transactional,v007,A,0,0,a016-q02-r000,0,valid,0,0,1,0
a016,q02,transactional,v008,B,0,0,a016-q02-r000,0,valid,0,0,1,0
a016,q02,transactional,v009,B,0,0,a016-q02-r000,0,valid,0,0,1,0
a016,q02,transactional,v010,C,0,0,a016-q02-r000,0,valid,0,0,1,0
a016,q02,transactional,v011,D,0,0,a016-q02-r000,0,valid,0,0,1,0
a016,q02,transactional,v012,C,0,0,a016-q02-r000,0,valid,0,0,1,0
a016,q02,transactional,v013,A,0,0,a016-q02-r000,0,valid,0,0,1,0
a016,q02,transactional,v014,C,0,0,a016-q02-r000,0,valid,0,0,1,0
a016,q02,transactional,v015,C,0,0,a016-q02-r000,0,valid,0,0,1,0
a016,q02,transactional,v016,C,0,0,a016-q02-r000,0,valid,0,0,1,0
a016,q02,transactional,v017,A,0,0,a016-q02-r000,0,valid,0,0,1,0
a016,q02,transactional,v018,B,0,0,a016-q02-r000,0,valid,0,0,1,0
a016,q02,transactional,v019,B,0,0,a016-q02-r000,0,valid,0,0,1,0
a016,q02,transactional,v020,B,0,0,a016-q02-r000,0,valid,0,0,1,0
a016,q02,transactional,v021,C,0,0,a016-q02-r000,0,valid,0,0,1,0
a016,q02,transactional,v022,B,0,0,a016-q02-r000,0,valid,0,0,1,0
a016,q02,transactional,v023,D,0,0,a016-q02-r000,0,valid,0,0,1,0
a016,q02,transactional,v024,D,0,0,a016-q02-r000,0,valid,0,0,1,0
a016,q02,transactional,v025,D,0,0,a016-q02-r000,0,valid,0,0,1,0
a016,q02,transactional,v026,D,0,0,a016-q02-r000,0,valid,0,0,1,0
a016,q02,transactional,v027,A,0,0,a016-q02-r000,0,valid,0,0,1,0
a016,q02,transactional,v028,D,0,0,a016-q02-r000,0,valid,0,0,1,0
a016,q02,transactional,v029,B,0,0,a016-q02-r000,0,valid,0,0,1,0
a016,q02,transactional,v030,A,0,0,a016-q02-r000,0,valid,0,0,1,0
a016,q02,transactional,v031,C,0,0,a016-q02-r000,0,valid,0,0,1,0
a016,q02,transactional,v032,A,0,0,a016-q02-r000,0,valid,0,0,1,0
a016,q03,transactional,v001,D,0,0,a016-q03-r000,0,valid,0,0,0,0
a016,q03,transactional,v002,B,1,1,a016-q03-r000,0,valid,1,1,0,0
a016,q03,transactional,v003,A,0,0,a016-q03-r000,0,valid,0,0,0,0
a016,q03,transactional,v004,D,0,0,a016-q03-r000,0,valid,0,0,0,0
a016,q03,transactional,v005,A,0,0,a016-q03-r000,0,valid,0,0,0,0
a016,q03,transactional,v006,C,0,0,a016-q03-r000,0,valid,0,0,0,0
a016,q03,transactional,v007,A,0,0,a016-q03-r000,0,valid,0,0,0,0
a016,q03,transactional,v008,B,0,0,a016-q03-r000,0,valid,0,0,0,0
a016,q03,transactional,v009,B,0,0,a016-q03-r000,0,valid,0,0,0,0
a016,q03,transactional,v010,C,0,0,a016-q03-r000,0,valid,0,0,0,0
a016,q03,transactional,v011,D,0,0,a016-q03-r000,0,valid,0,0,0,0
a016,q03,transactional,v012,C,0,0,a016-q03-r000,0,valid,0,0,0,0
a016,q03,transactional,v013,A,0,0,a016-q03-r000,0,valid,0,0,0,0
a016,q03,transactional,v014,C,0,0,a016-q03-r000,0,valid,0,0,0,0
a016,q03,transactional,v015,C,0,0,a016-q03-r000,0,valid,0,0,0,0
a016,q03,transactional,v016,C,0,0,a016-q03-r000,0,valid,0,0,0,0
a016,q03,transactional,v017,A,0,0,a016-q03-r000,0,valid,0,0,0,0
a016,q03,transactional,v018,B,0,0,a016-q03-r000,0,valid,0,0,0,0
a016,q03,transactional,v019,B,0,0,a016-q03-r000,0,valid,0,0,0,0
a016,q03,transactional,v020,B,0,0,a016-q03-r000,0,valid,0,0,0,0
a016,q03,transactional,v021,C,0,0,a016-q03-r000,0,valid,0,0,0,0
a016,q03,transactional,v022,B,0,0,a016-q03-r000,0,valid,0,0,0,0
a016,q03,transactional,v023,D,0,0,a016-q03-r000,0,valid,0,0,0,0
a016,q03,transactional,v024,D,0,0,a016-q03-r000,0,valid,0,0,0,0
a016,q03,transactional,v025,D,0,0,a016-q03-r000,0,valid,0,0,0,0
a016,q03,transactional,v026,D,1,1,a016-q03-r000,0,valid,1,1,0,0
a016,q03,transactional,v027,A,0,0,a016-q03-r000,0,valid,0,0,0,0
a016,q03,transactional,v028,D,0,0,a016-q03-r000,0,valid,0,0,0,0
a016,q03,transactional,v029,B,0,0,a016-q03-r000,0,valid,0,0,0,0
a016,q03,transactional,v030,A,0,0,a016-q03-r000,0,valid,0,0,0,0
a016,q03,transactional,v031,C,0,0,a016-q03-r000,0,valid,0,0,0,0
a016,q03,transactional,v032,A,0,0,a016-q03-r000,0,valid,0,0,0,0
a016,q04,transactional,v001,D,1,1,a016-q04-r000,0,valid,1,1,0,0
a016,q04,transactional,v002,B,0,0,a016-q04-r000,0,valid,0,0,0,0
a016,q04,transactional,v003,A,0,0,a016-q04-r000,0,valid,0,0,0,0
a016,q04,transactional,v004,D,0,0,a016-q04-r000,0,valid,0,0,0,0
a016,q04,transactional,v005,A,0,0,a016-q04-r000,0,valid,0,0,0,0
a016,q04,transactional,v006,C,0,0,a016-q04-r000,0,valid,0,0,0,0
a016,q04,transactional,v007,A,0,0,a016-q04-r000,0,valid,0,0,0,0
a016,q04,transactional,v008,B,0,0,a016-q04-r000,0,valid,0,0,0,0
a016,q04,transactional,v009,B,0,0,a016-q04-r000,0,valid,0,0,0,0
a016,q04,transactional,v010,C,0,0,a016-q04-r000,0,valid,0,0,0,0
a016,q04,transactional,v011,D,0,0,a016-q04-r000,0,valid,0,0,0,0
a016,q04,transactional,v012,C,0,0,a016-q04-r000,0,valid,0,0,0,0
a016,q04,transactional,v013,A,1,1,a016-q04-r000,0,valid,1,1,0,0
a016,q04,transactional,v014,C,0,0,a016-q04-r000,0,valid,0,0,0,0
a016,q04,transactional,v015,C,0,0,a016-q04-r000,0,valid,0,0,0,0
a016,q04,transactional,v016,C,0,0,a016-q04-r000,0,valid,0,0,0,0
a016,q04,transactional,v017,A,0,0,a016-q04-r000,0,valid,0,0,0,0
a016,q04,transactional,v018,B,0,0,a016-q04-r000,0,valid,0,0,0,0
a016,q04,transactional,v019,B,0,0,a016-q04-r000,0,valid,0,0,0,0
a016,q04,transactional,v020,B,0,0,a016-q04-r000,0,valid,0,0,0,0
a016,q04,transactional,v021,C,0,0,a016-q04-r000,0,valid,0,0,0,0
a016,q04,transactional,v022,B,0,0,a016-q04-r000,0,valid,0,0,0,0
a016,q04,transactional,v023,D,0,0,a016-q04-r000,0,valid,0,0,0,0
a016,q04,transactional,v024,D,0,0,a016-q04-r000,0,valid,0,0,0,0
a016,q04,transactional,v025,D,0,0,a016-q04-r000,0,valid,0,0,0,0
a016,q04,transactional,v026,D,0,0,a016-q04-r000,0,valid,0,0,0,0
a016,q04,transactional,v027,A,0,0,a016-q04-r000,0,valid,0,0,0,0
a016,q04,transactional,v028,D,0,0,a016-q04-r000,0,valid,0,0,0,0
a016,q04,transactional,v029,B,0,0,a016-q04-r000,0,valid,0,0,0,0
a016,q04,transactional,v030,A,0,0,a016-q04-r000,0,valid,0,0,0,0
a016,q04,transactional,v031,C,0,0,a016-q04-r000,0,valid,0,0,0,0
a016,q04,transactional,v032,A,0,0,a016-q04-r000,0,valid,0,0,0,0
a016,q05,transactional,v001,D,0,0,a016-q05-r000,0,valid,0,0,0,0
a016,q05,transactional,v002,B,0,0,a016-q05-r000,0,valid,0,0,0,0
a016,q05,transactional,v003,A,0,0,a016-q05-r000,0,valid,0,0,0,0
a016,q05,transactional,v004,D,0,0,a016-q05-r000,0,valid,0,0,0,0
a016,q05,transactional,v005,A,0,0,a016-q05-r000,0,valid,0,0,0,0
a016,q05,transactional,v006,C,0,0,a016-q05-r000,0,valid,0,0,0,0
a016,q05,transactional,v007,A,0,0,a016-q05-r000,0,valid,0,0,0,0
a016,q05,transactional,v008,B,1,1,a016-q05-r000,0,valid,1,1,0,0
a016,q05,transactional,v009,B,0,0,a016-q05-r000,0,valid,0,0,0,0
a016,q05,transactional,v010,C,0,0,a016-q05-r000,0,valid,0,0,0,0
a016,q05,transactional,v011,D,0,0,a016-q05-r000,0,valid,0,0,0,0
a016,q05,transactional,v012,C,0,0,a016-q05-r000,0,valid,0,0,0,0
a016,q05,transactional,v013,A,0,0,a016-q05-r000,0,valid,0,0,0,0
a016,q05,transactional,v014,C,0,0,a016-q05-r000,0,valid,0,0,0,0
a016,q05,transactional,v015,C,0,0,a016-q05-r000,0,valid,0,0,0,0
a016,q05,transactional,v016,C,0,0,a016-q05-r000,0,valid,0,0,0,0
a016,q05,transactional,v017,A,0,0,a016-q05-r000,0,valid,0,0,0,0
a016,q05,transactional,v018,B,0,0,a016-q05-r000,0,valid,0,0,0,0
a016,q05,transactional,v019,B,0,0,a016-q05-r000,0,valid,0,0,0,0
a016,q05,transactional,v020,B,1,1,a016-q05-r000,0,valid,1,1,0,0
a016,q05,transactional,v021,C,0,0,a016-q05-r000,0,valid,0,0,0,0
a016,q05,transactional,v022,B,0,0,a016-q05-r000,0,valid,0,0,0,0
a016,q05,transactional,v023,D,0,0,a016-q05-r000,0,valid,0,0,0,0
a016,q05,transactional,v024,D,0,0,a016-q05-r000,0,valid,0,0,0,0
a016,q05,transactional,v025,D,0,0,a016-q05-r000,0,valid,0,0,0,0
a016,q05,transactional,v026,D,0,0,a016-q05-r000,0,valid,0,0,0,0
a016,q05,transactional,v027,A,0,0,a016-q05-r000,0,valid,0,0,0,0
a016,q05,transactional,v028,D,0,0,a016-q05-r000,0,valid,0,0,0,0
a016,q05,transactional,v029,B,0,0,a016-q05-r000,0,valid,0,0,0,0
a016,q05,transactional,v030,A,0,0,a016-q05-r000,0,valid,0,0,0,0
a016,q05,transactional,v031,C,0,0,a016-q05-r000,0,valid,0,0,0,0
a016,q05,transactional,v032,A,0,0,a016-q05-r000,0,valid,0,0,0,0
a016,q06,transactional,v001,D,0,0,a016-q06-r000,0,valid,0,0,1,0
a016,q06,transactional,v002,B,0,0,a016-q06-r000,0,valid,0,0,1,0
a016,q06,transactional,v003,A,0,0,a016-q06-r000,0,valid,0,0,1,0
a016,q06,transactional,v004,D,0,0,a016-q06-r000,0,valid,0,0,1,0
a016,q06,transactional,v005,A,0,0,a016-q06-r000,0,valid,0,0,1,0
a016,q06,transactional,v006,C,0,0,a016-q06-r000,0,valid,0,0,1,0
a016,q06,transactional,v007,A,0,0,a016-q06-r000,0,valid,0,0,1,0
a016,q06,transactional,v008,B,0,0,a016-q06-r000,0,valid,0,0,1,0
a016,q06,transactional,v009,B,0,0,a016-q06-r000,0,valid,0,0,1,0
a016,q06,transactional,v010,C,0,0,a016-q06-r000,0,valid,0,0,1,0
a016,q06,transactional,v011,D,0,0,a016-q06-r000,0,valid,0,0,1,0
a016,q06,transactional,v012,C,0,0,a016-q06-r000,0,valid,0,0,1,0
a016,q06,transactional,v013,A,0,0,a016-q06-r000,0,valid,0,0,1,0
a016,q06,transactional,v014,C,0,0,a016-q06-r000,0,valid,0,0,1,0
a016,q06,transactional,v015,C,0,0,a016-q06-r000,0,valid,0,0,1,0
a016,q06,transactional,v016,C,0,0,a016-q06-r000,0,valid,0,0,1,0
a016,q06,transactional,v017,A,0,0,a016-q06-r000,0,valid,0,0,1,0
a016,q06,transactional,v018,B,0,0,a016-q06-r000,0,valid,0,0,1,0
a016,q06,transactional,v019,B,0,0,a016-q06-r000,0,valid,0,0,1,0
a016,q06,transactional,v020,B,0,0,a016-q06-r000,0,valid,0,0,1,0
a016,q06,transactional,v021,C,0,0,a016-q06-r000,0,valid,0,0,1,0
a016,q06,transactional,v022,B,0,0,a016-q06-r000,0,valid,0,0,1,0
a016,q06,transactional,v023,D,0,0,a016-q06-r000,0,valid,0,0,1,0
a016,q06,transactional,v024,D,0,0,a016-q06-r000,0,valid,0,0,1,0
a016,q06,transactional,v025,D,0,0,a016-q06-r000,0,valid,0,0,1,0
a016,q06,transactional,v026,D,0,0,a016-q06-r000,0,valid,0,0,1,0
a016,q06,transactional,v027,A,0,0,a016-q06-r000,0,valid,0,0,1,0
a016,q06,transactional,v028,D,0,0,a016-q06-r000,0,valid,0,0,1,0
a016,q06,transactional,v029,B,0,0,a016-q06-r000,0,valid,0,0,1,0
a016,q06,transactional,v030,A,0,0,a016-q06-r000,0,valid,0,0,1,0
a016,q06,transactional,v031,C,0,0,a016-q06-r000,0,valid,0,0,1,0
a016,q06,transactional,v032,A,0,0,a016-q06-r000,0,valid,0,0,1,0
a016,q07,transactional,v001,D,0,0,a016-q07-r000,0,valid,0,0,1,0
a016,q07,transactional,v002,B,0,0,a016-q07-r000,0,valid,0,0,1,0
a016,q07,transactional,v003,A,0,0,a016-q07-r000,0,valid,0,0,1,0
a016,q07,transactional,v004,D,0,0,a016-q07-r000,0,valid,0,0,1,0
a016,q07,transactional,v005,A,0,0,a016-q07-r000,0,valid,0,0,1,0
a016,q07,transactional,v006,C,0,0,a016-q07-r000,0,valid,0,0,1,0
a016,q07,transactional,v007,A,0,0,a016-q07-r000,0,valid,0,0,1,0
a016,q07,transactional,v008,B,0,0,a016-q07-r000,0,valid,0,0,1,0
a016,q07,transactional,v009,B,0,0,a016-q07-r000,0,valid,0,0,1,0
a016,q07,transactional,v010,C,0,0,a016-q07-r000,0,valid,0,0,1,0
a016,q07,transactional,v011,D,0,0,a016-q07-r000,0,valid,0,0,1,0
a016,q07,transactional,v012,C,0,0,a016-q07-r000,0,valid,0,0,1,0
a016,q07,transactional,v013,A,0,0,a016-q07-r000,0,valid,0,0,1,0
a016,q07,transactional,v014,C,0,0,a016-q07-r000,0,valid,0,0,1,0
a016,q07,transactional,v015,C,0,0,a016-q07-r000,0,valid,0,0,1,0
a016,q07,transactional,v016,C,0,0,a016-q07-r000,0,valid,0,0,1,0
a016,q07,transactional,v017,A,0,0,a016-q07-r000,0,valid,0,0,1,0
a016,q07,transactional,v018,B,0,0,a016-q07-r000,0,valid,0,0,1,0
a016,q07,transactional,v019,B,0,0,a016-q07-r000,0,valid,0,0,1,0
a016,q07,transactional,v020,B,0,0,a016-q07-r000,0,valid,0,0,1,0
a016,q07,transactional,v021,C,0,0,a016-q07-r000,0,valid,0,0,1,0
a016,q07,transactional,v022,B,0,0,a016-q07-r000,0,valid,0,0,1,0
a016,q07,transactional,v023,D,0,0,a016-q07-r000,0,valid,0,0,1,0
a016,q07,transactional,v024,D,0,0,a016-q07-r000,0,valid,0,0,1,0
a016,q07,transactional,v025,D,0,0,a016-q07-r000,0,valid,0,0,1,0
a016,q07,transactional,v026,D,0,0,a016-q07-r000,0,valid,0,0,1,0
a016,q07,transactional,v027,A,0,0,a016-q07-r000,0,valid,0,0,1,0
a016,q07,transactional,v028,D,0,0,a016-q07-r000,0,valid,0,0,1,0
a016,q07,transactional,v029,B,0,0,a016-q07-r000,0,valid,0,0,1,0
a016,q07,transactional,v030,A,0,0,a016-q07-r000,0,valid,0,0,1,0
a016,q07,transactional,v031,C,0,0,a016-q07-r000,0,valid,0,0,1,0
a016,q07,transactional,v032,A,0,0,a016-q07-r000,0,valid,0,0,1,0
a016,q08,transactional,v001,D,1,1,a016-q08-r000,0,valid,1,1,0,0
a016,q08,transactional,v002,B,0,0,a016-q08-r000,0,valid,0,0,0,0
a016,q08,transactional,v003,A,0,0,a016-q08-r000,0,valid,0,0,0,0
a016,q08,transactional,v004,D,0,0,a016-q08-r000,0,valid,0,0,0,0
a016,q08,transactional,v005,A,0,0,a016-q08-r000,0,valid,0,0,0,0
a016,q08,transactional,v006,C,0,0,a016-q08-r000,0,valid,0,0,0,0
a016,q08,transactional,v007,A,0,0,a016-q08-r000,0,valid,0,0,0,0
a016,q08,transactional,v008,B,0,0,a016-q08-r000,0,valid,0,0,0,0
a016,q08,transactional,v009,B,0,0,a016-q08-r000,0,valid,0,0,0,0
a016,q08,transactional,v010,C,0,0,a016-q08-r000,0,valid,0,0,0,0
a016,q08,transactional,v011,D,0,0,a016-q08-r000,0,valid,0,0,0,0
a016,q08,transactional,v012,C,0,0,a016-q08-r000,0,valid,0,0,0,0
a016,q08,transactional,v013,A,1,1,a016-q08-r000,0,valid,1,1,0,0
a016,q08,transactional,v014,C,0,0,a016-q08-r000,0,valid,0,0,0,0
a016,q08,transactional,v015,C,0,0,a016-q08-r000,0,valid,0,0,0,0
a016,q08,transactional,v016,C,0,0,a016-q08-r000,0,valid,0,0,0,0
a016,q08,transactional,v017,A,0,0,a016-q08-r000,0,valid,0,0,0,0
a016,q08,transactional,v018,B,0,0,a016-q08-r000,0,valid,0,0,0,0
a016,q08,transactional,v019,B,0,0,a016-q08-r000,0,valid,0,0,0,0
a016,q08,transactional,v020,B,0,0,a016-q08-r000,0,valid,0,0,0,0
a016,q08,transactional,v021,C,0,0,a016-q08-r000,0,valid,0,0,0,0
a016,q08,transactional,v022,B,0,0,a016-q08-r000,0,valid,0,0,0,0
a016,q08,transactional,v023,D,0,0,a016-q08-r000,0,valid,0,0,0,0
a016,q08,transactional,v024,D,0,0,a016-q08-r000,0,valid,0,0,0,0
a016,q08,transactional,v025,D,0,0,a016-q08-r000,0,valid,0,0,0,0
a016,q08,transactional,v026,D,0,0,a016-q08-r000,0,valid,0,0,0,0
a016,q08,transactional,v027,A,0,0,a016-q08-r000,0,valid,0,0,0,0
a016,q08,transactional,v028,D,0,0,a016-q08-r000,0,valid,0,0,0,0
a016,q08,transactional,v029,B,0,0,a016-q08-r000,0,valid,0,0,0,0
a016,q08,transactional,v030,A,0,0,a016-q08-r000,0,valid,0,0,0,0
a016,q08,transactional,v031,C,0,0,a016-q08-r000,0,valid,0,0,0,0
a016,q08,transactional,v032,A,0,0,a016-q08-r000,0,valid,0,0,0,0
a016,q09,transactional,v001,D,0,0,a016-q09-r000,0,valid,0,0,1,0
a016,q09,transactional,v002,B,0,0,a016-q09-r000,0,valid,0,0,1,0
a016,q09,transactional,v003,A,0,0,a016-q09-r000,0,valid,0,0,1,0
a016,q09,transactional,v004,D,0,0,a016-q09-r000,0,valid,0,0,1,0
a016,q09,transactional,v005,A,0,0,a016-q09-r000,0,valid,0,0,1,0
a016,q09,transactional,v006,C,0,0,a016-q09-r000,0,valid,0,0,1,0
a016,q09,transactional,v007,A,0,0,a016-q09-r000,0,valid,0,0,1,0
a016,q09,transactional,v008,B,0,0,a016-q09-r000,0,valid,0,0,1,0
a016,q09,transactional,v009,B,0,0,a016-q09-r000,0,valid,0,0,1,0
a016,q09,transactional,v010,C,0,0,a016-q09-r000,0,valid,0,0,1,0
a016,q09,transactional,v011,D,0,0,a016-q09-r000,0,valid,0,0,1,0
a016,q09,transactional,v012,C,0,0,a016-q09-r000,0,valid,0,0,1,0
a016,q09,transactional,v013,A,0,0,a016-q09-r000,0,valid,0,0,1,0
a016,q09,transactional,v014,C,0,0,a016-q09-r000,0,valid,0,0,1,0
a016,q09,transactional,v015,C,0,0,a016-q09-r000,0,valid,0,0,1,0
a016,q09,transactional,v016,C,0,0,a016-q09-r000,0,valid,0,0,1,0
a016,q09,transactional,v017,A,0,0,a016-q09-r000,0,valid,0,0,1,0
a016,q09,transactional,v018,B,0,0,a016-q09-r000,0,valid,0,0,1,0
a016,q09,transactional,v019,B,0,0,a016-q09-r000,0,valid,0,0,1,0
a016,q09,transactional,v020,B,0,0,a016-q09-r000,0,valid,0,0,1,0
a016,q09,transactional,v021,C,0,0,a016-q09-r000,0,valid,0,0,1,0
a016,q09,transactional,v022,B,0,0,a016-q09-r000,0,valid,0,0,1,0
a016,q09,transactional,v023,D,0,0,a016-q09-r000,0,valid,0,0,1,0
a016,q09,transactional,v024,D,0,0,a016-q09-r000,0,valid,0,0,1,0
a016,q09,transactional,v025,D,0,0,a016-q09-r000,0,valid,0,0,1,0
a016,q09,transactional,v026,D,0,0,a016-q09-r000,0,valid,0,0,1,0
a016,q09,transactional,v027,A,0,0,a016-q09-r000,0,valid,0,0,1,0
a016,q09,transactional,v028,D,0,0,a016-q09-r000,0,valid,0,0,1,0
a016,q09,transactional,v029,B,0,0,a016-q09-r000,0,valid,0,0,1,0
a016,q09,transactional,v030,A,0,0,a016-q09-r000,0,valid,0,0,1,0
a016,q09,transactional,v031,C,0,0,a016-q09-r000,0,valid,0,0,1,0
a016,q09,transactional,v032,A,0,0,a016-q09-r000,0,valid,0,0,1,0
a016,q10,transactional,v001,D,0,0,a016-q10-r000,0,valid,0,0,1,0
a016,q10,transactional,v002,B,0,0,a016-q10-r000,0,valid,0,0,1,0
a016,q10,transactional,v003,A,0,0,a016-q10-r000,0,valid,0,0,1,0
a016,q10,transactional,v004,D,0,0,a016-q10-r000,0,valid,0,0,1,0
a016,q10,transactional,v005,A,0,0,a016-q10-r000,0,valid,0,0,1,0
a016,q10,transactional,v006,C,0,0,a016-q10-r000,0,valid,0,0,1,0
a016,q10,transactional,v007,A,0,0,a016-q10-r000,0,valid,0,0,1,0
a016,q10,transactional,v008,B,0,0,a016-q10-r000,0,valid,0,0,1,0
a016,q10,transactional,v009,B,0,0,a016-q10-r000,0,valid,0,0,1,0
a016,q10,transactional,v010,C,0,0,a016-q10-r000,0,valid,0,0,1,0
a016,q10,transactional,v011,D,0,0,a016-q10-r000,0,valid,0,0,1,0
a016,q10,transactional,v012,C,0,0,a016-q10-r000,0,valid,0,0,1,0
a016,q10,transactional,v013,A,0,0,a016-q10-r000,0,valid,0,0,1,0
a016,q10,transactional,v014,C,0,0,a016-q10-r000,0,valid,0,0,1,0
a016,q10,transactional,v015,C,0,0,a016-q10-r000,0,valid,0,0,1,0
a016,q10,transactional,v016,C,0,0,a016-q10-r000,0,valid,0,0,1,0
a016,q10,transactional,v017,A,0,0,a016-q10-r000,0,valid,0,0,1,0
a016,q10,transactional,v018,B,0,0,a016-q10-r000,0,valid,0,0,1,0
a016,q10,transactional,v019,B,0,0,a016-q10-r000,0,valid,0,0,1,0
a016,q10,transactional,v020,B,0,0,a016-q10-r000,0,valid,0,0,1,0
a016,q10,transactional,v021,C,0,0,a016-q10-r000,0,valid,0,0,1,0
a016,q10,transactional,v022,B,0,0,a016-q10-r000,0,valid,0,0,1,0
a016,q10,transactional,v023,D,0,0,a016-q10-r000,0,valid,0,0,1,0
a016,q10,transactional,v024,D,0,0,a016-q10-r000,0,valid,0,0,1,0
a016,q10,transactional,v025,D,0,0,a016-q10-r000,0,valid,0,0,1,0
a016,q10,transactional,v026,D,0,0,a016-q10-r000,0,valid,0,0,1,0
a016,q10,transactional,v027,A,0,0,a016-q10-r000,0,valid,0,0,1,0
a016,q10,transactional,v028,D,0,0,a016-q10-r000,0,valid,0,0,1,0
a016,q10,transactional,v029,B,0,0,a016-q10-r000,0,valid,0,0,1,0
a016,q10,transactional,v030,A,0,0,a016-q10-r000,0,valid,0,0,1,0
a016,q10,transactional,v031,C,0,0,a016-q10-r000,0,valid,0,0,1,0
a016,q10,transactional,v032,A,0,0,a016-q10-r000,0,valid,0,0,1,0
a016,q11,transactional,v001,D,1,1,a016-q11-r000,0,valid,1,1,0,0
a016,q11,transactional,v002,B,0,0,a016-q11-r000,0,valid,0,0,0,0
a016,q11,transactional,v003,A,0,0,a016-q11-r000,0,valid,0,0,0,0
a016,q11,transactional,v004,D,0,0,a016-q11-r000,0,valid,0,0,0,0
a016,q11,transactional,v005,A,0,0,a016-q11-r000,0,valid,0,0,0,0
a016,q11,transactional,v006,C,0,0,a016-q11-r000,0,valid,0,0,0,0
a016,q11,transactional,v007,A,0,0,a016-q11-r000,0,valid,0,0,0,0
a016,q11,transactional,v008,B,0,0,a016-q11-r000,0,valid,0,0,0,0
a016,q11,transactional,v009,B,0,0,a016-q11-r000,0,valid,0,0,0,0
a016,q11,transactional,v010,C,0,0,a016-q11-r000,0,valid,0,0,0,0
a016,q11,transactional,v011,D,0,0,a016-q11-r000,0,valid,0,0,0,0
a016,q11,transactional,v012,C,0,0,a016-q11-r000,0,valid,0,0,0,0
a016,q11,transactional,v013,A,1,1,a016-q11-r000,0,valid,1,1,0,0
a016,q11,transactional,v014,C,0,0,a016-q11-r000,0,valid,0,0,0,0
a016,q11,transactional,v015,C,0,0,a016-q11-r000,0,valid,0,0,0,0
a016,q11,transactional,v016,C,0,0,a016-q11-r000,0,valid,0,0,0,0
a016,q11,transactional,v017,A,0,0,a016-q11-r000,0,valid,0,0,0,0
a016,q11,transactional,v018,B,0,0,a016-q11-r000,0,valid,0,0,0,0
a016,q11,transactional,v019,B,0,0,a016-q11-r000,0,valid,0,0,0,0
a016,q11,transactional,v020,B,0,0,a016-q11-r000,0,valid,0,0,0,0
a016,q11,transactional,v021,C,0,0,a016-q11-r000,0,valid,0,0,0,0
a016,q11,transactional,v022,B,0,0,a016-q11-r000,0,valid,0,0,0,0
a016,q11,transactional,v023,D,0,0,a016-q11-r000,0,valid,0,0,0,0
a016,q11,transactional,v024,D,0,0,a016-q11-r000,0,valid,0,0,0,0
a016,q11,transactional,v025,D,1,1,a016-q11-r000,0,valid,1,1,0,0
a016,q11,transactional,v026,D,0,0,a016-q11-r000,0,valid,0,0,0,0
a016,q11,transactional,v027,A,0,0,a016-q11-r000,0,valid,0,0,0,0
a016,q11,transactional,v028,D,0,0,a016-q11-r000,0,valid,0,0,0,0
a016,q11,transactional,v029,B,0,0,a016-q11-r000,0,valid,0,0,0,0
a016,q11,transactional,v030,A,0,0,a016-q11-r000,0,valid,0,0,0,0
a016,q11,transactional,v031,C,0,0,a016-q11-r000,0,valid,0,0,0,0
a016,q11,transactional,v032,A,0,0,a016-q11-r000,0,valid,0,0,0,0
a016,q12,transactional,v001,D,0,0,a016-q12-r000,0,valid,0,0,1,0
a016,q12,transactional,v002,B,0,0,a016-q12-r000,0,valid,0,0,1,0
a016,q12,transactional,v003,A,0,0,a016-q12-r000,0,valid,0,0,1,0
a016,q12,transactional,v004,D,0,0,a016-q12-r000,0,valid,0,0,1,0
a016,q12,transactional,v005,A,0,0,a016-q12-r000,0,valid,0,0,1,0
a016,q12,transactional,v006,C,0,0,a016-q12-r000,0,valid,0,0,1,0
a016,q12,transactional,v007,A,0,0,a016-q12-r000,0,valid,0,0,1,0
a016,q12,transactional,v008,B,0,0,a016-q12-r000,0,valid,0,0,1,0
a016,q12,transactional,v009,B,0,0,a016-q12-r000,0,valid,0,0,1,0
a016,q12,transactional,v010,C,0,0,a016-q12-r000,0,valid,0,0,1,0
a016,q12,transactional,v011,D,0,0,a016-q12-r000,0,valid,0,0,1,0
a016,q12,transactional,v012,C,0,0,a016-q12-r000,0,valid,0,0,1,0
a016,q12,transactional,v013,A,0,0,a016-q12-r000,0,valid,0,0,1,0
a016,q12,transactional,v014,C,0,0,a016-q12-r000,0,valid,0,0,1,0
a016,q12,transactional,v015,C,0,0,a016-q12-r000,0,valid,0,0,1,0
a016,q12,transactional,v016,C,0,0,a016-q12-r000,0,valid,0,0,1,0
a016,q12,transactional,v017,A,0,0,a016-q12-r000,0,valid,0,0,1,0
a016,q12,transactional,v018,B,0,0,a016-q12-r000,0,valid,0,0,1,0
a016,q12,transactional,v019,B,0,0,a016-q12-r000,0,valid,0,0,1,0
a016,q12,transactional,v020,B,0,0,a016-q12-r000,0,valid,0,0,1,0
a016,q12,transactional,v021,C,0,0,a016-q12-r000,0,valid,0,0,1,0
a016,q12,transactional,v022,B,0,0,a016-q12-r000,0,valid,0,0,1,0
a016,q12,transactional,v023,D,0,0,a016-q12-r000,0,valid,0,0,1,0
a016,q12,transactional,v024,D,0,0,a016-q12-r000,0,valid,0,0,1,0
a016,q12,transactional,v025,D,0,0,a016-q12-r000,0,valid,0,0,1,0
a016,q12,transactional,v026,D,0,0,a016-q12-r000,0,valid,0,0,1,0
a016,q12,transactional,v027,A,0,0,a016-q12-r000,0,valid,0,0,1,0
a016,q12,transactional,v028,D,0,0,a016-q12-r000,0,valid,0,0,1,0
a016,q12,transactional,v029,B,0,0,a016-q12-r000,0,valid,0,0,1,0
a016,q12,transactional,v030,A,0,0,a016-q12-r000,0,valid,0,0,1,0
a016,q12,transactional,v031,C,0,0,a016-q12-r000,0,valid,0,0,1,0
a016,q12,transactional,v032,A,0,0,a016-q12-r000,0,valid,0,0,1,0
a016,q13,evaluative,v001,D,0,0,a016-q13-r000,0,valid,0,0,1,0
a016,q13,evaluative,v002,B,0,0,a016-q13-r000,0,valid,0,0,1,0
a016,q13,evaluative,v003,A,0,0,a016-q13-r000,0,valid,0,0,1,0
a016,q13,evaluative,v004,D,0,0,a016-q13-r000,0,valid,0,0,1,0
a016,q13,evaluative,v005,A,0,0,a016-q13-r000,0,valid,0,0,1,0
a016,q13,evaluative,v006,C,0,0,a016-q13-r000,0,valid,0,0,1,0
a016,q13,evaluative,v007,A,0,0,a016-q13-r000,0,valid,0,0,1,0
a016,q13,evaluative,v008,B,0,0,a016-q13-r000,0,valid,0,0,1,0
a016,q13,evaluative,v009,B,0,0,a016-q13-r000,0,valid,0,0,1,0
a016,q13,evaluative,v010,C,0,0,a016-q13-r000,0,valid,0,0,1,0
a016,q13,evaluative,v011,D,0,0,a016-q13-r000,0,valid,0,0,1,0
a016,q13,evaluative,v012,C,0,0,a016-q13-r000,0,valid,0,0,1,0
a016,q13,evaluative,v013,A,0,0,a016-q13-r000,0,valid,0,0,1,0
a016,q13,evaluative,v014,C,0,0,a016-q13-r000,0,valid,0,0,1,0
a016,q13,evaluative,v015,C,0,0,a016-q13-r000,0,valid,0,0,1,0
a016,q13,evaluative,v016,C,0,0,a016-q13-r000,0,valid,0,0,1,0
a016,q13,evaluative,v017,A,0,0,a016-q13-r000,0,valid,0,0,1,0
a016,q13,evaluative,v018,B,0,0,a016-q13-r000,0,valid,0,0,1,0
a016,q13,evaluative,v019,B,0,0,a016-q13-r000,0,valid,0,0,1,0
a016,q13,evaluative,v020,B,0,0,a016-q13-r000,0,valid,0,0,1,0
a016,q13,evaluative,v021,C,0,0,a016-q13-r000,0,valid,0,0,1,0
a016,q13,evaluative,v022,B,0,0,a016-q13-r000,0,valid,0,0,1,0
a016,q13,evaluative,v023,D,0,0,a016-q13-r000,0,valid,0,0,1,0
a016,q13,evaluative,v024,D,0,0,a016-q13-r000,0,valid,0,0,1,0
a016,q13,evaluative,v025,D,0,0,a016-q13-r000,0,valid,0,0,1,0
a016,q13,evaluative,v026,D,0,0,a016-q13-r000,0,valid,0,0,1,0
a016,q13,evaluative,v027,A,0,0,a016-q13-r000,0,valid,0,0,1,0
a016,q13,evaluative,v028,D,0,0,a016-q13-r000,0,valid,0,0,1,0
a016,q13,evaluative,v029,B,0,0,a016-q13-r000,0,valid,0,0,1,0
a016,q13,evaluative,v030,A,0,0,a016-q13-r000,0,valid,0,0,1,0
a016,q13,evaluative,v031,C,0,0,a016-q13-r000,0,valid,0,0,1,0
a016,q13,evaluative,v032,A,0,0,a016-q13-r000,0,valid,0,0,1,0
a016,q14,evaluative,v001,D,0,0,a016-q14-r000,0,valid,0,0,1,0
a016,q14,evaluative,v002,B,0,0,a016-q14-r000,0,valid,0,0,1,0
a016,q14,evaluative,v003,A,0,0,a016-q14-r000,0,valid,0,0,1,0
a016,q14,evaluative,v004,D,0,0,a016-q14-r000,0,valid,0,0,1,0
a016,q14,evaluative,v005,A,0,0,a016-q14-r000,0,valid,0,0,1,0
a016,q14,evaluative,v006,C,0,0,a016-q14-r000,0,valid,0,0,1,0
a016,q14,evaluative,v007,A,0,0,a016-q14-r000,0,valid,0,0,1,0
a016,q14,evaluative,v008,B,0,0,a016-q14-r000,0,valid,0,0,1,0
a016,q14,evaluative,v009,B,0,0,a016-q14-r000,0,valid,0,0,1,0
a016,q14,evaluative,v010,C,0,0,a016-q14-r000,0,valid,0,0,1,0
a016,q14,evaluative,v011,D,0,0,a016-q14-r000,0,valid,0,0,1,0
a016,q14,evaluative,v012,C,0,0,a016-q14-r000,0,valid,0,0,1,0
a016,q14,evaluative,v013,A,0,0,a016-q14-r000,0,valid,0,0,1,0
a016,q14,evaluative,v014,C,0,0,a016-q14-r000,0,valid,0,0,1,0
a016,q14,evaluative,v015,C,0,0,a016-q14-r000,0,valid,0,0,1,0
a016,q14,evaluative,v016,C,0,0,a016-q14-r000,0,valid,0,0,1,0
a016,q14,evaluative,v017,A,0,0,a016-q14-r000,0,valid,0,0,1,0
a016,q14,evaluative,v018,B,0,0,a016-q14-r000,0,valid,0,0,1,0
a016,q14,evaluative,v019,B,0,0,a016-q14-r000,0,valid,0,0,1,0
a016,q14,evaluative,v020,B,0,0,a016-q14-r000,0,valid,0,0,1,0
a016,q14,evaluative,v021,C,0,0,a016-q14-r000,0,valid,0,0,1,0
a016,q14,evaluative,v022,B,0,0,a016-q14-r000,0,valid,0,0,1,0
a016,q14,evaluative,v023,D,0,0,a016-q14-r000,0,valid,0,0,1,0
a016,q14,evaluative,v024,D,0,0,a016-q14-r000,0,valid,0,0,1,0
a016,q14,evaluative,v025,D,0,0,a016-q14-r000,0,valid,0,0,1,0
a016,q14,evaluative,v026,D,0,0,a016-q14-r000,0,valid,0,0,1,0
a016,q14,evaluative,v027,A,0,0,a016-q14-r000,0,valid,0,0,1,0
a016,q14,evaluative,v028,D,0,0,a016-q14-r000,0,valid,0,0,1,0
a016,q14,evaluative,v029,B,0,0,a016-q14-r000,0,valid,0,0,1,0
a016,q14,evaluative,v030,A,0,0,a016-q14-r000,0,valid,0,0,1,0
a016,q14,evaluative,v031,C,0,0,a016-q14-r000,0,valid,0,0,1,0
a016,q14,evaluative,v032,A,0,0,a016-q14-r000,0,valid,0,0,1,0
a016,q15,evaluative,v001,D,0,0,a016-q15-r000,0,valid,0,0,0,0
a016,q15,evaluative,v002,B,0,0,a016-q15-r000,0,valid,0,0,0,0
a016,q15,evaluative,v003,A,0,0,a016-q15-r000,0,valid,0,0,0,0
a016,q15,evaluative,v004,D,0,0,a016-q15-r000,0,valid,0,0,0,0
a016,q15,evaluative,v005,A,0,0,a016-q15-r000,0,valid,0,0,0,0
a016,q15,evaluative,v006,C,0,0,a016-q15-r000,0,valid,0,0,0,0
a016,q15,evaluative,v007,A,1,1,a016-q15-r000,0,valid,1,1,0,0
a016,q15,evaluative,v008,B,0,0,a016-q15-r000,0,valid,0,0,0,0
a016,q15,evaluative,v009,B,0,0,a016-q15-r000,0,valid,0,0,0,0
a016,q15,evaluative,v010,C,0,0,a016-q15-r000,0,valid,0,0,0,0
a016,q15,evaluative,v011,D,0,0,a016-q15-r000,0,valid,0,0,0,0
a016,q15,evaluative,v012,C,0,0,a016-q15-r000,0,valid,0,0,0,0
a016,q15,evaluative,v013,A,0,0,a016-q15-r000,0,valid,0,0,0,0
a016,q15,evaluative,v014,C,0,0,a016-q15-r000,0,valid,0,0,0,0
a016,q15,evaluative,v015,C,0,0,a016-q15-r000,0,valid,0,0,0,0
a016,q15,evaluative,v016,C,0,0,a016-q15-r000,0,valid,0,0,0,0
a016,q15,evaluative,v017,A,0,0,a016-q15-r000,0,valid,0,0,0,0
a016,q15,evaluative,v018,B,0,0,a016-q15-r000,0,valid,0,0,0,0
a016,q15,evaluative,v019,B,0,0,a016-q15-r000,0,valid,0,0,0,0
a016,q15,evaluative,v020,B,0,0,a016-q15-r000,0,valid,0,0,0,0
a016,q15,evaluative,v021,C,0,0,a016-q15-r000,0,valid,0,0,0,0
a016,q15,evaluative,v022,B,0,0,a016-q15-r000,0,valid,0,0,0,0
a016,q15,evaluative,v023,D,0,0,a016-q15-r000,0,valid,0,0,0,0
a016,q15,evaluative,v024,D,0,0,a016-q15-r000,0,valid,0,0,0,0
a016,q15,evaluative,v025,D,0,0,a016-q15-r000,0,valid,0,0,0,0
a016,q15,evaluative,v026,D,0,0,a016-q15-r000,0,valid,0,0,0,0
a016,q15,evaluative,v027,A,1,1,a016-q15-r000,0,valid,1,1,0,0
a016,q15,evaluative,v028,D,0,0,a016-q15-r000,0,valid,0,0,0,0
a016,q15,evaluative,v029,B,0,0,a016-q15-r000,0,valid,0,0,0,0
a016,q15,evaluative,v030,A,0,0,a016-q15-r000,0,valid,0,0,0,0
a016,q15,evaluative,v031,C,0,0,a016-q15-r000,0,valid,0,0,0,0
a016,q15,evaluative,v032,A,0,0,a016-q15-r000,0,valid,0,0,0,0
a016,q16,evaluative,v001,D,0,0,a016-q16-r000,0,valid,0,0,0,0
a016,q16,evaluative,v002,B,0,0,a016-q16-r000,0,valid,0,0,0,0
a016,q16,evaluative,v003,A,0,0,a016-q16-r000,0,valid,0,0,0,0
a016,q16,evaluative,v004,D,1,1,a016-q16-r000,0,valid,1,1,0,0
a016,q16,evaluative,v005,A,0,0,a016-q16-r000,0,valid,0,0,0,0
a016,q16,evaluative,v006,C,0,0,a016-q16-r000,0,valid,0,0,0,0
a016,q16,evaluative,v007,A,0,0,a016-q16-r000,0,valid,0,0,0,0
a016,q16,evaluative,v008,B,1,1,a016-q16-r000,0,valid,1,1,0,0
a016,q16,evaluative,v009,B,0,0,a016-q16-r000,0,valid,0,0,0,0
a016,q16,evaluative,v010,C,0,0,a016-q16-r000,0,valid,0,0,0,0
a016,q16,evaluative,v011,D,0,0,a016-q16-r000,0,valid,0,0,0,0
a016,q16,evaluative,v012,C,0,0,a016-q16-r000,0,valid,0,0,0,0
a016,q16,evaluative,v013,A,0,0,a016-q16-r000,0,valid,0,0,0,0
a016,q16,evaluative,v014,C,0,0,a016-q16-r000,0,valid,0,0,0,0
a016,q16,evaluative,v015,C,0,0,a016-q16-r000,0,valid,0,0,0,0
a016,q16,evaluative,v016,C,0,0,a016-q16-r000,0,valid,0,0,0,0
a016,q16,evaluative,v017,A,0,0,a016-q16-r000,0,valid,0,0,0,0
a016,q16,evaluative,v018,B,0,0,a016-q16-r000,0,valid,0,0,0,0
a016,q16,evaluative,v019,B,0,0,a016-q16-r000,0,valid,0,0,0,0
a016,q16,evaluative,v020,B,1,1,a016-q16-r000,0,valid,1,1,0,0
a016,q16,evaluative,v021,C,0,0,a016-q16-r000,0,valid,0,0,0,0
a016,q16,evaluative,v022,B,0,0,a016-q16-r000,0,valid,0,0,0,0
a016,q16,evaluative,v023,D,0,0,a016-q16-r000,0,valid,0,0,0,0
a016,q16,evaluative,v024,D,1,1,a016-q16-r000,0,valid,0,0,0,0
a016,q16,evaluative,v025,D,0,0,a016-q16-r000,0,valid,0,0,0,0
a016,q16,evaluative,v026,D,0,0,a016-q16-r000,0,valid,0,0,0,0
a016,q16,evaluative,v027,A,0,0,a016-q16-r000,0,valid,0,0,0,0
a016,q16,evaluative,v028,D,1,1,a016-q16-r000,0,valid,0,0,0,0
a016,q16,evaluative,v029,B,0,0,a016-q16-r000,0,valid,0,0,0,0
a016,q16,evaluative,v030,A,0,0,a016-q16-r000,0,valid,0,0,0,0
a016,q16,evaluative,v031,C,0,0,a016-q16-r000,0,valid,0,0,0,0
a016,q16,evaluative,v032,A,0,0,a016-q16-r000,0,valid,0,0,0,0
a016,q17,evaluative,v001,D,0,0,a016-q17-r000,0,valid,0,0,0,0
a016,q17,evaluative,v002,B,0,0,a016-q17-r000,0,valid,0,0,0,0
a016,q17,evaluative,v003,A,0,0,a016-q17-r000,0,valid,0,0,0,0
a016,q17,evaluative,v004,D,1,1,a016-q17-r000,0,valid,1,1,0,0
a016,q17,evaluative,v005,A,0,0,a016-q17-r000,0,valid,0,0,0,0
a016,q17,evaluative,v006,C,0,0,a016-q17-r000,0,valid,0,0,0,0
a016,q17,evaluative,v007,A,0,0,a016-q17-r000,0,valid,0,0,0,0
a016,q17,evaluative,v008,B,1,1,a016-q17-r000,0,valid,1,1,0,0
a016,q17,evaluative,v009,B,0,0,a016-q17-r000,0,valid,0,0,0,0
a016,q17,evaluative,v010,C,0,0,a016-q17-r000,0,valid,0,0,0,0
a016,q17,evaluative,v011,D,0,0,a016-q17-r000,0,valid,0,0,0,0
a016,q17,evaluative,v012,C,0,0,a016-q17-r000,0,valid,0,0,0,0
a016,q17,evaluative,v013,A,0,0,a016-q17-r000,0,valid,0,0,0,0
a016,q17,evaluative,v014,C,0,0,a016-q17-r000,0,valid,0,0,0,0
a016,q17,evaluative,v015,C,0,0,a016-q17-r000,0,valid,0,0,0,0
a016,q17,evaluative,v016,C,0,0,a016-q17-r000,0,valid,0,0,0,0
a016,q17,evaluative,v017,A,0,0,a016-q17-r000,0,valid,0,0,0,0
a016,q17,evaluative,v018,B,0,0,a016-q17-r000,0,valid,0,0,0,0
a016,q17,evaluative,v019,B,0,0,a016-q17-r000,0,valid,0,0,0,0
a016,q17,evaluative,v020,B,1,1,a016-q17-r000,0,valid,1,1,0,0
a016,q17,evaluative,v021,C,0,0,a016-q17-r000,0,valid,0,0,0,0
a016,q17,evaluative,v022,B,0,0,a016-q17-r000,0,valid,0,0,0,0
a016,q17,evaluative,v023,D,0,0,a016-q17-r000,0,valid,0,0,0,0
a016,q17,evaluative,v024,D,1,1,a016-q17-r000,0,valid,0,0,0,0
a016,q17,evaluative,v025,D,0,0,a016-q17-r000,0,valid,0,0,0,0
a016,q17,evaluative,v026,D,0,0,a016-q17-r000,0,valid,0,0,0,0
a016,q17,evaluative,v027,A,0,0,a016-q17-r000,0,valid,0,0,0,0
a016,q17,evaluative,v028,D,1,1,a016-q17-r000,0,valid,0,0,0,0
a016,q17,evaluative,v029,B,0,0,a016-q17-r000,0,valid,0,0,0,0
a016,q17,evaluative,v030,A,0,0,a016-q17-r000,0,valid,0,0,0,0
a016,q17,evaluative,v031,C,0,0,a016-q17-r000,0,valid,0,0,0,0
a016,q17,evaluative,v032,A,0,0,a016-q17-r000,0,valid,0,0,0,0
a016,q18,evaluative,v001,D,0,0,a016-q18-r000,0,valid,0,0,1,0
a016,q18,evaluative,v002,B,0,0,a016-q18-r000,0,valid,0,0,1,0
a016,q18,evaluative,v003,A,0,0,a016-q18-r000,0,valid,0,0,1,0
a016,q18,evaluative,v004,D,0,0,a016-q18-r000,0,valid,0,0,1,0
a016,q18,evaluative,v005,A,0,0,a016-q18-r000,0,valid,0,0,1,0
a016,q18,evaluative,v006,C,0,0,a016-q18-r000,0,valid,0,0,1,0
a016,q18,evaluative,v007,A,0,0,a016-q18-r000,0,valid,0,0,1,0
a016,q18,evaluative,v008,B,0,0,a016-q18-r000,0,valid,0,0,1,0
a016,q18,evaluative,v009,B,0,0,a016-q18-r000,0,valid,0,0,1,0
a016,q18,evaluative,v010,C,0,0,a016-q18-r000,0,valid,0,0,1,0
a016,q18,evaluative,v011,D,0,0,a016-q18-r000,0,valid,0,0,1,0
a016,q18,evaluative,v012,C,0,0,a016-q18-r000,0,valid,0,0,1,0
a016,q18,evaluative,v013,A,0,0,a016-q18-r000,0,valid,0,0,1,0
a016,q18,evaluative,v014,C,0,0,a016-q18-r000,0,valid,0,0,1,0
a016,q18,evaluative,v015,C,0,0,a016-q18-r000,0,valid,0,0,1,0
a016,q18,evaluative,v016,C,0,0,a016-q18-r000,0,valid,0,0,1,0
a016,q18,evaluative,v017,A,0,0,a016-q18-r000,0,valid,0,0,1,0
a016,q18,evaluative,v018,B,0,0,a016-q18-r000,0,valid,0,0,1,0
a016,q18,evaluative,v019,B,0,0,a016-q18-r000,0,valid,0,0,1,0
a016,q18,evaluative,v020,B,0,0,a016-q18-r000,0,valid,0,0,1,0
a016,q18,evaluative,v021,C,0,0,a016-q18-r000,0,valid,0,0,1,0
a016,q18,evaluative,v022,B,0,0,a016-q18-r000,0,valid,0,0,1,0
a016,q18,evaluative,v023,D,0,0,a016-q18-r000,0,valid,0,0,1,0
a016,q18,evaluative,v024,D,0,0,a016-q18-r000,0,valid,0,0,1,0
a016,q18,evaluative,v025,D,0,0,a016-q18-r000,0,valid,0,0,1,0
a016,q18,evaluative,v026,D,0,0,a016-q18-r000,0,valid,0,0,1,0
a016,q18,evaluative,v027,A,0,0,a016-q18-r000,0,valid,0,0,1,0
a016,q18,evaluative,v028,D,0,0,a016-q18-r000,0,valid,0,0,1,0
a016,q18,evaluative,v029,B,0,0,a016-q18-r000,0,valid,0,0,1,0
a016,q18,evaluative,v030,A,0,0,a016-q18-r000,0,valid,0,0,1,0
a016,q18,evaluative,v031,C,0,0,a016-q18-r000,0,valid,0,0,1,0
a016,q18,evaluative,v032,A,0,0,a016-q18-r000,0,valid,0,0,1,0
a016,q19,evaluative,v001,D,0,0,a016-q19-r000,0,valid,0,0,1,0
a016,q19,evaluative,v002,B,0,0,a016-q19-r000,0,valid,0,0,1,0
a016,q19,evaluative,v003,A,0,0,a016-q19-r000,0,valid,0,0,1,0
a016,q19,evaluative,v004,D,0,0,a016-q19-r000,0,valid,0,0,1,0
a016,q19,evaluative,v005,A,0,0,a016-q19-r000,0,valid,0,0,1,0
a016,q19,evaluative,v006,C,0,0,a016-q19-r000,0,valid,0,0,1,0
a016,q19,evaluative,v007,A,0,0,a016-q19-r000,0,valid,0,0,1,0
a016,q19,evaluative,v008,B,0,0,a016-q19-r000,0,valid,0,0,1,0
a016,q19,evaluative,v009,B,0,0,a016-q19-r000,0,valid,0,0,1,0
a016,q19,evaluative,v010,C,0,0,a016-q19-r000,0,valid,0,0,1,0
a016,q19,evaluative,v011,D,0,0,a016-q19-r000,0,valid,0,0,1,0
a016,q19,evaluative,v012,C,0,0,a016-q19-r000,0,valid,0,0,1,0
a016,q19,evaluative,v013,A,0,0,a016-q19-r000,0,valid,0,0,1,0
a016,q19,evaluative,v014,C,0,0,a016-q19-r000,0,valid,0,0,1,0
a016,q19,evaluative,v015,C,0,0,a016-q19-r000,0,valid,0,0,1,0
a016,q19,evaluative,v016,C,0,0,a016-q19-r000,0,valid,0,0,1,0
a016,q19,evaluative,v017,A,0,0,a016-q19-r000,0,valid,0,0,1,0
a016,q19,evaluative,v018,B,0,0,a016-q19-r000,0,valid,0,0,1,0
a016,q19,evaluative,v019,B,0,0,a016-q19-r000,0,valid,0,0,1,0
a016,q19,evaluative,v020,B,0,0,a016-q19-r000,0,valid,0,0,1,0
a016,q19,evaluative,v021,C,0,0,a016-q19-r000,0,valid,0,0,1,0
a016,q19,evaluative,v022,B,0,0,a016-q19-r000,0,valid,0,0,1,0
a016,q19,evaluative,v023,D,0,0,a016-q19-r000,0,valid,0,0,1,0
a016,q19,evaluative,v024,D,0,0,a016-q19-r000,0,valid,0,0,1,0
a016,q19,evaluative,v025,D,0,0,a016-q19-r000,0,valid,0,0,1,0
a016,q19,evaluative,v026,D,0,0,a016-q19-r000,0,valid,0,0,1,0
a016,q19,evaluative,v027,A,0,0,a016-q19-r000,0,valid,0,0,1,0
a016,q19,evaluative,v028,D,0,0,a016-q19-r000,0,valid,0,0,1,0
a016,q19,evaluative,v029,B,0,0,a016-q19-r000,0,valid,0,0,1,0
a016,q19,evaluative,v030,A,0,0,a016-q19-r000,0,valid,0,0,1,0
a016,q19,evaluative,v031,C,0,0,a016-q19-r000,0,valid,0,0,1,0
a016,q19,evaluative,v032,A,0,0,a016-q19-r000,0,valid,0,0,1,0
a016,q20,evaluative,v001,D,1,1,a016-q20-r000,0,valid,1,1,0,0
a016,q20,evaluative,v002,B,0,0,a016-q20-r000,0,valid,0,0,0,0
a016,q20,evaluative,v003,A,0,0,a016-q20-r000,0,valid,0,0,0,0
a016,q20,evaluative,v004,D,0,0,a016-q20-r000,0,valid,0,0,0,0
a016,q20,evaluative,v005,A,0,0,a016-q20-r000,0,valid,0,0,0,0
a016,q20,evaluative,v006,C,0,0,a016-q20-r000,0,valid,0,0,0,0
a016,q20,evaluative,v007,A,0,0,a016-q20-r000,0,valid,0,0,0,0
a016,q20,evaluative,v008,B,0,0,a016-q20-r000,0,valid,0,0,0,0
a016,q20,evaluative,v009,B,0,0,a016-q20-r000,0,valid,0,0,0,0
a016,q20,evaluative,v010,C,0,0,a016-q20-r000,0,valid,0,0,0,0
a016,q20,evaluative,v011,D,0,0,a016-q20-r000,0,valid,0,0,0,0
a016,q20,evaluative,v012,C,0,0,a016-q20-r000,0,valid,0,0,0,0
a016,q20,evaluative,v013,A,1,1,a016-q20-r000,0,valid,1,1,0,0
a016,q20,evaluative,v014,C,0,0,a016-q20-r000,0,valid,0,0,0,0
a016,q20,evaluative,v015,C,0,0,a016-q20-r000,0,valid,0,0,0,0
a016,q20,evaluative,v016,C,0,0,a016-q20-r000,0,valid,0,0,0,0
a016,q20,evaluative,v017,A,0,0,a016-q20-r000,0,valid,0,0,0,0
a016,q20,evaluative,v018,B,0,0,a016-q20-r000,0,valid,0,0,0,0
a016,q20,evaluative,v019,B,0,0,a016-q20-r000,0,valid,0,0,0,0
a016,q20,evaluative,v020,B,0,0,a016-q20-r000,0,valid,0,0,0,0
a016,q20,evaluative,v021,C,0,0,a016-q20-r000,0,valid,0,0,0,0
a016,q20,evaluative,v022,B,0,0,a016-q20-r000,0,valid,0,0,0,0
a016,q20,evaluative,v023,D,0,0,a016-q20-r000,0,valid,0,0,0,0
a016,q20,evaluative,v024,D,0,0,a016-q20-r000,0,valid,0,0,0,0
a016,q20,evaluative,v025,D,0,0,a016-q20-r000,0,valid,0,0,0,0
a016,q20,evaluative,v026,D,0,0,a016-q20-r000,0,valid,0,0,0,0
a016,q20,evaluative,v027,A,0,0,a016-q20-r000,0,valid,0,0,0,0
a016,q20,evaluative,v028,D,0,0,a016-q20-r000,0,valid,0,0,0,0
a016,q20,evaluative,v029,B,0,0,a016-q20-r000,0,valid,0,0,0,0
a016,q20,evaluative,v030,A,0,0,a016-q20-r000,0,valid,0,0,0,0
a016,q20,evaluative,v031,C,0,0,a016-q20-r000,0,valid,0,0,0,0
a016,q20,evaluative,v032,A,0,0,a016-q20-r000,0,valid,0,0,0,0
a016,q21,evaluative,v001,D,0,0,a016-q21-r000,0,valid,0,0,1,0
a016,q21,evaluative,v002,B,0,0,a016-q21-r000,0,valid,0,0,1,0
a016,q21,evaluative,v003,A,0,0,a016-q21-r000,0,valid,0,0,1,0
a016,q21,evaluative,v004,D,0,0,a016-q21-r000,0,valid,0,0,1,0
a016,q21,evaluative,v005,A,0,0,a016-q21-r000,0,valid,0,0,1,0
a016,q21,evaluative,v006,C,0,0,a016-q21-r000,0,valid,0,0,1,0
a016,q21,evaluative,v007,A,0,0,a016-q21-r000,0,valid,0,0,1,0
a016,q21,evaluative,v008,B,0,0,a016-q21-r000,0,valid,0,0,1,0
a016,q21,evaluative,v009,B,0,0,a016-q21-r000,0,valid,0,0,1,0
a016,q21,evaluative,v010,C,0,0,a016-q21-r000,0,valid,0,0,1,0
a016,q21,evaluative,v011,D,0,0,a016-q21-r000,0,valid,0,0,1,0
a016,q21,evaluative,v012,C,0,0,a016-q21-r000,0,valid,0,0,1,0
a016,q21,evaluative,v013,A,0,0,a016-q21-r000,0,valid,0,0,1,0
a016,q21,evaluative,v014,C,0,0,a016-q21-r000,0,valid,0,0,1,0
a016,q21,evaluative,v015,C,0,0,a016-q21-r000,0,valid,0,0,1,0
a016,q21,evaluative,v016,C,0,0,a016-q21-r000,0,valid,0,0,1,0
a016,q21,evaluative,v017,A,0,0,a016-q21-r000,0,valid,0,0,1,0
a016,q21,evaluative,v018,B,0,0,a016-q21-r000,0,valid,0,0,1,0
a016,q21,evaluative,v019,B,0,0,a016-q21-r000,0,valid,0,0,1,0
a016,q21,evaluative,v020,B,0,0,a016-q21-r000,0,valid,0,0,1,0
a016,q21,evaluative,v021,C,0,0,a016-q21-r000,0,valid,0,0,1,0
a016,q21,evaluative,v022,B,0,0,a016-q21-r000,0,valid,0,0,1,0
a016,q21,evaluative,v023,D,0,0,a016-q21-r000,0,valid,0,0,1,0
a016,q21,evaluative,v024,D,0,0,a016-q21-r000,0,valid,0,0,1,0
a016,q21,evaluative,v025,D,0,0,a016-q21-r000,0,valid,0,0,1,0
a016,q21,evaluative,v026,D,0,0,a016-q21-r000,0,valid,0,0,1,0
a016,q21,evaluative,v027,A,0,0,a016-q21-r000,0,valid,0,0,1,0
a016,q21,evaluative,v028,D,0,0,a016-q21-r000,0,valid,0,0,1,0
a016,q21,evaluative,v029,B,0,0,a016-q21-r000,0,valid,0,0,1,0
a016,q21,evaluative,v030,A,0,0,a016-q21-r000,0,valid,0,0,1,0
a016,q21,evaluative,v031,C,0,0,a016-q21-r000,0,valid,0,0,1,0
a016,q21,evaluative,v032,A,0,0,a016-q21-r000,0,valid,0,0,1,0
a016,q22,evaluative,v001,D,0,0,a016-q22-r000,0,valid,0,0,1,0
a016,q22,evaluative,v002,B,0,0,a016-q22-r000,0,valid,0,0,1,0
a016,q22,evaluative,v003,A,0,0,a016-q22-r000,0,valid,0,0,1,0
a016,q22,evaluative,v004,D,0,0,a016-q22-r000,0,valid,0,0,1,0
a016,q22,evaluative,v005,A,0,0,a016-q22-r000,0,valid,0,0,1,0
a016,q22,evaluative,v006,C,0,0,a016-q22-r000,0,valid,0,0,1,0
a016,q22,evaluative,v007,A,0,0,a016-q22-r000,0,valid,0,0,1,0
a016,q22,evaluative,v008,B,0,0,a016-q22-r000,0,valid,0,0,1,0
a016,q22,evaluative,v009,B,0,0,a016-q22-r000,0,valid,0,0,1,0
a016,q22,evaluative,v010,C,0,0,a016-q22-r000,0,valid,0,0,1,0
a016,q22,evaluative,v011,D,0,0,a016-q22-r000,0,valid,0,0,1,0
a016,q22,evaluative,v012,C,0,0,a016-q22-r000,0,valid,0,0,1,0
a016,q22,evaluative,v013,A,0,0,a016-q22-r000,0,valid,0,0,1,0
a016,q22,evaluative,v014,C,0,0,a016-q22-r000,0,valid,0,0,1,0
a016,q22,evaluative,v015,C,0,0,a016-q22-r000,0,valid,0,0,1,0
a016,q22,evaluative,v016,C,0,0,a016-q22-r000,0,valid,0,0,1,0
a016,q22,evaluative,v017,A,0,0,a016-q22-r000,0,valid,0,0,1,0
a016,q22,evaluative,v018,B,0,0,a016-q22-r000,0,valid,0,0,1,0
a016,q22,evaluative,v019,B,0,0,a016-q22-r000,0,valid,0,0,1,0
a016,q22,evaluative,v020,B,0,0,a016-q22-r000,0,valid,0,0,1,0
a016,q22,evaluative,v021,C,0,0,a016-q22-r000,0,valid,0,0,1,0
a016,q22,evaluative,v022,B,0,0,a016-q22-r000,0,valid,0,0,1,0
a016,q22,evaluative,v023,D,0,0,a016-q22-r000,0,valid,0,0,1,0
a016,q22,evaluative,v024,D,0,0,a016-q22-r000,0,valid,0,0,1,0
a016,q22,evaluative,v025,D,0,0,a016-q22-r000,0,valid,0,0,1,0
a016,q22,evaluative,v026,D,0,0,a016-q22-r000,0,valid,0,0,1,0
a016,q22,evaluative,v027,A,0,0,a016-q22-r000,0,valid,0,0,1,0
a016,q22,evaluative,v028,D,0,0,a016-q22-r000,0,valid,0,0,1,0
a016,q22,evaluative,v029,B,0,0,a016-q22-r000,0,valid,0,0,1,0
a016,q22,evaluative,v030,A,0,0,a016-q22-r000,0,valid,0,0,1,0
a016,q22,evaluative,v031,C,0,0,a016-q22-r000,0,valid,0,0,1,0
a016,q22,evaluative,v032,A,0,0,a016-q22-r000,0,valid,0,0,1,0
a016,q23,evaluative,v001,D,1,1,a016-q23-r000,0,valid,1,1,0,0
a016,q23,evaluative,v002,B,0,0,a016-q23-r000,0,valid,0,0,0,0
a016,q23,evaluative,v003,A,0,0,a016-q23-r000,0,valid,0,0,0,0
a016,q23,evaluative,v004,D,0,0,a016-q23-r000,0,valid,0,0,0,0
a016,q23,evaluative,v005,A,0,0,a016-q23-r000,0,valid,0,0,0,0
a016,q23,evaluative,v006,C,0,0,a016-q23-r000,0,valid,0,0,0,0
a016,q23,evaluative,v007,A,0,0,a016-q23-r000,0,valid,0,0,0,0
a016,q23,evaluative,v008,B,0,0,a016-q23-r000,0,valid,0,0,0,0
a016,q23,evaluative,v009,B,0,0,a016-q23-r000,0,valid,0,0,0,0
a016,q23,evaluative,v010,C,0,0,a016-q23-r000,0,valid,0,0,0,0
a016,q23,evaluative,v011,D,0,0,a016-q23-r000,0,valid,0,0,0,0
a016,q23,evaluative,v012,C,0,0,a016-q23-r000,0,valid,0,0,0,0
a016,q23,evaluative,v013,A,1,1,a016-q23-r000,0,valid,1,1,0,0
a016,q23,evaluative,v014,C,0,0,a016-q23-r000,0,valid,0,0,0,0
a016,q23,evaluative,v015,C,0,0,a016-q23-r000,0,valid,0,0,0,0
a016,q23,evaluative,v016,C,0,0,a016-q23-r000,0,valid,0,0,0,0
a016,q23,evaluative,v017,A,0,0,a016-q23-r000,0,valid,0,0,0,0
a016,q23,evaluative,v018,B,0,0,a016-q23-r000,0,valid,0,0,0,0
a016,q23,evaluative,v019,B,0,0,a016-q23-r000,0,valid,0,0,0,0
a016,q23,evaluative,v020,B,0,0,a016-q23-r000,0,valid,0,0,0,0
a016,q23,evaluative,v021,C,0,0,a016-q23-r000,0,valid,0,0,0,0
a016,q23,evaluative,v022,B,0,0,a016-q23-r000,0,valid,0,0,0,0
a016,q23,evaluative,v023,D,0,0,a016-q23-r000,0,valid,0,0,0,0
a016,q23,evaluative,v024,D,0,0,a016-q23-r000,0,valid,0,0,0,0
a016,q23,evaluative,v025,D,1,1,a016-q23-r000,0,valid,1,1,0,0
a016,q23,evaluative,v026,D,0,0,a016-q23-r000,0,valid,0,0,0,0
a016,q23,evaluative,v027,A,0,0,a016-q23-r000,0,valid,0,0,0,0
a016,q23,evaluative,v028,D,0,0,a016-q23-r000,0,valid,0,0,0,0
a016,q23,evaluative,v029,B,0,0,a016-q23-r000,0,valid,0,0,0,0
a016,q23,evaluative,v030,A,0,0,a016-q23-r000,0,valid,0,0,0,0
a016,q23,evaluative,v031,C,0,0,a016-q23-r000,0,valid,0,0,0,0
a016,q23,evaluative,v032,A,0,0,a016-q23-r000,0,valid,0,0,0,0
a016,q24,evaluative,v001,D,0,0,a016-q24-r000,0,valid,0,0,1,0
a016,q24,evaluative,v002,B,0,0,a016-q24-r000,0,valid,0,0,1,0
a016,q24,evaluative,v003,A,0,0,a016-q24-r000,0,valid,0,0,1,0
a016,q24,evaluative,v004,D,0,0,a016-q24-r000,0,valid,0,0,1,0
a016,q24,evaluative,v005,A,0,0,a016-q24-r000,0,valid,0,0,1,0
a016,q24,evaluative,v006,C,0,0,a016-q24-r000,0,valid,0,0,1,0
a016,q24,evaluative,v007,A,0,0,a016-q24-r000,0,valid,0,0,1,0
a016,q24,evaluative,v008,B,0,0,a016-q24-r000,0,valid,0,0,1,0
a016,q24,evaluative,v009,B,0,0,a016-q24-r000,0,valid,0,0,1,0
a016,q24,evaluative,v010,C,0,0,a016-q24-r000,0,valid,0,0,1,0
a016,q24,evaluative,v011,D,0,0,a016-q24-r000,0,valid,0,0,1,0
a016,q24,evaluative,v012,C,0,0,a016-q24-r000,0,valid,0,0,1,0
a016,q24,evaluative,v013,A,0,0,a016-q24-r000,0,valid,0,0,1,0
a016,q24,evaluative,v014,C,0,0,a016-q24-r000,0,valid,0,0,1,0
a016,q24,evaluative,v015,C,0,0,a016-q24-r000,0,valid,0,0,1,0
a016,q24,evaluative,v016,C,0,0,a016-q24-r000,0,valid,0,0,1,0
a016,q24,evaluative,v017,A,0,0,a016-q24-r000,0,valid,0,0,1,0
a016,q24,evaluative,v018,B,0,0,a016-q24-r000,0,valid,0,0,1,0
a016,q24,evaluative,v019,B,0,0,a016-q24-r000,0,valid,0,0,1,0
a016,q24,evaluative,v020,B,0,0,a016-q24-r000,0,valid,0,0,1,0
a016,q24,evaluative,v021,C,0,0,a016-q24-r000,0,valid,0,0,1,0
a016,q24,evaluative,v022,B,0,0,a016-q24-r000,0,valid,0,0,1,0
a016,q24,evaluative,v023,D,0,0,a016-q24-r000,0,valid,0,0,1,0
a016,q24,evaluative,v024,D,0,0,a016-q24-r000,0,valid,0,0,1,0
a016,q24,evaluative,v025,D,0,0,a016-q24-r000,0,valid,0,0,1,0
a016,q24,evaluative,v026,D,0,0,a016-q24-r000,0,valid,0,0,1,0
a016,q24,evaluative,v027,A,0,0,a016-q24-r000,0,valid,0,0,1,0
a016,q24,evaluative,v028,D,0,0,a016-q24-r000,0,valid,0,0,1,0
a016,q24,evaluative,v029,B,0,0,a016-q24-r000,0,valid,0,0,1,0
a016,q24,evaluative,v030,A,0,0,a016-q24-r000,0,valid,0,0,1,0
a016,q24,evaluative,v031,C,0,0,a016-q24-r000,0,valid,0,0,1,0
a016,q24,evaluative,v032,A,0,0,a016-q24-r000,0,valid,0,0,1,0
a017,q01,transactional,v001,B,0,0,a017-q01-r000,0,valid,0,0,1,0
a017,q01,transactional,v002,A,0,0,a017-q01-r000,0,valid,0,0,1,0
a017,q01,transactional,v003,B,0,0,a017-q01-r000,0,valid,0,0,1,0
a017,q01,transactional,v004,B,0,0,a017-q01-r000,0,valid,0,0,1,0
a017,q01,transactional,v005,A,0,0,a017-q01-r000,0,valid,0,0,1,0
a017,q01,transactional,v006,C,0,0,a017-q01-r000,0,valid,0,0,1,0
a017,q01,transactional,v007,A,0,0,a017-q01-r000,0,valid,0,0,1,0
a017,q01,transactional,v008,B,0,0,a017-q01-r000,0,valid,0,0,1,0
a017,q01,transactional,v009,D,0,0,a017-q01-r000,0,valid,0,0,1,0
a017,q01,transactional,v010,B,0,0,a017-q01-r000,0,valid,0,0,1,0
a017,q01,transactional,v011,C,0,0,a017-q01-r000,0,valid,0,0,1,0
a017,q01,transactional,v012,C,0,0,a017-q01-r000,0,valid,0,0,1,0
a017,q01,transactional,v013,A,0,0,a017-q01-r000,0,valid,0,0,1,0
a017,q01,transactional,v014,C,0,0,a017-q01-r000,0,valid,0,0,1,0
a017,q01,transactional,v015,B,0,0,a017-q01-r000,0,valid,0,0,1,0
a017,q01,transactional,v016,D,0,0,a017-q01-r000,0,valid,0,0,1,0
a017,q01,transactional,v017,A,0,0,a017-q01-r000,0,valid,0,0,1,0
a017,q01,transactional,v018,D,0,0,a017-q01-r000,0,valid,0,0,1,0
a017,q01,transactional,v019,D,0,0,a017-q01-r000,0,valid,0,0,1,0
a017,q01,transactional,v020,B,0,0,a017-q01-r000,0,valid,0,0,1,0
a017,q01,transactional,v021,C,0,0,a017-q01-r000,0,valid,0,0,1,0
a017,q01,transactional,v022,D,0,0,a017-q01-r000,0,valid,0,0,1,0
a017,q01,transactional,v023,A,0,0,a017-q01-r000,0,valid,0,0,1,0
a017,q01,transactional,v024,C,0,0,a017-q01-r000,0,valid,0,0,1,0
a017,q01,transactional,v025,D,0,0,a017-q01-r000,0,valid,0,0,1,0
a017,q01,transactional,v026,D,0,0,a017-q01-r000,0,valid,0,0,1,0
a017,q01,transactional,v027,C,0,0,a017-q01-r000,0,valid,0,0,1,0
a017,q01,transactional,v028,A,0,0,a017-q01-r000,0,valid,0,0,1,0
a017,q01,transactional,v029,B,0,0,a017-q01-r000,0,valid,0,0,1,0
a017,q01,transactional,v030,C,0,0,a017-q01-r000,0,valid,0,0,1,0
a017,q01,transactional,v031,A,0,0,a017-q01-r000,0,valid,0,0,1,0
a017,q01,transactional,v032,D,0,0,a017-q01-r000,0,valid,0,0,1,0
a017,q02,transactional,v001,B,0,0,a017-q02-r000,0,valid,0,0,1,0
a017,q02,transactional,v002,A,0,0,a017-q02-r000,0,valid,0,0,1,0
a017,q02,transactional,v003,B,0,0,a017-q02-r000,0,valid,0,0,1,0
a017,q02,transactional,v004,B,0,0,a017-q02-r000,0,valid,0,0,1,0
a017,q02,transactional,v005,A,0,0,a017-q02-r000,0,valid,0,0,1,0
a017,q02,transactional,v006,C,0,0,a017-q02-r000,0,valid,0,0,1,0
a017,q02,transactional,v007,A,0,0,a017-q02-r000,0,valid,0,0,1,0
a017,q02,transactional,v008,B,0,0,a017-q02-r000,0,valid,0,0,1,0
a017,q02,transactional,v009,D,0,0,a017-q02-r000,0,valid,0,0,1,0
a017,q02,transactional,v010,B,0,0,a017-q02-r000,0,valid,0,0,1,0
a017,q02,transactional,v011,C,0,0,a017-q02-r000,0,valid,0,0,1,0
a017,q02,transactional,v012,C,0,0,a017-q02-r000,0,valid,0,0,1,0
a017,q02,transactional,v013,A,0,0,a017-q02-r000,0,valid,0,0,1,0
a017,q02,transactional,v014,C,0,0,a017-q02-r000,0,valid,0,0,1,0
a017,q02,transactional,v015,B,0,0,a017-q02-r000,0,valid,0,0,1,0
a017,q02,transactional,v016,D,0,0,a017-q02-r000,0,valid,0,0,1,0
a017,q02,transactional,v017,A,0,0,a017-q02-r000,0,valid,0,0,1,0
a017,q02,transactional,v018,D,0,0,a017-q02-r000,0,valid,0,0,1,0
a017,q02,transactional,v019,D,0,0,a017-q02-r000,0,valid,0,0,1,0
a017,q02,transactional,v020,B,0,0,a017-q02-r000,0,valid,0,0,1,0
a017,q02,transactional,v021,C,0,0,a017-q02-r000,0,valid,0,0,1,0
a017,q02,transactional,v022,D,0,0,a017-q02-r000,0,valid,0,0,1,0
a017,q02,transactional,v023,A,0,0,a017-q02-r000,0,valid,0,0,1,0
a017,q02,transactional,v024,C,0,0,a017-q02-r000,0,valid,0,0,1,0
a017,q02,transactional,v025,D,0,0,a017-q02-r000,0,valid,0,0,1,0
a017,q02,transactional,v026,D,0,0,a017-q02-r000,0,valid,0,0,1,0
a017,q02,transactional,v027,C,0,0,a017-q02-r000,0,valid,0,0,1,0
a017,q02,transactional,v028,A,0,0,a017-q02-r000,0,valid,0,0,1,0
a017,q02,transactional,v029,B,0,0,a017-q02-r000,0,valid,0,0,1,0
a017,q02,transactional,v030,C,0,0,a017-q02-r000,0,valid,0,0,1,0
a017,q02,transactional,v031,A,0,0,a017-q02-r000,0,valid,0,0,1,0
a017,q02,transactional,v032,D,0,0,a017-q02-r000,0,valid,0,0,1,0
a017,q03,transactional,v001,B,0,0,a017-q03-r000,0,valid,0,0,0,0
a017,q03,transactional,v002,A,0,0,a017-q03-r000,0,valid,0,0,0,0
a017,q03,transactional,v003,B,0,0,a017-q03-r000,0,valid,0,0,0,0
a017,q03,transactional,v004,B,0,0,a017-q03-r000,0,valid,0,0,0,0
a017,q03,transactional,v005,A,0,0,a017-q03-r000,0,valid,0,0,0,0
a017,q03,transactional,v006,C,0,0,a017-q03-r000,0,valid,0,0,0,0
a017,q03,transactional,v007,A,0,0,a017-q03-r000,0,valid,0,0,0,0
a017,q03,transactional,v008,B,0,0,a017-q03-r000,0,valid,0,0,0,0
a017,q03,transactional,v009,D,0,0,a017-q03-r000,0,valid,0,0,0,0
a017,q03,transactional,v010,B,0,0,a017-q03-r000,0,valid,0,0,0,0
a017,q03,transactional,v011,C,0,0,a017-q03-r000,0,valid,0,0,0,0
a017,q03,transactional,v012,C,0,0,a017-q03-r000,0,valid,0,0,0,0
a017,q03,transactional,v013,A,0,0,a017-q03-r000,0,valid,0,0,0,0
a017,q03,transactional,v014,C,0,0,a017-q03-r000,0,valid,0,0,0,0
a017,q03,transactional,v015,B,0,0,a017-q03-r000,0,valid,0,0,0,0
a017,q03,transactional,v016,D,0,0,a017-q03-r000,0,valid,0,0,0,0
a017,q03,transactional,v017,A,0,0,a017-q03-r000,0,valid,0,0,0,0
a017,q03,transactional,v018,D,1,1,a017-q03-r000,0,valid,1,1,0,0
a017,q03,transactional,v019,D,0,0,a017-q03-r000,0,valid,0,0,0,0
a017,q03,transactional,v020,B,0,0,a017-q03-r000,0,valid,0,0,0,0
a017,q03,transactional,v021,C,0,0,a017-q03-r000,0,valid,0,0,0,0
a017,q03,transactional,v022,D,0,0,a017-q03-r000,0,valid,0,0,0,0
a017,q03,transactional,v023,A,0,0,a017-q03-r000,0,valid,0,0,0,0
a017,q03,transactional,v024,C,0,0,a017-q03-r000,0,valid,0,0,0,0
a017,q03,transactional,v025,D,0,0,a017-q03-r000,0,valid,0,0,0,0
a017,q03,transactional,v026,D,1,1,a017-q03-r000,0,valid,1,1,0,0
a017,q03,transactional,v027,C,0,0,a017-q03-r000,0,valid,0,0,0,0
a017,q03,transactional,v028,A,0,0,a017-q03-r000,0,valid,0,0,0,0
a017,q03,transactional,v029,B,0,0,a017-q03-r000,0,valid,0,0,0,0
a017,q03,transactional,v030,C,0,0,a017-q03-r000,0,valid,0,0,0,0
a017,q03,transactional,v031,A,0,0,a017-q03-r000,0,valid,0,0,0,0
a017,q03,transactional,v032,D,0,0,a017-q03-r000,0,valid,0,0,0,0
a017,q04,transactional,v001,B,1,1,a017-q04-r000,0,valid,1,1,0,0
a017,q04,transactional,v002,A,0,0,a017-q04-r000,0,valid,0,0,0,0
a017,q04,transactional,v003,B,0,0,a017-q04-r000,0,valid,0,0,0,0
a017,q04,transactional,v004,B,0,0,a017-q04-r000,0,valid,0,0,0,0
a017,q04,transactional,v005,A,0,0,a017-q04-r000,0,valid,0,0,0,0
a017,q04,transactional,v006,C,0,0,a017-q04-r000,0,valid,0,0,0,0
a017,q04,transactional,v007,A,0,0,a017-q04-r000,0,valid,0,0,0,0
a017,q04,transactional,v008,B,0,0,a017-q04-r000,0,valid,0,0,0,0
a017,q04,transactional,v009,D,0,0,a017-q04-r000,0,valid,0,0,0,0
a017,q04,transactional,v010,B,0,0,a017-q04-r000,0,valid,0,0,0,0
a017,q04,transactional,v011,C,0,0,a017-q04-r000,0,valid,0,0,0,0
a017,q04,transactional,v012,C,0,0,a017-q04-r000,0,valid,0,0,0,0
a017,q04,transactional,v013,A,1,1,a017-q04-r000,0,valid,1,1,0,0
a017,q04,transactional,v014,C,0,0,a017-q04-r000,0,valid,0,0,0,0
a017,q04,transactional,v015,B,0,0,a017-q04-r000,0,valid,0,0,0,0
a017,q04,transactional,v016,D,0,0,a017-q04-r000,0,valid,0,0,0,0
a017,q04,transactional,v017,A,0,0,a017-q04-r000,0,valid,0,0,0,0
a017,q04,transactional,v018,D,0,0,a017-q04-r000,0,valid,0,0,0,0
a017,q04,transactional,v019,D,0,0,a017-q04-r000,0,valid,0,0,0,0
a017,q04,transactional,v020,B,0,0,a017-q04-r000,0,valid,0,0,0,0
a017,q04,transactional,v021,C,0,0,a017-q04-r000,0,valid,0,0,0,0
a017,q04,transactional,v022,D,0,0,a017-q04-r000,0,valid,0,0,0,0
a017,q04,transactional,v023,A,0,0,a017-q04-r000,0,valid,0,0,0,0
a017,q04,transactional,v024,C,0,0,a017-q04-r000,0,valid,0,0,0,0
a017,q04,transactional,v025,D,0,0,a017-q04-r000,0,valid,0,0,0,0
a017,q04,transactional,v026,D,0,0,a017-q04-r000,0,valid,0,0,0,0
a017,q04,transactional,v027,C,0,0,a017-q04-r000,0,valid,0,0,0,0
a017,q04,transactional,v028,A,0,0,a017-q04-r000,0,valid,0,0,0,0
a017,q04,transactional,v029,B,0,0,a017-q04-r000,0,valid,0,0,0,0
a017,q04,transactional,v030,C,0,0,a017-q04-r000,0,valid,0,0,0,0
a017,q04,transactional,v031,A,0,0,a017-q04-r000,0,valid,0,0,0,0
a017,q04,transactional,v032,D,0,0,a017-q04-r000,0,valid,0,0,0,0
a017,q05,transactional,v001,B,0,0,a017-q05-r000,0,valid,0,0,0,0
a017,q05,transactional,v002,A,0,0,a017-q05-r000,0,valid,0,0,0,0
a017,q05,transactional,v003,B,0,0,a017-q05-r000,0,valid,0,0,0,0
a017,q05,transactional,v004,B,0,0,a017-q05-r000,0,valid,0,0,0,0
a017,q05,transactional,v005,A,0,0,a017-q05-r000,0,valid,0,0,0,0
a017,q05,transactional,v006,C,0,0,a017-q05-r000,0,valid,0,0,0,0
a017,q05,transactional,v007,A,0,0,a017-q05-r000,0,valid,0,0,0,0
a017,q05,transactional,v008,B,1,1,a017-q05-r000,0,valid,1,1,0,0
a017,q05,transactional,v009,D,0,0,a017-q05-r000,0,valid,0,0,0,0
a017,q05,transactional,v010,B,0,0,a017-q05-r000,0,valid,0,0,0,0
a017,q05,transactional,v011,C,0,0,a017-q05-r000,0,valid,0,0,0,0
a017,q05,transactional,v012,C,0,0,a017-q05-r000,0,valid,0,0,0,0
a017,q05,transactional,v013,A,0,0,a017-q05-r000,0,valid,0,0,0,0
a017,q05,transactional,v014,C,0,0,a017-q05-r000,0,valid,0,0,0,0
a017,q05,transactional,v015,B,0,0,a017-q05-r000,0,valid,0,0,0,0
a017,q05,transactional,v016,D,0,0,a017-q05-r000,0,valid,0,0,0,0
a017,q05,transactional,v017,A,0,0,a017-q05-r000,0,valid,0,0,0,0
a017,q05,transactional,v018,D,0,0,a017-q05-r000,0,valid,0,0,0,0
a017,q05,transactional,v019,D,0,0,a017-q05-r000,0,valid,0,0,0,0
a017,q05,transactional,v020,B,1,1,a017-q05-r000,0,valid,1,1,0,0
a017,q05,transactional,v021,C,0,0,a017-q05-r000,0,valid,0,0,0,0
a017,q05,transactional,v022,D,0,0,a017-q05-r000,0,valid,0,0,0,0
a017,q05,transactional,v023,A,0,0,a017-q05-r000,0,valid,0,0,0,0
a017,q05,transactional,v024,C,0,0,a017-q05-r000,0,valid,0,0,0,0
a017,q05,transactional,v025,D,0,0,a017-q05-r000,0,valid,0,0,0,0
a017,q05,transactional,v026,D,0,0,a017-q05-r000,0,valid,0,0,0,0
a017,q05,transactional,v027,C,0,0,a017-q05-r000,0,valid,0,0,0,0
a017,q05,transactional,v028,A,0,0,a017-q05-r000,0,valid,0,0,0,0
a017,q05,transactional,v029,B,0,0,a017-q05-r000,0,valid,0,0,0,0
a017,q05,transactional,v030,C,0,0,a017-q05-r000,0,valid,0,0,0,0
a017,q05,transactional,v031,A,0,0,a017-q05-r000,0,valid,0,0,0,0
a017,q05,transactional,v032,D,0,0,a017-q05-r000,0,valid,0,0,0,0
a017,q06,transactional,v001,B,0,0,a017-q06-r000,0,valid,0,0,1,0
a017,q06,transactional,v002,A,0,0,a017-q06-r000,0,valid,0,0,1,0
a017,q06,transactional,v003,B,0,0,a017-q06-r000,0,valid,0,0,1,0
a017,q06,transactional,v004,B,0,0,a017-q06-r000,0,valid,0,0,1,0
a017,q06,transactional,v005,A,0,0,a017-q06-r000,0,valid,0,0,1,0
a017,q06,transactional,v006,C,0,0,a017-q06-r000,0,valid,0,0,1,0
a017,q06,transactional,v007,A,0,0,a017-q06-r000,0,valid,0,0,1,0
a017,q06,transactional,v008,B,0,0,a017-q06-r000,0,valid,0,0,1,0
a017,q06,transactional,v009,D,0,0,a017-q06-r000,0,valid,0,0,1,0
a017,q06,transactional,v010,B,0,0,a017-q06-r000,0,valid,0,0,1,0
a017,q06,transactional,v011,C,0,0,a017-q06-r000,0,valid,0,0,1,0
a017,q06,transactional,v012,C,0,0,a017-q06-r000,0,valid,0,0,1,0
a017,q06,transactional,v013,A,0,0,a017-q06-r000,0,valid,0,0,1,0
a017,q06,transactional,v014,C,0,0,a017-q06-r000,0,valid,0,0,1,0
a017,q06,transactional,v015,B,0,0,a017-q06-r000,0,valid,0,0,1,0
a017,q06,transactional,v016,D,0,0,a017-q06-r000,0,valid,0,0,1,0
a017,q06,transactional,v017,A,0,0,a017-q06-r000,0,valid,0,0,1,0
a017,q06,transactional,v018,D,0,0,a017-q06-r000,0,valid,0,0,1,0
a017,q06,transactional,v019,D,0,0,a017-q06-r000,0,valid,0,0,1,0
a017,q06,transactional,v020,B,0,0,a017-q06-r000,0,valid,0,0,1,0
a017,q06,transactional,v021,C,0,0,a017-q06-r000,0,valid,0,0,1,0
a017,q06,transactional,v022,D,0,0,a017-q06-r000,0,valid,0,0,1,0
a017,q06,transactional,v023,A,0,0,a017-q06-r000,0,valid,0,0,1,0
a017,q06,transactional,v024,C,0,0,a017-q06-r000,0,valid,0,0,1,0
a017,q06,transactional,v025,D,0,0,a017-q06-r000,0,valid,0,0,1,0
a017,q06,transactional,v026,D,0,0,a017-q06-r000,0,valid,0,0,1,0
a017,q06,transactional,v027,C,0,0,a017-q06-r000,0,valid,0,0,1,0
a017,q06,transactional,v028,A,0,0,a017-q06-r000,0,valid,0,0,1,0
a017,q06,transactional,v029,B,0,0,a017-q06-r000,0,valid,0,0,1,0
a017,q06,transactional,v030,C,0,0,a017-q06-r000,0,valid,0,0,1,0
a017,q06,transactional,v031,A,0,0,a017-q06-r000,0,valid,0,0,1,0
a017,q06,transactional,v032,D,0,0,a017-q06-r000,0,valid,0,0,1,0
a017,q07,transactional,v001,B,0,0,a017-q07-r000,0,valid,0,0,1,0
a017,q07,transactional,v002,A,0,0,a017-q07-r000,0,valid,0,0,1,0
a017,q07,transactional,v003,B,0,0,a017-q07-r000,0,valid,0,0,1,0
a017,q07,transactional,v004,B,0,0,a017-q07-r000,0,valid,0,0,1,0
a017,q07,transactional,v005,A,0,0,a017-q07-r000,0,valid,0,0,1,0
a017,q07,transactional,v006,C,0,0,a017-q07-r000,0,valid,0,0,1,0
a017,q07,transactional,v007,A,0,0,a017-q07-r000,0,valid,0,0,1,0
a017,q07,transactional,v008,B,0,0,a017-q07-r000,0,valid,0,0,1,0
a017,q07,transactional,v009,D,0,0,a017-q07-r000,0,valid,0,0,1,0
a017,q07,transactional,v010,B,0,0,a017-q07-r000,0,valid,0,0,1,0
a017,q07,transactional,v011,C,0,0,a017-q07-r000,0,valid,0,0,1,0
a017,q07,transactional,v012,C,0,0,a017-q07-r000,0,valid,0,0,1,0
a017,q07,transactional,v013,A,0,0,a017-q07-r000,0,valid,0,0,1,0
a017,q07,transactional,v014,C,0,0,a017-q07-r000,0,valid,0,0,1,0
a017,q07,transactional,v015,B,0,0,a017-q07-r000,0,valid,0,0,1,0
a017,q07,transactional,v016,D,0,0,a017-q07-r000,0,valid,0,0,1,0
a017,q07,transactional,v017,A,0,0,a017-q07-r000,0,valid,0,0,1,0
a017,q07,transactional,v018,D,0,0,a017-q07-r000,0,valid,0,0,1,0
a017,q07,transactional,v019,D,0,0,a017-q07-r000,0,valid,0,0,1,0
a017,q07,transactional,v020,B,0,0,a017-q07-r000,0,valid,0,0,1,0
a017,q07,transactional,v021,C,0,0,a017-q07-r000,0,valid,0,0,1,0
a017,q07,transactional,v022,D,0,0,a017-q07-r000,0,valid,0,0,1,0
a017,q07,transactional,v023,A,0,0,a017-q07-r000,0,valid,0,0,1,0
a017,q07,transactional,v024,C,0,0,a017-q07-r000,0,valid,0,0,1,0
a017,q07,transactional,v025,D,0,0,a017-q07-r000,0,valid,0,0,1,0
a017,q07,transactional,v026,D,0,0,a017-q07-r000,0,valid,0,0,1,0
a017,q07,transactional,v027,C,0,0,a017-q07-r000,0,valid,0,0,1,0
a017,q07,transactional,v028,A,0,0,a017-q07-r000,0,valid,0,0,1,0
a017,q07,transactional,v029,B,0,0,a017-q07-r000,0,valid,0,0,1,0
a017,q07,transactional,v030,C,0,0,a017-q07-r000,0,valid,0,0,1,0
a017,q07,transactional,v031,A,0,0,a017-q07-r000,0,valid,0,0,1,0
a017,q07,transactional,v032,D,0,0,a017-q07-r000,0,valid,0,0,1,0
a017,q08,transactional,v001,B,1,1,a017-q08-r000,0,valid,1,1,0,0
a017,q08,transactional,v002,A,0,0,a017-q08-r000,0,valid,0,0,0,0
a017,q08,transactional,v003,B,0,0,a017-q08-r000,0,valid,0,0,0,0
a017,q08,transactional,v004,B,0,0,a017-q08-r000,0,valid,0,0,0,0
a017,q08,transactional,v005,A,0,0,a017-q08-r000,0,valid,0,0,0,0
a017,q08,transactional,v006,C,0,0,a017-q08-r000,0,valid,0,0,0,0
a017,q08,transactional,v007,A,0,0,a017-q08-r000,0,valid,0,0,0,0
a017,q08,transactional,v008,B,0,0,a017-q08-r000,0,valid,0,0,0,0
a017,q08,transactional,v009,D,0,0,a017-q08-r000,0,valid,0,0,0,0
a017,q08,transactional,v010,B,0,0,a017-q08-r000,0,valid,0,0,0,0
a017,q08,transactional,v011,C,0,0,a017-q08-r000,0,valid,0,0,0,0
a017,q08,transactional,v012,C,0,0,a017-q08-r000,0,valid,0,0,0,0
a017,q08,transactional,v013,A,1,1,a017-q08-r000,0,valid,1,1,0,0
a017,q08,transactional,v014,C,0,0,a017-q08-r000,0,valid,0,0,0,0
a017,q08,transactional,v015,B,0,0,a017-q08-r000,0,valid,0,0,0,0
a017,q08,transactional,v016,D,0,0,a017-q08-r000,0,valid,0,0,0,0
a017,q08,transactional,v017,A,0,0,a017-q08-r000,0,valid,0,0,0,0
a017,q08,transactional,v018,D,0,0,a017-q08-r000,0,valid,0,0,0,0
a017,q08,transactional,v019,D,0,0,a017-q08-r000,0,valid,0,0,0,0
a017,q08,transactional,v020,B,0,0,a017-q08-r000,0,valid,0,0,0,0
a017,q08,transactional,v021,C,0,0,a017-q08-r000,0,valid,0,0,0,0
a017,q08,transactional,v022,D,0,0,a017-q08-r000,0,valid,0,0,0,0
a017,q08,transactional,v023,A,0,0,a017-q08-r000,0,valid,0,0,0,0
a017,q08,transactional,v024,C,0,0,a017-q08-r000,0,valid,0,0,0,0
a017,q08,transactional,v025,D,0,0,a017-q08-r000,0,valid,0,0,0,0
a017,q08,transactional,v026,D,0,0,a017-q08-r000,0,valid,0,0,0,0
a017,q08,transactional,v027,C,0,0,a017-q08-r000,0,valid,0,0,0,0
a017,q08,transactional,v028,A,0,0,a017-q08-r000,0,valid,0,0,0,0
a017,q08,transactional,v029,B,0,0,a017-q08-r000,0,valid,0,0,0,0
a017,q08,transactional,v030,C,0,0,a017-q08-r000,0,valid,0,0,0,0
a017,q08,transactional,v031,A,0,0,a017-q08-r000,0,valid,0,0,0,0
a017,q08,transactional,v032,D,0,0,a017-q08-r000,0,valid,0,0,0,0
a017,q09,transactional,v001,B,0,0,a017-q09-r000,0,valid,0,0,1,0
a017,q09,transactional,v002,A,0,0,a017-q09-r000,0,valid,0,0,1,0
a017,q09,transactional,v003,B,0,0,a017-q09-r000,0,valid,0,0,1,0
a017,q09,transactional,v004,B,0,0,a017-q09-r000,0,valid,0,0,1,0
a017,q09,transactional,v005,A,0,0,a017-q09-r000,0,valid,0,0,1,0
a017,q09,transactional,v006,C,0,0,a017-q09-r000,0,valid,0,0,1,0
a017,q09,transactional,v007,A,0,0,a017-q09-r000,0,valid,0,0,1,0
a017,q09,transactional,v008,B,0,0,a017-q09-r000,0,valid,0,0,1,0
a017,q09,transactional,v009,D,0,0,a017-q09-r000,0,valid,0,0,1,0
a017,q09,transactional,v010,B,0,0,a017-q09-r000,0,valid,0,0,1,0
a017,q09,transactional,v011,C,0,0,a017-q09-r000,0,valid,0,0,1,0
a017,q09,transactional,v012,C,0,0,a017-q09-r000,0,valid,0,0,1,0
a017,q09,transactional,v013,A,0,0,a017-q09-r000,0,valid,0,0,1,0
a017,q09,transactional,v014,C,0,0,a017-q09-r000,0,valid,0,0,1,0
a017,q09,transactional,v015,B,0,0,a017-q09-r000,0,valid,0,0,1,0
a017,q09,transactional,v016,D,0,0,a017-q09-r000,0,valid,0,0,1,0
a017,q09,transactional,v017,A,0,0,a017-q09-r000,0,valid,0,0,1,0
a017,q09,transactional,v018,D,0,0,a017-q09-r000,0,valid,0,0,1,0
a017,q09,transactional,v019,D,0,0,a017-q09-r000,0,valid,0,0,1,0
a017,q09,transactional,v020,B,0,0,a017-q09-r000,0,valid,0,0,1,0
a017,q09,transactional,v021,C,0,0,a017-q09-r000,0,valid,0,0,1,0
a017,q09,transactional,v022,D,0,0,a017-q09-r000,0,valid,0,0,1,0
a017,q09,transactional,v023,A,0,0,a017-q09-r000,0,valid,0,0,1,0
a017,q09,transactional,v024,C,0,0,a017-q09-r000,0,valid,0,0,1,0
a017,q09,transactional,v025,D,0,0,a017-q09-r000,0,valid,0,0,1,0
a017,q09,transactional,v026,D,0,0,a017-q09-r000,0,valid,0,0,1,0
a017,q09,transactional,v027,C,0,0,a017-q09-r000,0,valid,0,0,1,0
a017,q09,transactional,v028,A,0,0,a017-q09-r000,0,valid,0,0,1,0
a017,q09,transactional,v029,B,0,0,a017-q09-r000,0,valid,0,0,1,0
a017,q09,transactional,v030,C,0,0,a017-q09-r000,0,valid,0,0,1,0
a017,q09,transactional,v031,A,0,0,a017-q09-r000,0,valid,0,0,1,0
a017,q09,transactional,v032,D,0,0,a017-q09-r000,0,valid,0,0,1,0
a017,q10,transactional,v001,B,0,0,a017-q10-r000,0,valid,0,0,1,0
a017,q10,transactional,v002,A,0,0,a017-q10-r000,0,valid,0,0,1,0
a017,q10,transactional,v003,B,0,0,a017-q10-r000,0,valid,0,0,1,0
a017,q10,transactional,v004,B,0,0,a017-q10-r000,0,valid,0,0,1,0
a017,q10,transactional,v005,A,0,0,a017-q10-r000,0,valid,0,0,1,0
a017,q10,transactional,v006,C,0,0,a017-q10-r000,0,valid,0,0,1,0
a017,q10,transactional,v007,A,0,0,a017-q10-r000,0,valid,0,0,1,0
a017,q10,transactional,v008,B,0,0,a017-q10-r000,0,valid,0,0,1,0
a017,q10,transactional,v009,D,0,0,a017-q10-r000,0,valid,0,0,1,0
a017,q10,transactional,v010,B,0,0,a017-q10-r000,0,valid,0,0,1,0
a017,q10,transactional,v011,C,0,0,a017-q10-r000,0,valid,0,0,1,0
a017,q10,transactional,v012,C,0,0,a017-q10-r000,0,valid,0,0,1,0
a017,q10,transactional,v013,A,0,0,a017-q10-r000,0,valid,0,0,1,0
a017,q10,transactional,v014,C,0,0,a017-q10-r000,0,valid,0,0,1,0
a017,q10,transactional,v015,B,0,0,a017-q10-r000,0,valid,0,0,1,0
a017,q10,transactional,v016,D,0,0,a017-q10-r000,0,valid,0,0,1,0
a017,q10,transactional,v017,A,0,0,a017-q10-r000,0,valid,0,0,1,0
a017,q10,transactional,v018,D,0,0,a017-q10-r000,0,valid,0,0,1,0
a017,q10,transactional,v019,D,0,0,a017-q10-r000,0,valid,0,0,1,0
a017,q10,transactional,v020,B,0,0,a017-q10-r000,0,valid,0,0,1,0
a017,q10,transactional,v021,C,0,0,a017-q10-r000,0,valid,0,0,1,0
a017,q10,transactional,v022,D,0,0,a017-q10-r000,0,valid,0,0,1,0
a017,q10,transactional,v023,A,0,0,a017-q10-r000,0,valid,0,0,1,0
a017,q10,transactional,v024,C,0,0,a017-q10-r000,0,valid,0,0,1,0
a017,q10,transactional,v025,D,0,0,a017-q10-r000,0,valid,0,0,1,0
a017,q10,transactional,v026,D,0,0,a017-q10-r000,0,valid,0,0,1,0
a017,q10,transactional,v027,C,0,0,a017-q10-r000,0,valid,0,0,1,0
a017,q10,transactional,v028,A,0,0,a017-q10-r000,0,valid,0,0,1,0
a017,q10,transactional,v029,B,0,0,a017-q10-r000,0,valid,0,0,1,0
a017,q10,transactional,v030,C,0,0,a017-q10-r000,0,valid,0,0,1,0
a017,q10,transactional,v031,A,0,0,a017-q10-r000,0,valid,0,0,1,0
a017,q10,transactional,v032,D,0,0,a017-q10-r000,0,valid,0,0,1,0
a017,q11,transactional,v001,B,1,1,a017-q11-r000,0,valid,1,1,0,0
a017,q11,transactional,v002,A,0,0,a017-q11-r000,0,valid,0,0,0,0
a017,q11,transactional,v003,B,0,0,a017-q11-r000,0,valid,0,0,0,0
a017,q11,transactional,v004,B,0,0,a017-q11-r000,0,valid,0,0,0,0
a017,q11,transactional,v005,A,0,0,a017-q11-r000,0,valid,0,0,0,0
a017,q11,transactional,v006,C,0,0,a017-q11-r000,0,valid,0,0,0,0
a017,q11,transactional,v007,A,0,0,a017-q11-r000,0,valid,0,0,0,0
a017,q11,transactional,v008,B,0,0,a017-q11-r000,0,valid,0,0,0,0
a017,q11,transactional,v009,D,0,0,a017-q11-r000,0,valid,0,0,0,0
a017,q11,transactional,v010,B,0,0,a017-q11-r000,0,valid,0,0,0,0
a017,q11,transactional,v011,C,0,0,a017-q11-r000,0,valid,0,0,0,0
a017,q11,transactional,v012,C,0,0,a017-q11-r000,0,valid,0,0,0,0
a017,q11,transactional,v013,A,1,1,a017-q11-r000,0,valid,1,1,0,0
a017,q11,transactional,v014,C,0,0,a017-q11-r000,0,valid,0,0,0,0
a017,q11,transactional,v015,B,0,0,a017-q11-r000,0,valid,0,0,0,0
a017,q11,transactional,v016,D,0,0,a017-q11-r000,0,valid,0,0,0,0
a017,q11,transactional,v017,A,0,0,a017-q11-r000,0,valid,0,0,0,0
a017,q11,transactional,v018,D,0,0,a017-q11-r000,0,valid,0,0,0,0
a017,q11,transactional,v019,D,0,0,a017-q11-r000,0,valid,0,0,0,0
a017,q11,transactional,v020,B,0,0,a017-q11-r000,0,valid,0,0,0,0
a017,q11,transactional,v021,C,0,0,a017-q11-r000,0,valid,0,0,0,0
a017,q11,transactional,v022,D,0,0,a017-q11-r000,0,valid,0,0,0,0
a017,q11,transactional,v023,A,0,0,a017-q11-r000,0,valid,0,0,0,0
a017,q11,transactional,v024,C,0,0,a017-q11-r000,0,valid,0,0,0,0
a017,q11,transactional,v025,D,1,1,a017-q11-r000,0,valid,1,1,0,0
a017,q11,transactional,v026,D,0,0,a017-q11-r000,0,valid,0,0,0,0
a017,q11,transactional,v027,C,0,0,a017-q11-r000,0,valid,0,0,0,0
a017,q11,transactional,v028,A,0,0,a017-q11-r000,0,valid,0,0,0,0
a017,q11,transactional,v029,B,0,0,a017-q11-r000,0,valid,0,0,0,0
a017,q11,transactional,v030,C,0,0,a017-q11-r000,0,valid,0,0,0,0
a017,q11,transactional,v031,A,0,0,a017-q11-r000,0,valid,0,0,0,0
a017,q11,transactional,v032,D,0,0,a017-q11-r000,0,valid,0,0,0,0
a017,q12,transactional,v001,B,0,0,a017-q12-r000,0,valid,0,0,1,0
a017,q12,transactional,v002,A,0,0,a017-q12-r000,0,valid,0,0,1,0
a017,q12,transactional,v003,B,0,0,a017-q12-r000,0,valid,0,0,1,0
a017,q12,transactional,v004,B,0,0,a017-q12-r000,0,valid,0,0,1,0
a017,q12,transactional,v005,A,0,0,a017-q12-r000,0,valid,0,0,1,0
a017,q12,transactional,v006,C,0,0,a017-q12-r000,0,valid,0,0,1,0
a017,q12,transactional,v007,A,0,0,a017-q12-r000,0,valid,0,0,1,0
a017,q12,transactional,v008,B,0,0,a017-q12-r000,0,valid,0,0,1,0
a017,q12,transactional,v009,D,0,0,a017-q12-r000,0,valid,0,0,1,0
a017,q12,transactional,v010,B,0,0,a017-q12-r000,0,valid,0,0,1,0
a017,q12,transactional,v011,C,0,0,a017-q12-r000,0,valid,0,0,1,0
a017,q12,transactional,v012,C,0,0,a017-q12-r000,0,valid,0,0,1,0
a017,q12,transactional,v013,A,0,0,a017-q12-r000,0,valid,0,0,1,0
a017,q12,transactional,v014,C,0,0,a017-q12-r000,0,valid,0,0,1,0
a017,q12,transactional,v015,B,0,0,a017-q12-r000,0,valid,0,0,1,0
a017,q12,transactional,v016,D,0,0,a017-q12-r000,0,valid,0,0,1,0
a017,q12,transactional,v017,A,0,0,a017-q12-r000,0,valid,0,0,1,0
a017,q12,transactional,v018,D,0,0,a017-q12-r000,0,valid,0,0,1,0
a017,q12,transactional,v019,D,0,0,a017-q12-r000,0,valid,0,0,1,0
a017,q12,transactional,v020,B,0,0,a017-q12-r000,0,valid,0,0,1,0
a017,q12,transactional,v021,C,0,0,a017-q12-r000,0,valid,0,0,1,0
a017,q12,transactional,v022,D,0,0,a017-q12-r000,0,valid,0,0,1,0
a017,q12,transactional,v023,A,0,0,a017-q12-r000,0,valid,0,0,1,0
a017,q12,transactional,v024,C,0,0,a017-q12-r000,0,valid,0,0,1,0
a017,q12,transactional,v025,D,0,0,a017-q12-r000,0,valid,0,0,1,0
a017,q12,transactional,v026,D,0,0,a017-q12-r000,0,valid,0,0,1,0
a017,q12,transactional,v027,C,0,0,a017-q12-r000,0,valid,0,0,1,0
a017,q12,transactional,v028,A,0,0,a017-q12-r000,0,valid,0,0,1,0
a017,q12,transactional,v029,B,0,0,a017-q12-r000,0,valid,0,0,1,0
a017,q12,transactional,v030,C,0,0,a017-q12-r000,0,valid,0,0,1,0
a017,q12,transactional,v031,A,0,0,a017-q12-r000,0,valid,0,0,1,0
a017,q12,transactional,v032,D,0,0,a017-q12-r000,0,valid,0,0,1,0
a017,q13,evaluative,v001,B,0,0,a017-q13-r000,0,valid,0,0,1,0
a017,q13,evaluative,v002,A,0,0,a017-q13-r000,0,valid,0,0,1,0
a017,q13,evaluative,v003,B,0,0,a017-q13-r000,0,valid,0,0,1,0
a017,q13,evaluative,v004,B,0,0,a017-q13-r000,0,valid,0,0,1,0
a017,q13,evaluative,v005,A,0,0,a017-q13-r000,0,valid,0,0,1,0
a017,q13,evaluative,v006,C,0,0,a017-q13-r000,0,valid,0,0,1,0
a017,q13,evaluative,v007,A,0,0,a017-q13-r000,0,valid,0,0,1,0
a017,q13,evaluative,v008,B,0,0,a017-q13-r000,0,valid,0,0,1,0
a017,q13,evaluative,v009,D,0,0,a017-q13-r000,0,valid,0,0,1,0
a017,q13,evaluative,v010,B,0,0,a017-q13-r000,0,valid,0,0,1,0
a017,q13,evaluative,v011,C,0,0,a017-q13-r000,0,valid,0,0,1,0
a017,q13,evaluative,v012,C,0,0,a017-q13-r000,0,valid,0,0,1,0
a017,q13,evaluative,v013,A,0,0,a017-q13-r000,0,valid,0,0,1,0
a017,q13,evaluative,v014,C,0,0,a017-q13-r000,0,valid,0,0,1,0
a017,q13,evaluative,v015,B,0,0,a017-q13-r000,0,valid,0,0,1,0
a017,q13,evaluative,v016,D,0,0,a017-q13-r000,0,valid,0,0,1,0
a017,q13,evaluative,v017,A,0,0,a017-q13-r000,0,valid,0,0,1,0
a017,q13,evaluative,v018,D,0,0,a017-q13-r000,0,valid,0,0,1,0
a017,q13,evaluative,v019,D,0,0,a017-q13-r000,0,valid,0,0,1,0
a017,q13,evaluative,v020,B,0,0,a017-q13-r000,0,valid,0,0,1,0
a017,q13,evaluative,v021,C,0,0,a017-q13-r000,0,valid,0,0,1,0
a017,q13,evaluative,v022,D,0,0,a017-q13-r000,0,valid,0,0,1,0
a017,q13,evaluative,v023,A,0,0,a017-q13-r000,0,valid,0,0,1,0
a017,q13,evaluative,v024,C,0,0,a017-q13-r000,0,valid,0,0,1,0
a017,q13,evaluative,v025,D,0,0,a017-q13-r000,0,valid,0,0,1,0
a017,q13,evaluative,v026,D,0,0,a017-q13-r000,0,valid,0,0,1,0
a017,q13,evaluative,v027,C,0,0,a017-q13-r000,0,valid,0,0,1,0
a017,q13,evaluative,v028,A,0,0,a017-q13-r000,0,valid,0,0,1,0
a017,q13,evaluative,v029,B,0,0,a017-q13-r000,0,valid,0,0,1,0
a017,q13,evaluative,v030,C,0,0,a017-q13-r000,0,valid,0,0,1,0
a017,q13,evaluative,v031,A,0,0,a017-q13-r000,0,valid,0,0,1,0
a017,q13,evaluative,v032,D,0,0,a017-q13-r000,0,valid,0,0,1,0
a017,q14,evaluative,v001,B,0,0,a017-q14-r000,0,valid,0,0,1,0
a017,q14,evaluative,v002,A,0,0,a017-q14-r000,0,valid,0,0,1,0
a017,q14,evaluative,v003,B,0,0,a017-q14-r000,0,valid,0,0,1,0
a017,q14,evaluative,v004,B,0,0,a017-q14-r000,0,valid,0,0,1,0
a017,q14,evaluative,v005,A,0,0,a017-q14-r000,0,valid,0,0,1,0
a017,q14,evaluative,v006,C,0,0,a017-q14-r000,0,valid,0,0,1,0
a017,q14,evaluative,v007,A,0,0,a017-q14-r000,0,valid,0,0,1,0
a017,q14,evaluative,v008,B,0,0,a017-q14-r000,0,valid,0,0,1,0
a017,q14,evaluative,v009,D,0,0,a017-q14-r000,0,valid,0,0,1,0
a017,q14,evaluative,v010,B,0,0,a017-q14-r000,0,valid,0,0,1,0
a017,q14,evaluative,v011,C,0,0,a017-q14-r000,0,valid,0,0,1,0
a017,q14,evaluative,v012,C,0,0,a017-q14-r000,0,valid,0,0,1,0
a017,q14,evaluative,v013,A,0,0,a017-q14-r000,0,valid,0,0,1,0
a017,q14,evaluative,v014,C,0,0,a017-q14-r000,0,valid,0,0,1,0
a017,q14,evaluative,v015,B,0,0,a017-q14-r000,0,valid,0,0,1,0
a017,q14,evaluative,v016,D,0,0,a017-q14-r000,0,valid,0,0,1,0
a017,q14,evaluative,v017,A,0,0,a017-q14-r000,0,valid,0,0,1,0
a017,q14,evaluative,v018,D,0,0,a017-q14-r000,0,valid,0,0,1,0
a017,q14,evaluative,v019,D,0,0,a017-q14-r000,0,valid,0,0,1,0
a017,q14,evaluative,v020,B,0,0,a017-q14-r000,0,valid,0,0,1,0
a017,q14,evaluative,v021,C,0,0,a017-q14-r000,0,valid,0,0,1,0
a017,q14,evaluative,v022,D,0,0,a017-q14-r000,0,valid,0,0,1,0
a017,q14,evaluative,v023,A,0,0,a017-q14-r000,0,valid,0,0,1,0
a017,q14,evaluative,v024,C,0,0,a017-q14-r000,0,valid,0,0,1,0
a017,q14,evaluative,v025,D,0,0,a017-q14-r000,0,valid,0,0,1,0
a017,q14,evaluative,v026,D,0,0,a017-q14-r000,0,valid,0,0,1,0
a017,q14,evaluative,v027,C,0,0,a017-q14-r000,0,valid,0,0,1,0
a017,q14,evaluative,v028,A,0,0,a017-q14-r000,0,valid,0,0,1,0
a017,q14,evaluative,v029,B,0,0,a017-q14-r000,0,valid,0,0,1,0
a017,q14,evaluative,v030,C,0,0,a017-q14-r000,0,valid,0,0,1,0
a017,q14,evaluative,v031,A,0,0,a017-q14-r000,0,valid,0,0,1,0
a017,q14,evaluative,v032,D,0,0,a017-q14-r000,0,valid,0,0,1,0
a017,q15,evaluative,v001,B,0,0,a017-q15-r000,0,valid,0,0,0,0
a017,q15,evaluative,v002,A,0,0,a017-q15-r000,0,valid,0,0,0,0
a017,q15,evaluative,v003,B,0,0,a017-q15-r000,0,valid,0,0,0,0
a017,q15,evaluative,v004,B,0,0,a017-q15-r000,0,valid,0,0,0,0
a017,q15,evaluative,v005,A,0,0,a017-q15-r000,0,valid,0,0,0,0
a017,q15,evaluative,v006,C,0,0,a017-q15-r000,0,valid,0,0,0,0
a017,q15,evaluative,v007,A,1,1,a017-q15-r000,0,valid,1,1,0,0
a017,q15,evaluative,v008,B,1,1,a017-q15-r000,0,valid,1,1,0,0
a017,q15,evaluative,v009,D,0,0,a017-q15-r000,0,valid,0,0,0,0
a017,q15,evaluative,v010,B,0,0,a017-q15-r000,0,valid,0,0,0,0
a017,q15,evaluative,v011,C,0,0,a017-q15-r000,0,valid,0,0,0,0
a017,q15,evaluative,v012,C,0,0,a017-q15-r000,0,valid,0,0,0,0
a017,q15,evaluative,v013,A,0,0,a017-q15-r000,0,valid,0,0,0,0
a017,q15,evaluative,v014,C,0,0,a017-q15-r000,0,valid,0,0,0,0
a017,q15,evaluative,v015,B,0,0,a017-q15-r000,0,valid,0,0,0,0
a017,q15,evaluative,v016,D,0,0,a017-q15-r000,0,valid,0,0,0,0
a017,q15,evaluative,v017,A,0,0,a017-q15-r000,0,valid,0,0,0,0
a017,q15,evaluative,v018,D,0,0,a017-q15-r000,0,valid,0,0,0,0
a017,q15,evaluative,v019,D,0,0,a017-q15-r000,0,valid,0,0,0,0
a017,q15,evaluative,v020,B,0,0,a017-q15-r000,0,valid,0,0,0,0
a017,q15,evaluative,v021,C,0,0,a017-q15-r000,0,valid,0,0,0,0
a017,q15,evaluative,v022,D,0,0,a017-q15-r000,0,valid,0,0,0,0
a017,q15,evaluative,v023,A,0,0,a017-q15-r000,0,valid,0,0,0,0
a017,q15,evaluative,v024,C,0,0,a017-q15-r000,0,valid,0,0,0,0
a017,q15,evaluative,v025,D,0,0,a017-q15-r000,0,valid,0,0,0,0
a017,q15,evaluative,v026,D,0,0,a017-q15-r000,0,valid,0,0,0,0
a017,q15,evaluative,v027,C,0,0,a017-q15-r000,0,valid,0,0,0,0
a017,q15,evaluative,v028,A,0,0,a017-q15-r000,0,valid,0,0,0,0
a017,q15,evaluative,v029,B,0,0,a017-q15-r000,0,valid,0,0,0,0
a017,q15,evaluative,v030,C,0,0,a017-q15-r000,0,valid,0,0,0,0
a017,q15,evaluative,v031,A,0,0,a017-q15-r000,0,valid,0,0,0,0
a017,q15,evaluative,v032,D,0,0,a017-q15-r000,0,valid,0,0,0,0
a017,q16,evaluative,v001,B,0,0,a017-q16-r000,0,valid,0,0,0,0
a017,q16,evaluative,v002,A,0,0,a017-q16-r000,0,valid,0,0,0,0
a017,q16,evaluative,v003,B,0,0,a017-q16-r000,0,valid,0,0,0,0
a017,q16,evaluative,v004,B,1,1,a017-q16-r000,0,valid,0,0,0,0
a017,q16,evaluative,v005,A,0,0,a017-q16-r000,0,valid,0,0,0,0
a017,q16,evaluative,v006,C,0,0,a017-q16-r000,0,valid,0,0,0,0
a017,q16,evaluative,v007,A,0,0,a017-q16-r000,0,valid,0,0,0,0
a017,q16,evaluative,v008,B,1,1,a017-q16-r000,0,valid,1,1,0,0
a017,q16,evaluative,v009,D,0,0,a017-q16-r000,0,valid,0,0,0,0
a017,q16,evaluative,v010,B,0,0,a017-q16-r000,0,valid,0,0,0,0
a017,q16,evaluative,v011,C,0,0,a017-q16-r000,0,valid,0,0,0,0
a017,q16,evaluative,v012,C,0,0,a017-q16-r000,0,valid,0,0,0,0
a017,q16,evaluative,v013,A,0,0,a017-q16-r000,0,valid,0,0,0,0
a017,q16,evaluative,v014,C,0,0,a017-q16-r000,0,valid,0,0,0,0
a017,q16,evaluative,v015,B,0,0,a017-q16-r000,0,valid,0,0,0,0
a017,q16,evaluative,v016,D,0,0,a017-q16-r000,0,valid,0,0,0,0
a017,q16,evaluative,v017,A,0,0,a017-q16-r000,0,valid,0,0,0,0
a017,q16,evaluative,v018,D,0,0,a017-q16-r000,0,valid,0,0,0,0
a017,q16,evaluative,v019,D,0,0,a017-q16-r000,0,valid,0,0,0,0
a017,q16,evaluative,v020,B,1,1,a017-q16-r000,0,valid,1,1,0,0
a017,q16,evaluative,v021,C,0,0,a017-q16-r000,0,valid,0,0,0,0
a017,q16,evaluative,v022,D,0,0,a017-q16-r000,0,valid,0,0,0,0
a017,q16,evaluative,v023,A,0,0,a017-q16-r000,0,valid,0,0,0,0
a017,q16,evaluative,v024,C,0,0,a017-q16-r000,0,valid,0,0,0,0
a017,q16,evaluative,v025,D,0,0,a017-q16-r000,0,valid,0,0,0,0
a017,q16,evaluative,v026,D,0,0,a017-q16-r000,0,valid,0,0,0,0
a017,q16,evaluative,v027,C,0,0,a017-q16-r000,0,valid,0,0,0,0
a017,q16,evaluative,v028,A,1,1,a017-q16-r000,0,valid,1,1,0,0
a017,q16,evaluative,v029,B,0,0,a017-q16-r000,0,valid,0,0,0,0
a017,q16,evaluative,v030,C,0,0,a017-q16-r000,0,valid,0,0,0,0
a017,q16,evaluative,v031,A,0,0,a017-q16-r000,0,valid,0,0,0,0
a017,q16,evaluative,v032,D,1,1,a017-q16-r000,0,valid,0,0,0,0
a017,q17,evaluative,v001,B,0,0,a017-q17-r000,0,valid,0,0,0,0
a017,q17,evaluative,v002,A,0,0,a017-q17-r000,0,valid,0,0,0,0
a017,q17,evaluative,v003,B,0,0,a017-q17-r000,0,valid,0,0,0,0
a017,q17,evaluative,v004,B,1,1,a017-q17-r000,0,valid,0,0,0,0
a017,q17,evaluative,v005,A,0,0,a017-q17-r000,0,valid,0,0,0,0
a017,q17,evaluative,v006,C,0,0,a017-q17-r000,0,valid,0,0,0,0
a017,q17,evaluative,v007,A,0,0,a017-q17-r000,0,valid,0,0,0,0
a017,q17,evaluative,v008,B,1,1,a017-q17-r000,0,valid,1,1,0,0
a017,q17,evaluative,v009,D,0,0,a017-q17-r000,0,valid,0,0,0,0
a017,q17,evaluative,v010,B,0,0,a017-q17-r000,0,valid,0,0,0,0
a017,q17,evaluative,v011,C,0,0,a017-q17-r000,0,valid,0,0,0,0
a017,q17,evaluative,v012,C,0,0,a017-q17-r000,0,valid,0,0,0,0
a017,q17,evaluative,v013,A,0,0,a017-q17-r000,0,valid,0,0,0,0
a017,q17,evaluative,v014,C,0,0,a017-q17-r000,0,valid,0,0,0,0
a017,q17,evaluative,v015,B,0,0,a017-q17-r000,0,valid,0,0,0,0
a017,q17,evaluative,v016,D,0,0,a017-q17-r000,0,valid,0,0,0,0
a017,q17,evaluative,v017,A,0,0,a017-q17-r000,0,valid,0,0,0,0
a017,q17,evaluative,v018,D,0,0,a017-q17-r000,0,valid,0,0,0,0
a017,q17,evaluative,v019,D,0,0,a017-q17-r000,0,valid,0,0,0,0
a017,q17,evaluative,v020,B,1,1,a017-q17-r000,0,valid,1,1,0,0
a017,q17,evaluative,v021,C,0,0,a017-q17-r000,0,valid,0,0,0,0
a017,q17,evaluative,v022,D,0,0,a017-q17-r000,0,valid,0,0,0,0
a017,q17,evaluative,v023,A,0,0,a017-q17-r000,0,valid,0,0,0,0
a017,q17,evaluative,v024,C,0,0,a017-q17-r000,0,valid,0,0,0,0
a017,q17,evaluative,v025,D,0,0,a017-q17-r000,0,valid,0,0,0,0
a017,q17,evaluative,v026,D,0,0,a017-q17-r000,0,valid,0,0,0,0
a017,q17,evaluative,v027,C,0,0,a017-q17-r000,0,valid,0,0,0,0
a017,q17,evaluative,v028,A,1,1,a017-q17-r000,0,valid,1,1,0,0
a017,q17,evaluative,v029,B,0,0,a017-q17-r000,0,valid,0,0,0,0
a017,q17,evaluative,v030,C,0,0,a017-q17-r000,0,valid,0,0,0,0
a017,q17,evaluative,v031,A,0,0,a017-q17-r000,0,valid,0,0,0,0
a017,q17,evaluative,v032,D,1,1,a017-q17-r000,0,valid,0,0,0,0
a017,q18,evaluative,v001,B,0,0,a017-q18-r000,0,valid,0,0,1,0
a017,q18,evaluative,v002,A,0,0,a017-q18-r000,0,valid,0,0,1,0
a017,q18,evaluative,v003,B,0,0,a017-q18-r000,0,valid,0,0,1,0
a017,q18,evaluative,v004,B,0,0,a017-q18-r000,0,valid,0,0,1,0
a017,q18,evaluative,v005,A,0,0,a017-q18-r000,0,valid,0,0,1,0
a017,q18,evaluative,v006,C,0,0,a017-q18-r000,0,valid,0,0,1,0
a017,q18,evaluative,v007,A,0,0,a017-q18-r000,0,valid,0,0,1,0
a017,q18,evaluative,v008,B,0,0,a017-q18-r000,0,valid,0,0,1,0
a017,q18,evaluative,v009,D,0,0,a017-q18-r000,0,valid,0,0,1,0
a017,q18,evaluative,v010,B,0,0,a017-q18-r000,0,valid,0,0,1,0
a017,q18,evaluative,v011,C,0,0,a017-q18-r000,0,valid,0,0,1,0
a017,q18,evaluative,v012,C,0,0,a017-q18-r000,0,valid,0,0,1,0
a017,q18,evaluative,v013,A,0,0,a017-q18-r000,0,valid,0,0,1,0
a017,q18,evaluative,v014,C,0,0,a017-q18-r000,0,valid,0,0,1,0
a017,q18,evaluative,v015,B,0,0,a017-q18-r000,0,valid,0,0,1,0
a017,q18,evaluative,v016,D,0,0,a017-q18-r000,0,valid,0,0,1,0
a017,q18,evaluative,v017,A,0,0,a017-q18-r000,0,valid,0,0,1,0
a017,q18,evaluative,v018,D,0,0,a017-q18-r000,0,valid,0,0,1,0
a017,q18,evaluative,v019,D,0,0,a017-q18-r000,0,valid,0,0,1,0
a017,q18,evaluative,v020,B,0,0,a017-q18-r000,0,valid,0,0,1,0
a017,q18,evaluative,v021,C,0,0,a017-q18-r000,0,valid,0,0,1,0
a017,q18,evaluative,v022,D,0,0,a017-q18-r000,0,valid,0,0,1,0
a017,q18,evaluative,v023,A,0,0,a017-q18-r000,0,valid,0,0,1,0
a017,q18,evaluative,v024,C,0,0,a017-q18-r000,0,valid,0,0,1,0
a017,q18,evaluative,v025,D,0,0,a017-q18-r000,0,valid,0,0,1,0
a017,q18,evaluative,v026,D,0,0,a017-q18-r000,0,valid,0,0,1,0
a017,q18,evaluative,v027,C,0,0,a017-q18-r000,0,valid,0,0,1,0
a017,q18,evaluative,v028,A,0,0,a017-q18-r000,0,valid,0,0,1,0
a017,q18,evaluative,v029,B,0,0,a017-q18-r000,0,valid,0,0,1,0
a017,q18,evaluative,v030,C,0,0,a017-q18-r000,0,valid,0,0,1,0
a017,q18,evaluative,v031,A,0,0,a017-q18-r000,0,valid,0,0,1,0
a017,q18,evaluative,v032,D,0,0,a017-q18-r000,0,valid,0,0,1,0
a017,q19,evaluative,v001,B,0,0,a017-q19-r000,0,valid,0,0,1,0
a017,q19,evaluative,v002,A,0,0,a017-q19-r000,0,valid,0,0,1,0
a017,q19,evaluative,v003,B,0,0,a017-q19-r000,0,valid,0,0,1,0
a017,q19,evaluative,v004,B,0,0,a017-q19-r000,0,valid,0,0,1,0
a017,q19,evaluative,v005,A,0,0,a017-q19-r000,0,valid,0,0,1,0
a017,q19,evaluative,v006,C,0,0,a017-q19-r000,0,valid,0,0,1,0
a017,q19,evaluative,v007,A,0,0,a017-q19-r000,0,valid,0,0,1,0
a017,q19,evaluative,v008,B,0,0,a017-q19-r000,0,valid,0,0,1,0
a017,q19,evaluative,v009,D,0,0,a017-q19-r000,0,valid,0,0,1,0
a017,q19,evaluative,v010,B,0,0,a017-q19-r000,0,valid,0,0,1,0
a017,q19,evaluative,v011,C,0,0,a017-q19-r000,0,valid,0,0,1,0
a017,q19,evaluative,v012,C,0,0,a017-q19-r000,0,valid,0,0,1,0
a017,q19,evaluative,v013,A,0,0,a017-q19-r000,0,valid,0,0,1,0
a017,q19,evaluative,v014,C,0,0,a017-q19-r000,0,valid,0,0,1,0
a017,q19,evaluative,v015,B,0,0,a017-q19-r000,0,valid,0,0,1,0
a017,q19,evaluative,v016,D,0,0,a017-q19-r000,0,valid,0,0,1,0
a017,q19,evaluative,v017,A,0,0,a017-q19-r000,0,valid,0,0,1,0
a017,q19,evaluative,v018,D,0,0,a017-q19-r000,0,valid,0,0,1,0
a017,q19,evaluative,v019,D,0,0,a017-q19-r000,0,valid,0,0,1,0
a017,q19,evaluative,v020,B,0,0,a017-q19-r000,0,valid,0,0,1,0
a017,q19,evaluative,v021,C,0,0,a017-q19-r000,0,valid,0,0,1,0
a017,q19,evaluative,v022,D,0,0,a017-q19-r000,0,valid,0,0,1,0
a017,q19,evaluative,v023,A,0,0,a017-q19-r000,0,valid,0,0,1,0
a017,q19,evaluative,v024,C,0,0,a017-q19-r000,0,valid,0,0,1,0
a017,q19,evaluative,v025,D,0,0,a017-q19-r000,0,valid,0,0,1,0
a017,q19,evaluative,v026,D,0,0,a017-q19-r000,0,valid,0,0,1,0
a017,q19,evaluative,v027,C,0,0,a017-q19-r000,0,valid,0,0,1,0
a017,q19,evaluative,v028,A,0,0,a017-q19-r000,0,valid,0,0,1,0
a017,q19,evaluative,v029,B,0,0,a017-q19-r000,0,valid,0,0,1,0
a017,q19,evaluative,v030,C,0,0,a017-q19-r000,0,valid,0,0,1,0
a017,q19,evaluative,v031,A,0,0,a017-q19-r000,0,valid,0,0,1,0
a017,q19,evaluative,v032,D,0,0,a017-q19-r000,0,valid,0,0,1,0
a017,q20,evaluative,v001,B,1,1,a017-q20-r000,0,valid,1,1,0,0
a017,q20,evaluative,v002,A,0,0,a017-q20-r000,0,valid,0,0,0,0
a017,q20,evaluative,v003,B,0,0,a017-q20-r000,0,valid,0,0,0,0
a017,q20,evaluative,v004,B,0,0,a017-q20-r000,0,valid,0,0,0,0
a017,q20,evaluative,v005,A,0,0,a017-q20-r000,0,valid,0,0,0,0
a017,q20,evaluative,v006,C,0,0,a017-q20-r000,0,valid,0,0,0,0
a017,q20,evaluative,v007,A,0,0,a017-q20-r000,0,valid,0,0,0,0
a017,q20,evaluative,v008,B,0,0,a017-q20-r000,0,valid,0,0,0,0
a017,q20,evaluative,v009,D,0,0,a017-q20-r000,0,valid,0,0,0,0
a017,q20,evaluative,v010,B,0,0,a017-q20-r000,0,valid,0,0,0,0
a017,q20,evaluative,v011,C,0,0,a017-q20-r000,0,valid,0,0,0,0
a017,q20,evaluative,v012,C,0,0,a017-q20-r000,0,valid,0,0,0,0
a017,q20,evaluative,v013,A,1,1,a017-q20-r000,0,valid,1,1,0,0
a017,q20,evaluative,v014,C,0,0,a017-q20-r000,0,valid,0,0,0,0
a017,q20,evaluative,v015,B,0,0,a017-q20-r000,0,valid,0,0,0,0
a017,q20,evaluative,v016,D,0,0,a017-q20-r000,0,valid,0,0,0,0
a017,q20,evaluative,v017,A,0,0,a017-q20-r000,0,valid,0,0,0,0
a017,q20,evaluative,v018,D,0,0,a017-q20-r000,0,valid,0,0,0,0
a017,q20,evaluative,v019,D,0,0,a017-q20-r000,0,valid,0,0,0,0
a017,q20,evaluative,v020,B,0,0,a017-q20-r000,0,valid,0,0,0,0
a017,q20,evaluative,v021,C,0,0,a017-q20-r000,0,valid,0,0,0,0
a017,q20,evaluative,v022,D,0,0,a017-q20-r000,0,valid,0,0,0,0
a017,q20,evaluative,v023,A,0,0,a017-q20-r000,0,valid,0,0,0,0
a017,q20,evaluative,v024,C,0,0,a017-q20-r000,0,valid,0,0,0,0
a017,q20,evaluative,v025,D,0,0,a017-q20-r000,0,valid,0,0,0,0
a017,q20,evaluative,v026,D,0,0,a017-q20-r000,0,valid,0,0,0,0
a017,q20,evaluative,v027,C,0,0,a017-q20-r000,0,valid,0,0,0,0
a017,q20,evaluative,v028,A,0,0,a017-q20-r000,0,valid,0,0,0,0
a017,q20,evaluative,v029,B,0,0,a017-q20-r000,0,valid,0,0,0,0
a017,q20,evaluative,v030,C,0,0,a017-q20-r000,0,valid,0,0,0,0
a017,q20,evaluative,v031,A,0,0,a017-q20-r000,0,valid,0,0,0,0
a017,q20,evaluative,v032,D,0,0,a017-q20-r000,0,valid,0,0,0,0
a017,q21,evaluative,v001,B,0,0,a017-q21-r000,0,valid,0,0,1,0
a017,q21,evaluative,v002,A,0,0,a017-q21-r000,0,valid,0,0,1,0
a017,q21,evaluative,v003,B,0,0,a017-q21-r000,0,valid,0,0,1,0
a017,q21,evaluative,v004,B,0,0,a017-q21-r000,0,valid,0,0,1,0
a017,q21,evaluative,v005,A,0,0,a017-q21-r000,0,valid,0,0,1,0
a017,q21,evaluative,v006,C,0,0,a017-q21-r000,0,valid,0,0,1,0
a017,q21,evaluative,v007,A,0,0,a017-q21-r000,0,valid,0,0,1,0
a017,q21,evaluative,v008,B,0,0,a017-q21-r000,0,valid,0,0,1,0
a017,q21,evaluative,v009,D,0,0,a017-q21-r000,0,valid,0,0,1,0
a017,q21,evaluative,v010,B,0,0,a017-q21-r000,0,valid,0,0,1,0
a017,q21,evaluative,v011,C,0,0,a017-q21-r000,0,valid,0,0,1,0
a017,q21,evaluative,v012,C,0,0,a017-q21-r000,0,valid,0,0,1,0
a017,q21,evaluative,v013,A,0,0,a017-q21-r000,0,valid,0,0,1,0
a017,q21,evaluative,v014,C,0,0,a017-q21-r000,0,valid,0,0,1,0
a017,q21,evaluative,v015,B,0,0,a017-q21-r000,0,valid,0,0,1,0
a017,q21,evaluative,v016,D,0,0,a017-q21-r000,0,valid,0,0,1,0
a017,q21,evaluative,v017,A,0,0,a017-q21-r000,0,valid,0,0,1,0
a017,q21,evaluative,v018,D,0,0,a017-q21-r000,0,valid,0,0,1,0
a017,q21,evaluative,v019,D,0,0,a017-q21-r000,0,valid,0,0,1,0
a017,q21,evaluative,v020,B,0,0,a017-q21-r000,0,valid,0,0,1,0
a017,q21,evaluative,v021,C,0,0,a017-q21-r000,0,valid,0,0,1,0
a017,q21,evaluative,v022,D,0,0,a017-q21-r000,0,valid,0,0,1,0
a017,q21,evaluative,v023,A,0,0,a017-q21-r000,0,valid,0,0,1,0
a017,q21,evaluative,v024,C,0,0,a017-q21-r000,0,valid,0,0,1,0
a017,q21,evaluative,v025,D,0,0,a017-q21-r000,0,valid,0,0,1,0
a017,q21,evaluative,v026,D,0,0,a017-q21-r000,0,valid,0,0,1,0
a017,q21,evaluative,v027,C,0,0,a017-q21-r000,0,valid,0,0,1,0
a017,q21,evaluative,v028,A,0,0,a017-q21-r000,0,valid,0,0,1,0
a017,q21,evaluative,v029,B,0,0,a017-q21-r000,0,valid,0,0,1,0
a017,q21,evaluative,v030,C,0,0,a017-q21-r000,0,valid,0,0,1,0
a017,q21,evaluative,v031,A,0,0,a017-q21-r000,0,valid,0,0,1,0
a017,q21,evaluative,v032,D,0,0,a017-q21-r000,0,valid,0,0,1,0
a017,q22,evaluative,v001,B,0,0,a017-q22-r000,0,valid,0,0,1,0
a017,q22,evaluative,v002,A,0,0,a017-q22-r000,0,valid,0,0,1,0
a017,q22,evaluative,v003,B,0,0,a017-q22-r000,0,valid,0,0,1,0
a017,q22,evaluative,v004,B,0,0,a017-q22-r000,0,valid,0,0,1,0
a017,q22,evaluative,v005,A,0,0,a017-q22-r000,0,valid,0,0,1,0
a017,q22,evaluative,v006,C,0,0,a017-q22-r000,0,valid,0,0,1,0
a017,q22,evaluative,v007,A,0,0,a017-q22-r000,0,valid,0,0,1,0
a017,q22,evaluative,v008,B,0,0,a017-q22-r000,0,valid,0,0,1,0
a017,q22,evaluative,v009,D,0,0,a017-q22-r000,0,valid,0,0,1,0
a017,q22,evaluative,v010,B,0,0,a017-q22-r000,0,valid,0,0,1,0
a017,q22,evaluative,v011,C,0,0,a017-q22-r000,0,valid,0,0,1,0
a017,q22,evaluative,v012,C,0,0,a017-q22-r000,0,valid,0,0,1,0
a017,q22,evaluative,v013,A,0,0,a017-q22-r000,0,valid,0,0,1,0
a017,q22,evaluative,v014,C,0,0,a017-q22-r000,0,valid,0,0,1,0
a017,q22,evaluative,v015,B,0,0,a017-q22-r000,0,valid,0,0,1,0
a017,q22,evaluative,v016,D,0,0,a017-q22-r000,0,valid,0,0,1,0
a017,q22,evaluative,v017,A,0,0,a017-q22-r000,0,valid,0,0,1,0
a017,q22,evaluative,v018,D,0,0,a017-q22-r000,0,valid,0,0,1,0
a017,q22,evaluative,v019,D,0,0,a017-q22-r000,0,valid,0,0,1,0
a017,q22,evaluative,v020,B,0,0,a017-q22-r000,0,valid,0,0,1,0
a017,q22,evaluative,v021,C,0,0,a017-q22-r000,0,valid,0,0,1,0
a017,q22,evaluative,v022,D,0,0,a017-q22-r000,0,valid,0,0,1,0
a017,q22,evaluative,v023,A,0,0,a017-q22-r000,0,valid,0,0,1,0
a017,q22,evaluative,v024,C,0,0,a017-q22-r000,0,valid,0,0,1,0
a017,q22,evaluative,v025,D,0,0,a017-q22-r000,0,valid,0,0,1,0
a017,q22,evaluative,v026,D,0,0,a017-q22-r000,0,valid,0,0,1,0
a017,q22,evaluative,v027,C,0,0,a017-q22-r000,0,valid,0,0,1,0
a017,q22,evaluative,v028,A,0,0,a017-q22-r000,0,valid,0,0,1,0
a017,q22,evaluative,v029,B,0,0,a017-q22-r000,0,valid,0,0,1,0
a017,q22,evaluative,v030,C,0,0,a017-q22-r000,0,valid,0,0,1,0
a017,q22,evaluative,v031,A,0,0,a017-q22-r000,0,valid,0,0,1,0
a017,q22,evaluative,v032,D,0,0,a017-q22-r000,0,valid,0,0,1,0
a017,q23,evaluative,v001,B,0,0,a017-q23-r000,0,valid,0,0,0,0
a017,q23,evaluative,v002,A,0,0,a017-q23-r000,0,valid,0,0,0,0
a017,q23,evaluative,v003,B,0,0,a017-q23-r000,0,valid,0,0,0,0
a017,q23,evaluative,v004,B,0,0,a017-q23-r000,0,valid,0,0,0,0
a017,q23,evaluative,v005,A,0,0,a017-q23-r000,0,valid,0,0,0,0
a017,q23,evaluative,v006,C,0,0,a017-q23-r000,0,valid,0,0,0,0
a017,q23,evaluative,v007,A,1,1,a017-q23-r000,0,valid,1,1,0,0
a017,q23,evaluative,v008,B,0,0,a017-q23-r000,0,valid,0,0,0,0
a017,q23,evaluative,v009,D,0,0,a017-q23-r000,0,valid,0,0,0,0
a017,q23,evaluative,v010,B,0,0,a017-q23-r000,0,valid,0,0,0,0
a017,q23,evaluative,v011,C,0,0,a017-q23-r000,0,valid,0,0,0,0
a017,q23,evaluative,v012,C,0,0,a017-q23-r000,0,valid,0,0,0,0
a017,q23,evaluative,v013,A,0,0,a017-q23-r000,0,valid,0,0,0,0
a017,q23,evaluative,v014,C,0,0,a017-q23-r000,0,valid,0,0,0,0
a017,q23,evaluative,v015,B,0,0,a017-q23-r000,0,valid,0,0,0,0
a017,q23,evaluative,v016,D,0,0,a017-q23-r000,0,valid,0,0,0,0
a017,q23,evaluative,v017,A,0,0,a017-q23-r000,0,valid,0,0,0,0
a017,q23,evaluative,v018,D,0,0,a017-q23-r000,0,valid,0,0,0,0
a017,q23,evaluative,v019,D,1,1,a017-q23-r000,0,valid,1,1,0,0
a017,q23,evaluative,v020,B,0,0,a017-q23-r000,0,valid,0,0,0,0
a017,q23,evaluative,v021,C,0,0,a017-q23-r000,0,valid,0,0,0,0
a017,q23,evaluative,v022,D,0,0,a017-q23-r000,0,valid,0,0,0,0
a017,q23,evaluative,v023,A,0,0,a017-q23-r000,0,valid,0,0,0,0
a017,q23,evaluative,v024,C,0,0,a017-q23-r000,0,valid,0,0,0,0
a017,q23,evaluative,v025,D,0,0,a017-q23-r000,0,valid,0,0,0,0
a017,q23,evaluative,v026,D,0,0,a017-q23-r000,0,valid,0,0,0,0
a017,q23,evaluative,v027,C,0,0,a017-q23-r000,0,valid,0,0,0,0
a017,q23,evaluative,v028,A,0,0,a017-q23-r000,0,valid,0,0,0,0
a017,q23,evaluative,v029,B,0,0,a017-q23-r000,0,valid,0,0,0,0
a017,q23,evaluative,v030,C,0,0,a017-q23-r000,0,valid,0,0,0,0
a017,q23,evaluative,v031,A,1,1,a017-q23-r000,0,valid,1,1,0,0
a017,q23,evaluative,v032,D,0,0,a017-q23-r000,0,valid,0,0,0,0
a017,q24,evaluative,v001,B,0,0,a017-q24-r000,0,valid,0,0,1,0
a017,q24,evaluative,v002,A,0,0,a017-q24-r000,0,valid,0,0,1,0
a017,q24,evaluative,v003,B,0,0,a017-q24-r000,0,valid,0,0,1,0
a017,q24,evaluative,v004,B,0,0,a017-q24-r000,0,valid,0,0,1,0
a017,q24,evaluative,v005,A,0,0,a017-q24-r000,0,valid,0,0,1,0
a017,q24,evaluative,v006,C,0,0,a017-q24-r000,0,valid,0,0,1,0
a017,q24,evaluative,v007,A,0,0,a017-q24-r000,0,valid,0,0,1,0
a017,q24,evaluative,v008,B,0,0,a017-q24-r000,0,valid,0,0,1,0
a017,q24,evaluative,v009,D,0,0,a017-q24-r000,0,valid,0,0,1,0
a017,q24,evaluative,v010,B,0,0,a017-q24-r000,0,valid,0,0,1,0
a017,q24,evaluative,v011,C,0,0,a017-q24-r000,0,valid,0,0,1,0
a017,q24,evaluative,v012,C,0,0,a017-q24-r000,0,valid,0,0,1,0
a017,q24,evaluative,v013,A,0,0,a017-q24-r000,0,valid,0,0,1,0
a017,q24,evaluative,v014,C,0,0,a017-q24-r000,0,valid,0,0,1,0
a017,q24,evaluative,v015,B,0,0,a017-q24-r000,0,valid,0,0,1,0
a017,q24,evaluative,v016,D,0,0,a017-q24-r000,0,valid,0,0,1,0
a017,q24,evaluative,v017,A,0,0,a017-q24-r000,0,valid,0,0,1,0
a017,q24,evaluative,v018,D,0,0,a017-q24-r000,0,valid,0,0,1,0
a017,q24,evaluative,v019,D,0,0,a017-q24-r000,0,valid,0,0,1,0
a017,q24,evaluative,v020,B,0,0,a017-q24-r000,0,valid,0,0,1,0
a017,q24,evaluative,v021,C,0,0,a017-q24-r000,0,valid,0,0,1,0
a017,q24,evaluative,v022,D,0,0,a017-q24-r000,0,valid,0,0,1,0
a017,q24,evaluative,v023,A,0,0,a017-q24-r000,0,valid,0,0,1,0
a017,q24,evaluative,v024,C,0,0,a017-q24-r000,0,valid,0,0,1,0
a017,q24,evaluative,v025,D,0,0,a017-q24-r000,0,valid,0,0,1,0
a017,q24,evaluative,v026,D,0,0,a017-q24-r000,0,valid,0,0,1,0
a017,q24,evaluative,v027,C,0,0,a017-q24-r000,0,valid,0,0,1,0
a017,q24,evaluative,v028,A,0,0,a017-q24-r000,0,valid,0,0,1,0
a017,q24,evaluative,v029,B,0,0,a017-q24-r000,0,valid,0,0,1,0
a017,q24,evaluative,v030,C,0,0,a017-q24-r000,0,valid,0,0,1,0
a017,q24,evaluative,v031,A,0,0,a017-q24-r000,0,valid,0,0,1,0
a017,q24,evaluative,v032,D,0,0,a017-q24-r000,0,valid,0,0,1,0
a018,q01,transactional,v001,B,0,0,a018-q01-r000,0,valid,0,0,1,0
a018,q01,transactional,v002,A,0,0,a018-q01-r000,0,valid,0,0,1,0
a018,q01,transactional,v003,B,0,0,a018-q01-r000,0,valid,0,0,1,0
a018,q01,transactional,v004,D,0,0,a018-q01-r000,0,valid,0,0,1,0
a018,q01,transactional,v005,B,0,0,a018-q01-r000,0,valid,0,0,1,0
a018,q01,transactional,v006,C,0,0,a018-q01-r000,0,valid,0,0,1,0
a018,q01,transactional,v007,A,0,0,a018-q01-r000,0,valid,0,0,1,0
a018,q01,transactional,v008,A,0,0,a018-q01-r000,0,valid,0,0,1,0
a018,q01,transactional,v009,B,0,0,a018-q01-r000,0,valid,0,0,1,0
a018,q01,transactional,v010,D,0,0,a018-q01-r000,0,valid,0,0,1,0
a018,q01,transactional,v011,A,0,0,a018-q01-r000,0,valid,0,0,1,0
a018,q01,transactional,v012,B,0,0,a018-q01-r000,0,valid,0,0,1,0
a018,q01,transactional,v013,B,0,0,a018-q01-r000,0,valid,0,0,1,0
a018,q01,transactional,v014,D,0,0,a018-q01-r000,0,valid,0,0,1,0
a018,q01,transactional,v015,C,0,0,a018-q01-r000,0,valid,0,0,1,0
a018,q01,transactional,v016,C,0,0,a018-q01-r000,0,valid,0,0,1,0
a018,q01,transactional,v017,A,0,0,a018-q01-r000,0,valid,0,0,1,0
a018,q01,transactional,v018,D,0,0,a018-q01-r000,0,valid,0,0,1,0
a018,q01,transactional,v019,C,0,0,a018-q01-r000,0,valid,0,0,1,0
a018,q01,transactional,v020,C,0,0,a018-q01-r000,0,valid,0,0,1,0
a018,q01,transactional,v021,D,0,0,a018-q01-r000,0,valid,0,0,1,0
a018,q01,transactional,v022,D,0,0,a018-q01-r000,0,valid,0,0,1,0
a018,q01,transactional,v023,B,0,0,a018-q01-r000,0,valid,0,0,1,0
a018,q01,transactional,v024,C,0,0,a018-q01-r000,0,valid,0,0,1,0
a018,q01,transactional,v025,B,0,0,a018-q01-r000,0,valid,0,0,1,0
a018,q01,transactional,v026,C,0,0,a018-q01-r000,0,valid,0,0,1,0
a018,q01,transactional,v027,A,0,0,a018-q01-r000,0,valid,0,0,1,0
a018,q01,transactional,v028,A,0,0,a018-q01-r000,0,valid,0,0,1,0
a018,q01,transactional,v029,C,0,0,a018-q01-r000,0,valid,0,0,1,0
a018,q01,transactional,v030,A,0,0,a018-q01-r000,0,valid,0,0,1,0
a018,q01,transactional,v031,D,0,0,a018-q01-r000,0,valid,0,0,1,0
a018,q01,transactional,v032,D,0,0,a018-q01-r000,0,valid,0,0,1,0
a018,q02,transactional,v001,B,0,0,a018-q02-r000,0,valid,0,0,1,0
a018,q02,transactional,v002,A,0,0,a018-q02-r000,0,valid,0,0,1,0
a018,q02,transactional,v003,B,0,0,a018-q02-r000,0,valid,0,0,1,0
a018,q02,transactional,v004,D,0,0,a018-q02-r000,0,valid,0,0,1,0
a018,q02,transactional,v005,B,0,0,a018-q02-r000,0,valid,0,0,1,0
a018,q02,transactional,v006,C,0,0,a018-q02-r000,0,valid,0,0,1,0
a018,q02,transactional,v007,A,0,0,a018-q02-r000,0,valid,0,0,1,0
a018,q02,transactional,v008,A,0,0,a018-q02-r000,0,valid,0,0,1,0
a018,q02,transactional,v009,B,0,0,a018-q02-r000,0,valid,0,0,1,0
a018,q02,transactional,v010,D,0,0,a018-q02-r000,0,valid,0,0,1,0
a018,q02,transactional,v011,A,0,0,a018-q02-r000,0,valid,0,0,1,0
a018,q02,transactional,v012,B,0,0,a018-q02-r000,0,valid,0,0,1,0
a018,q02,transactional,v013,B,0,0,a018-q02-r000,0,valid,0,0,1,0
a018,q02,transactional,v014,D,0,0,a018-q02-r000,0,valid,0,0,1,0
a018,q02,transactional,v015,C,0,0,a018-q02-r000,0,valid,0,0,1,0
a018,q02,transactional,v016,C,0,0,a018-q02-r000,0,valid,0,0,1,0
a018,q02,transactional,v017,A,0,0,a018-q02-r000,0,valid,0,0,1,0
a018,q02,transactional,v018,D,0,0,a018-q02-r000,0,valid,0,0,1,0
a018,q02,transactional,v019,C,0,0,a018-q02-r000,0,valid,0,0,1,0
a018,q02,transactional,v020,C,0,0,a018-q02-r000,0,valid,0,0,1,0
a018,q02,transactional,v021,D,0,0,a018-q02-r000,0,valid,0,0,1,0
a018,q02,transactional,v022,D,0,0,a018-q02-r000,0,valid,0,0,1,0
a018,q02,transactional,v023,B,0,0,a018-q02-r000,0,valid,0,0,1,0
a018,q02,transactional,v024,C,0,0,a018-q02-r000,0,valid,0,0,1,0
a018,q02,transactional,v025,B,0,0,a018-q02-r000,0,valid,0,0,1,0
a018,q02,transactional,v026,C,0,0,a018-q02-r000,0,valid,0,0,1,0
a018,q02,transactional,v027,A,0,0,a018-q02-r000,0,valid,0,0,1,0
a018,q02,transactional,v028,A,0,0,a018-q02-r000,0,valid,0,0,1,0
a018,q02,transactional,v029,C,0,0,a018-q02-r000,0,valid,0,0,1,0
a018,q02,transactional,v030,A,0,0,a018-q02-r000,0,valid,0,0,1,0
a018,q02,transactional,v031,D,0,0,a018-q02-r000,0,valid,0,0,1,0
a018,q02,transactional,v032,D,0,0,a018-q02-r000,0,valid,0,0,1,0
a018,q03,transactional,v001,B,0,0,a018-q03-r000,0,valid,0,0,0,0
a018,q03,transactional,v002,A,0,0,a018-q03-r000,0,valid,0,0,0,0
a018,q03,transactional,v003,B,0,0,a018-q03-r000,0,valid,0,0,0,0
a018,q03,transactional,v004,D,0,0,a018-q03-r000,0,valid,0,0,0,0
a018,q03,transactional,v005,B,0,0,a018-q03-r000,0,valid,0,0,0,0
a018,q03,transactional,v006,C,0,0,a018-q03-r000,0,valid,0,0,0,0
a018,q03,transactional,v007,A,0,0,a018-q03-r000,0,valid,0,0,0,0
a018,q03,transactional,v008,A,0,0,a018-q03-r000,0,valid,0,0,0,0
a018,q03,transactional,v009,B,0,0,a018-q03-r000,0,valid,0,0,0,0
a018,q03,transactional,v010,D,1,1,a018-q03-r000,0,valid,1,1,0,0
a018,q03,transactional,v011,A,0,0,a018-q03-r000,0,valid,0,0,0,0
a018,q03,transactional,v012,B,0,0,a018-q03-r000,0,valid,0,0,0,0
a018,q03,transactional,v013,B,0,0,a018-q03-r000,0,valid,0,0,0,0
a018,q03,transactional,v014,D,0,0,a018-q03-r000,0,valid,0,0,0,0
a018,q03,transactional,v015,C,0,0,a018-q03-r000,0,valid,0,0,0,0
a018,q03,transactional,v016,C,0,0,a018-q03-r000,0,valid,0,0,0,0
a018,q03,transactional,v017,A,0,0,a018-q03-r000,0,valid,0,0,0,0
a018,q03,transactional,v018,D,1,1,a018-q03-r000,0,valid,1,1,0,0
a018,q03,transactional,v019,C,0,0,a018-q03-r000,0,valid,0,0,0,0
a018,q03,transactional,v020,C,0,0,a018-q03-r000,0,valid,0,0,0,0
a018,q03,transactional,v021,D,0,0,a018-q03-r000,0,valid,0,0,0,0
a018,q03,transactional,v022,D,0,0,a018-q03-r000,0,valid,0,0,0,0
a018,q03,transactional,v023,B,0,0,a018-q03-r000,0,valid,0,0,0,0
a018,q03,transactional,v024,C,0,0,a018-q03-r000,0,valid,0,0,0,0
a018,q03,transactional,v025,B,0,0,a018-q03-r000,0,valid,0,0,0,0
a018,q03,transactional,v026,C,0,0,a018-q03-r000,0,valid,0,0,0,0
a018,q03,transactional,v027,A,0,0,a018-q03-r000,0,valid,0,0,0,0
a018,q03,transactional,v028,A,0,0,a018-q03-r000,0,valid,0,0,0,0
a018,q03,transactional,v029,C,0,0,a018-q03-r000,0,valid,0,0,0,0
a018,q03,transactional,v030,A,0,0,a018-q03-r000,0,valid,0,0,0,0
a018,q03,transactional,v031,D,0,0,a018-q03-r000,0,valid,0,0,0,0
a018,q03,transactional,v032,D,0,0,a018-q03-r000,0,valid,0,0,0,0
a018,q04,transactional,v001,B,1,1,a018-q04-r000,0,valid,1,1,0,0
a018,q04,transactional,v002,A,0,0,a018-q04-r000,0,valid,0,0,0,0
a018,q04,transactional,v003,B,0,0,a018-q04-r000,0,valid,0,0,0,0
a018,q04,transactional,v004,D,0,0,a018-q04-r000,0,valid,0,0,0,0
a018,q04,transactional,v005,B,0,0,a018-q04-r000,0,valid,0,0,0,0
a018,q04,transactional,v006,C,0,0,a018-q04-r000,0,valid,0,0,0,0
a018,q04,transactional,v007,A,0,0,a018-q04-r000,0,valid,0,0,0,0
a018,q04,transactional,v008,A,0,0,a018-q04-r000,0,valid,0,0,0,0
a018,q04,transactional,v009,B,0,0,a018-q04-r000,0,valid,0,0,0,0
a018,q04,transactional,v010,D,0,0,a018-q04-r000,0,valid,0,0,0,0
a018,q04,transactional,v011,A,0,0,a018-q04-r000,0,valid,0,0,0,0
a018,q04,transactional,v012,B,0,0,a018-q04-r000,0,valid,0,0,0,0
a018,q04,transactional,v013,B,1,1,a018-q04-r000,0,valid,1,1,0,0
a018,q04,transactional,v014,D,0,0,a018-q04-r000,0,valid,0,0,0,0
a018,q04,transactional,v015,C,0,0,a018-q04-r000,0,valid,0,0,0,0
a018,q04,transactional,v016,C,0,0,a018-q04-r000,0,valid,0,0,0,0
a018,q04,transactional,v017,A,0,0,a018-q04-r000,0,valid,0,0,0,0
a018,q04,transactional,v018,D,0,0,a018-q04-r000,0,valid,0,0,0,0
a018,q04,transactional,v019,C,0,0,a018-q04-r000,0,valid,0,0,0,0
a018,q04,transactional,v020,C,0,0,a018-q04-r000,0,valid,0,0,0,0
a018,q04,transactional,v021,D,0,0,a018-q04-r000,0,valid,0,0,0,0
a018,q04,transactional,v022,D,0,0,a018-q04-r000,0,valid,0,0,0,0
a018,q04,transactional,v023,B,0,0,a018-q04-r000,0,valid,0,0,0,0
a018,q04,transactional,v024,C,0,0,a018-q04-r000,0,valid,0,0,0,0
a018,q04,transactional,v025,B,0,0,a018-q04-r000,0,valid,0,0,0,0
a018,q04,transactional,v026,C,0,0,a018-q04-r000,0,valid,0,0,0,0
a018,q04,transactional,v027,A,0,0,a018-q04-r000,0,valid,0,0,0,0
a018,q04,transactional,v028,A,0,0,a018-q04-r000,0,valid,0,0,0,0
a018,q04,transactional,v029,C,0,0,a018-q04-r000,0,valid,0,0,0,0
a018,q04,transactional,v030,A,0,0,a018-q04-r000,0,valid,0,0,0,0
a018,q04,transactional,v031,D,0,0,a018-q04-r000,0,valid,0,0,0,0
a018,q04,transactional,v032,D,0,0,a018-q04-r000,0,valid,0,0,0,0
a018,q05,transactional,v001,B,0,0,a018-q05-r000,0,valid,0,0,0,0
a018,q05,transactional,v002,A,0,0,a018-q05-r000,0,valid,0,0,0,0
a018,q05,transactional,v003,B,0,0,a018-q05-r000,0,valid,0,0,0,0
a018,q05,transactional,v004,D,0,0,a018-q05-r000,0,valid,0,0,0,0
a018,q05,transactional,v005,B,0,0,a018-q05-r000,0,valid,0,0,0,0
a018,q05,transactional,v006,C,0,0,a018-q05-r000,0,valid,0,0,0,0
a018,q05,transactional,v007,A,0,0,a018-q05-r000,0,valid,0,0,0,0
a018,q05,transactional,v008,A,1,1,a018-q05-r000,0,valid,1,1,0,0
a018,q05,transactional,v009,B,0,0,a018-q05-r000,0,valid,0,0,0,0
a018,q05,transactional,v010,D,0,0,a018-q05-r000,0,valid,0,0,0,0
a018,q05,transactional,v011,A,0,0,a018-q05-r000,0,valid,0,0,0,0
a018,q05,transactional,v012,B,1,1,a018-q05-r000,0,valid,1,1,0,0
a018,q05,transactional,v013,B,0,0,a018-q05-r000,0,valid,0,0,0,0
a018,q05,transactional,v014,D,0,0,a018-q05-r000,0,valid,0,0,0,0
a018,q05,transactional,v015,C,0,0,a018-q05-r000,0,valid,0,0,0,0
a018,q05,transactional,v016,C,0,0,a018-q05-r000,0,valid,0,0,0,0
a018,q05,transactional,v017,A,0,0,a018-q05-r000,0,valid,0,0,0,0
a018,q05,transactional,v018,D,0,0,a018-q05-r000,0,valid,0,0,0,0
a018,q05,transactional,v019,C,0,0,a018-q05-r000,0,valid,0,0,0,0
a018,q05,transactional,v020,C,0,0,a018-q05-r000,0,valid,0,0,0,0
a018,q05,transactional,v021,D,0,0,a018-q05-r000,0,valid,0,0,0,0
a018,q05,transactional,v022,D,0,0,a018-q05-r000,0,valid,0,0,0,0
a018,q05,transactional,v023,B,0,0,a018-q05-r000,0,valid,0,0,0,0
a018,q05,transactional,v024,C,0,0,a018-q05-r000,0,valid,0,0,0,0
a018,q05,transactional,v025,B,0,0,a018-q05-r000,0,valid,0,0,0,0
a018,q05,transactional,v026,C,0,0,a018-q05-r000,0,valid,0,0,0,0
a018,q05,transactional,v027,A,0,0,a018-q05-r000,0,valid,0,0,0,0
a018,q05,transactional,v028,A,0,0,a018-q05-r000,0,valid,0,0,0,0
a018,q05,transactional,v029,C,0,0,a018-q05-r000,0,valid,0,0,0,0
a018,q05,transactional,v030,A,0,0,a018-q05-r000,0,valid,0,0,0,0
a018,q05,transactional,v031,D,0,0,a018-q05-r000,0,valid,0,0,0,0
a018,q05,transactional,v032,D,0,0,a018-q05-r000,0,valid,0,0,0,0
a018,q06,transactional,v001,B,0,0,a018-q06-r000,0,valid,0,0,1,0
a018,q06,transactional,v002,A,0,0,a018-q06-r000,0,valid,0,0,1,0
a018,q06,transactional,v003,B,0,0,a018-q06-r000,0,valid,0,0,1,0
a018,q06,transactional,v004,D,0,0,a018-q06-r000,0,valid,0,0,1,0
a018,q06,transactional,v005,B,0,0,a018-q06-r000,0,valid,0,0,1,0
a018,q06,transactional,v006,C,0,0,a018-q06-r000,0,valid,0,0,1,0
a018,q06,transactional,v007,A,0,0,a018-q06-r000,0,valid,0,0,1,0
a018,q06,transactional,v008,A,0,0,a018-q06-r000,0,valid,0,0,1,0
a018,q06,transactional,v009,B,0,0,a018-q06-r000,0,valid,0,0,1,0
a018,q06,transactional,v010,D,0,0,a018-q06-r000,0,valid,0,0,1,0
a018,q06,transactional,v011,A,0,0,a018-q06-r000,0,valid,0,0,1,0
a018,q06,transactional,v012,B,0,0,a018-q06-r000,0,valid,0,0,1,0
a018,q06,transactional,v013,B,0,0,a018-q06-r000,0,valid,0,0,1,0
a018,q06,transactional,v014,D,0,0,a018-q06-r000,0,valid,0,0,1,0
a018,q06,transactional,v015,C,0,0,a018-q06-r000,0,valid,0,0,1,0
a018,q06,transactional,v016,C,0,0,a018-q06-r000,0,valid,0,0,1,0
a018,q06,transactional,v017,A,0,0,a018-q06-r000,0,valid,0,0,1,0
a018,q06,transactional,v018,D,0,0,a018-q06-r000,0,valid,0,0,1,0
a018,q06,transactional,v019,C,0,0,a018-q06-r000,0,valid,0,0,1,0
a018,q06,transactional,v020,C,0,0,a018-q06-r000,0,valid,0,0,1,0
a018,q06,transactional,v021,D,0,0,a018-q06-r000,0,valid,0,0,1,0
a018,q06,transactional,v022,D,0,0,a018-q06-r000,0,valid,0,0,1,0
a018,q06,transactional,v023,B,0,0,a018-q06-r000,0,valid,0,0,1,0
a018,q06,transactional,v024,C,0,0,a018-q06-r000,0,valid,0,0,1,0
a018,q06,transactional,v025,B,0,0,a018-q06-r000,0,valid,0,0,1,0
a018,q06,transactional,v026,C,0,0,a018-q06-r000,0,valid,0,0,1,0
a018,q06,transactional,v027,A,0,0,a018-q06-r000,0,valid,0,0,1,0
a018,q06,transactional,v028,A,0,0,a018-q06-r000,0,valid,0,0,1,0
a018,q06,transactional,v029,C,0,0,a018-q06-r000,0,valid,0,0,1,0
a018,q06,transactional,v030,A,0,0,a018-q06-r000,0,valid,0,0,1,0
a018,q06,transactional,v031,D,0,0,a018-q06-r000,0,valid,0,0,1,0
a018,q06,transactional,v032,D,0,0,a018-q06-r000,0,valid,0,0,1,0
a018,q07,transactional,v001,B,0,0,a018-q07-r000,0,valid,0,0,1,0
a018,q07,transactional,v002,A,0,0,a018-q07-r000,0,valid,0,0,1,0
a018,q07,transactional,v003,B,0,0,a018-q07-r000,0,valid,0,0,1,0
a018,q07,transactional,v004,D,0,0,a018-q07-r000,0,valid,0,0,1,0
a018,q07,transactional,v005,B,0,0,a018-q07-r000,0,valid,0,0,1,0
a018,q07,transactional,v006,C,0,0,a018-q07-r000,0,valid,0,0,1,0
a018,q07,transactional,v007,A,0,0,a018-q07-r000,0,valid,0,0,1,0
a018,q07,transactional,v008,A,0,0,a018-q07-r000,0,valid,0,0,1,0
a018,q07,transactional,v009,B,0,0,a018-q07-r000,0,valid,0,0,1,0
a018,q07,transactional,v010,D,0,0,a018-q07-r000,0,valid,0,0,1,0
a018,q07,transactional,v011,A,0,0,a018-q07-r000,0,valid,0,0,1,0
a018,q07,transactional,v012,B,0,0,a018-q07-r000,0,valid,0,0,1,0
a018,q07,transactional,v013,B,0,0,a018-q07-r000,0,valid,0,0,1,0
a018,q07,transactional,v014,D,0,0,a018-q07-r000,0,valid,0,0,1,0
a018,q07,transactional,v015,C,0,0,a018-q07-r000,0,valid,0,0,1,0
a018,q07,transactional,v016,C,0,0,a018-q07-r000,0,valid,0,0,1,0
a018,q07,transactional,v017,A,0,0,a018-q07-r000,0,valid,0,0,1,0
a018,q07,transactional,v018,D,0,0,a018-q07-r000,0,valid,0,0,1,0
a018,q07,transactional,v019,C,0,0,a018-q07-r000,0,valid,0,0,1,0
a018,q07,transactional,v020,C,0,0,a018-q07-r000,0,valid,0,0,1,0
a018,q07,transactional,v021,D,0,0,a018-q07-r000,0,valid,0,0,1,0
a018,q07,transactional,v022,D,0,0,a018-q07-r000,0,valid,0,0,1,0
a018,q07,transactional,v023,B,0,0,a018-q07-r000,0,valid,0,0,1,0
a018,q07,transactional,v024,C,0,0,a018-q07-r000,0,valid,0,0,1,0
a018,q07,transactional,v025,B,0,0,a018-q07-r000,0,valid,0,0,1,0
a018,q07,transactional,v026,C,0,0,a018-q07-r000,0,valid,0,0,1,0
a018,q07,transactional,v027,A,0,0,a018-q07-r000,0,valid,0,0,1,0
a018,q07,transactional,v028,A,0,0,a018-q07-r000,0,valid,0,0,1,0
a018,q07,transactional,v029,C,0,0,a018-q07-r000,0,valid,0,0,1,0
a018,q07,transactional,v030,A,0,0,a018-q07-r000,0,valid,0,0,1,0
a018,q07,transactional,v031,D,0,0,a018-q07-r000,0,valid,0,0,1,0
a018,q07,transactional,v032,D,0,0,a018-q07-r000,0,valid,0,0,1,0
a018,q08,transactional,v001,B,1,1,a018-q08-r000,0,valid,1,1,0,0
a018,q08,transactional,v002,A,0,0,a018-q08-r000,0,valid,0,0,0,0
a018,q08,transactional,v003,B,0,0,a018-q08-r000,0,valid,0,0,0,0
a018,q08,transactional,v004,D,0,0,a018-q08-r000,0,valid,0,0,0,0
a018,q08,transactional,v005,B,0,0,a018-q08-r000,0,valid,0,0,0,0
a018,q08,transactional,v006,C,0,0,a018-q08-r000,0,valid,0,0,0,0
a018,q08,transactional,v007,A,0,0,a018-q08-r000,0,valid,0,0,0,0
a018,q08,transactional,v008,A,0,0,a018-q08-r000,0,valid,0,0,0,0
a018,q08,transactional,v009,B,0,0,a018-q08-r000,0,valid,0,0,0,0
a018,q08,transactional,v010,D,0,0,a018-q08-r000,0,valid,0,0,0,0
a018,q08,transactional,v011,A,0,0,a018-q08-r000,0,valid,0,0,0,0
a018,q08,transactional,v012,B,0,0,a018-q08-r000,0,valid,0,0,0,0
a018,q08,transactional,v013,B,1,1,a018-q08-r000,0,valid,1,1,0,0
a018,q08,transactional,v014,D,0,0,a018-q08-r000,0,valid,0,0,0,0
a018,q08,transactional,v015,C,0,0,a018-q08-r000,0,valid,0,0,0,0
a018,q08,transactional,v016,C,0,0,a018-q08-r000,0,valid,0,0,0,0
a018,q08,transactional,v017,A,0,0,a018-q08-r000,0,valid,0,0,0,0
a018,q08,transactional,v018,D,0,0,a018-q08-r000,0,valid,0,0,0,0
a018,q08,transactional,v019,C,0,0,a018-q08-r000,0,valid,0,0,0,0
a018,q08,transactional,v020,C,0,0,a018-q08-r000,0,valid,0,0,0,0
a018,q08,transactional,v021,D,0,0,a018-q08-r000,0,valid,0,0,0,0
a018,q08,transactional,v022,D,0,0,a018-q08-r000,0,valid,0,0,0,0
a018,q08,transactional,v023,B,0,0,a018-q08-r000,0,valid,0,0,0,0
a018,q08,transactional,v024,C,0,0,a018-q08-r000,0,valid,0,0,0,0
a018,q08,transactional,v025,B,0,0,a018-q08-r000,0,valid,0,0,0,0
a018,q08,transactional,v026,C,0,0,a018-q08-r000,0,valid,0,0,0,0
a018,q08,transactional,v027,A,0,0,a018-q08-r000,0,valid,0,0,0,0
a018,q08,transactional,v028,A,0,0,a018-q08-r000,0,valid,0,0,0,0
a018,q08,transactional,v029,C,0,0,a018-q08-r000,0,valid,0,0,0,0
a018,q08,transactional,v030,A,0,0,a018-q08-r000,0,valid,0,0,0,0
a018,q08,transactional,v031,D,0,0,a018-q08-r000,0,valid,0,0,0,0
a018,q08,transactional,v032,D,0,0,a018-q08-r000,0,valid,0,0,0,0
a018,q09,transactional,v001,B,0,0,a018-q09-r000,0,valid,0,0,1,0
a018,q09,transactional,v002,A,0,0,a018-q09-r000,0,valid,0,0,1,0
a018,q09,transactional,v003,B,0,0,a018-q09-r000,0,valid,0,0,1,0
a018,q09,transactional,v004,D,0,0,a018-q09-r000,0,valid,0,0,1,0
a018,q09,transactional,v005,B,0,0,a018-q09-r000,0,valid,0,0,1,0
a018,q09,transactional,v006,C,0,0,a018-q09-r000,0,valid,0,0,1,0
a018,q09,transactional,v007,A,0,0,a018-q09-r000,0,valid,0,0,1,0
a018,q09,transactional,v008,A,0,0,a018-q09-r000,0,valid,0,0,1,0
a018,q09,transactional,v009,B,0,0,a018-q09-r000,0,valid,0,0,1,0
a018,q09,transactional,v010,D,0,0,a018-q09-r000,0,valid,0,0,1,0
a018,q09,transactional,v011,A,0,0,a018-q09-r000,0,valid,0,0,1,0
a018,q09,transactional,v012,B,0,0,a018-q09-r000,0,valid,0,0,1,0
a018,q09,transactional,v013,B,0,0,a018-q09-r000,0,valid,0,0,1,0
a018,q09,transactional,v014,D,0,0,a018-q09-r000,0,valid,0,0,1,0
a018,q09,transactional,v015,C,0,0,a018-q09-r000,0,valid,0,0,1,0
a018,q09,transactional,v016,C,0,0,a018-q09-r000,0,valid,0,0,1,0
a018,q09,transactional,v017,A,0,0,a018-q09-r000,0,valid,0,0,1,0
a018,q09,transactional,v018,D,0,0,a018-q09-r000,0,valid,0,0,1,0
a018,q09,transactional,v019,C,0,0,a018-q09-r000,0,valid,0,0,1,0
a018,q09,transactional,v020,C,0,0,a018-q09-r000,0,valid,0,0,1,0
a018,q09,transactional,v021,D,0,0,a018-q09-r000,0,valid,0,0,1,0
a018,q09,transactional,v022,D,0,0,a018-q09-r000,0,valid,0,0,1,0
a018,q09,transactional,v023,B,0,0,a018-q09-r000,0,valid,0,0,1,0
a018,q09,transactional,v024,C,0,0,a018-q09-r000,0,valid,0,0,1,0
a018,q09,transactional,v025,B,0,0,a018-q09-r000,0,valid,0,0,1,0
a018,q09,transactional,v026,C,0,0,a018-q09-r000,0,valid,0,0,1,0
a018,q09,transactional,v027,A,0,0,a018-q09-r000,0,valid,0,0,1,0
a018,q09,transactional,v028,A,0,0,a018-q09-r000,0,valid,0,0,1,0
a018,q09,transactional,v029,C,0,0,a018-q09-r000,0,valid,0,0,1,0
a018,q09,transactional,v030,A,0,0,a018-q09-r000,0,valid,0,0,1,0
a018,q09,transactional,v031,D,0,0,a018-q09-r000,0,valid,0,0,1,0
a018,q09,transactional,v032,D,0,0,a018-q09-r000,0,valid,0,0,1,0
a018,q10,transactional,v001,B,0,0,a018-q10-r000,0,valid,0,0,1,0
a018,q10,transactional,v002,A,0,0,a018-q10-r000,0,valid,0,0,1,0
a018,q10,transactional,v003,B,0,0,a018-q10-r000,0,valid,0,0,1,0
a018,q10,transactional,v004,D,0,0,a018-q10-r000,0,valid,0,0,1,0
a018,q10,transactional,v005,B,0,0,a018-q10-r000,0,valid,0,0,1,0
a018,q10,transactional,v006,C,0,0,a018-q10-r000,0,valid,0,0,1,0
a018,q10,transactional,v007,A,0,0,a018-q10-r000,0,valid,0,0,1,0
a018,q10,transactional,v008,A,0,0,a018-q10-r000,0,valid,0,0,1,0
a018,q10,transactional,v009,B,0,0,a018-q10-r000,0,valid,0,0,1,0
a018,q10,transactional,v010,D,0,0,a018-q10-r000,0,valid,0,0,1,0
a018,q10,transactional,v011,A,0,0,a018-q10-r000,0,valid,0,0,1,0
a018,q10,transactional,v012,B,0,0,a018-q10-r000,0,valid,0,0,1,0
a018,q10,transactional,v013,B,0,0,a018-q10-r000,0,valid,0,0,1,0
a018,q10,transactional,v014,D,0,0,a018-q10-r000,0,valid,0,0,1,0
a018,q10,transactional,v015,C,0,0,a018-q10-r000,0,valid,0,0,1,0
a018,q10,transactional,v016,C,0,0,a018-q10-r000,0,valid,0,0,1,0
a018,q10,transactional,v017,A,0,0,a018-q10-r000,0,valid,0,0,1,0
a018,q10,transactional,v018,D,0,0,a018-q10-r000,0,valid,0,0,1,0
a018,q10,transactional,v019,C,0,0,a018-q10-r000,0,valid,0,0,1,0
a018,q10,transactional,v020,C,0,0,a018-q10-r000,0,valid,0,0,1,0
a018,q10,transactional,v021,D,0,0,a018-q10-r000,0,valid,0,0,1,0
a018,q10,transactional,v022,D,0,0,a018-q10-r000,0,valid,0,0,1,0
a018,q10,transactional,v023,B,0,0,a018-q10-r000,0,valid,0,0,1,0
a018,q10,transactional,v024,C,0,0,a018-q10-r000,0,valid,0,0,1,0
a018,q10,transactional,v025,B,0,0,a018-q10-r000,0,valid,0,0,1,0
a018,q10,transactional,v026,C,0,0,a018-q10-r000,0,valid,0,0,1,0
a018,q10,transactional,v027,A,0,0,a018-q10-r000,0,valid,0,0,1,0
a018,q10,transactional,v028,A,0,0,a018-q10-r000,0,valid,0,0,1,0
a018,q10,transactional,v029,C,0,0,a018-q10-r000,0,valid,0,0,1,0
a018,q10,transactional,v030,A,0,0,a018-q10-r000,0,valid,0,0,1,0
a018,q10,transactional,v031,D,0,0,a018-q10-r000,0,valid,0,0,1,0
a018,q10,transactional,v032,D,0,0,a018-q10-r000,0,valid,0,0,1,0
a018,q11,transactional,v001,B,1,1,a018-q11-r000,0,valid,1,1,0,0
a018,q11,transactional,v002,A,0,0,a018-q11-r000,0,valid,0,0,0,0
a018,q11,transactional,v003,B,0,0,a018-q11-r000,0,valid,0,0,0,0
a018,q11,transactional,v004,D,0,0,a018-q11-r000,0,valid,0,0,0,0
a018,q11,transactional,v005,B,0,0,a018-q11-r000,0,valid,0,0,0,0
a018,q11,transactional,v006,C,0,0,a018-q11-r000,0,valid,0,0,0,0
a018,q11,transactional,v007,A,0,0,a018-q11-r000,0,valid,0,0,0,0
a018,q11,transactional,v008,A,0,0,a018-q11-r000,0,valid,0,0,0,0
a018,q11,transactional,v009,B,0,0,a018-q11-r000,0,valid,0,0,0,0
a018,q11,transactional,v010,D,0,0,a018-q11-r000,0,valid,0,0,0,0
a018,q11,transactional,v011,A,0,0,a018-q11-r000,0,valid,0,0,0,0
a018,q11,transactional,v012,B,0,0,a018-q11-r000,0,valid,0,0,0,0
a018,q11,transactional,v013,B,1,1,a018-q11-r000,0,valid,1,1,0,0
a018,q11,transactional,v014,D,0,0,a018-q11-r000,0,valid,0,0,0,0
a018,q11,transactional,v015,C,0,0,a018-q11-r000,0,valid,0,0,0,0
a018,q11,transactional,v016,C,0,0,a018-q11-r000,0,valid,0,0,0,0
a018,q11,transactional,v017,A,0,0,a018-q11-r000,0,valid,0,0,0,0
a018,q11,transactional,v018,D,0,0,a018-q11-r000,0,valid,0,0,0,0
a018,q11,transactional,v019,C,0,0,a018-q11-r000,0,valid,0,0,0,0
a018,q11,transactional,v020,C,0,0,a018-q11-r000,0,valid,0,0,0,0
a018,q11,transactional,v021,D,1,1,a018-q11-r000,0,valid,1,1,0,0
a018,q11,transactional,v022,D,0,0,a018-q11-r000,0,valid,0,0,0,0
a018,q11,transactional,v023,B,0,0,a018-q11-r000,0,valid,0,0,0,0
a018,q11,transactional,v024,C,0,0,a018-q11-r000,0,valid,0,0,0,0
a018,q11,transactional,v025,B,0,0,a018-q11-r000,0,valid,0,0,0,0
a018,q11,transactional,v026,C,0,0,a018-q11-r000,0,valid,0,0,0,0
a018,q11,transactional,v027,A,0,0,a018-q11-r000,0,valid,0,0,0,0
a018,q11,transactional,v028,A,0,0,a018-q11-r000,0,valid,0,0,0,0
a018,q11,transactional,v029,C,0,0,a018-q11-r000,0,valid,0,0,0,0
a018,q11,transactional,v030,A,0,0,a018-q11-r000,0,valid,0,0,0,0
a018,q11,transactional,v031,D,0,0,a018-q11-r000,0,valid,0,0,0,0
a018,q11,transactional,v032,D,0,0,a018-q11-r000,0,valid,0,0,0,0
a018,q12,transactional,v001,B,0,0,a018-q12-r000,0,valid,0,0,1,0
a018,q12,transactional,v002,A,0,0,a018-q12-r000,0,valid,0,0,1,0
a018,q12,transactional,v003,B,0,0,a018-q12-r000,0,valid,0,0,1,0
a018,q12,transactional,v004,D,0,0,a018-q12-r000,0,valid,0,0,1,0
a018,q12,transactional,v005,B,0,0,a018-q12-r000,0,valid,0,0,1,0
a018,q12,transactional,v006,C,0,0,a018-q12-r000,0,valid,0,0,1,0
a018,q12,transactional,v007,A,0,0,a018-q12-r000,0,valid,0,0,1,0
a018,q12,transactional,v008,A,0,0,a018-q12-r000,0,valid,0,0,1,0
a018,q12,transactional,v009,B,0,0,a018-q12-r000,0,valid,0,0,1,0
a018,q12,transactional,v010,D,0,0,a018-q12-r000,0,valid,0,0,1,0
a018,q12,transactional,v011,A,0,0,a018-q12-r000,0,valid,0,0,1,0
a018,q12,transactional,v012,B,0,0,a018-q12-r000,0,valid,0,0,1,0
a018,q12,transactional,v013,B,0,0,a018-q12-r000,0,valid,0,0,1,0
a018,q12,transactional,v014,D,0,0,a018-q12-r000,0,valid,0,0,1,0
a018,q12,transactional,v015,C,0,0,a018-q12-r000,0,valid,0,0,1,0
a018,q12,transactional,v016,C,0,0,a018-q12-r000,0,valid,0,0,1,0
a018,q12,transactional,v017,A,0,0,a018-q12-r000,0,valid,0,0,1,0
a018,q12,transactional,v018,D,0,0,a018-q12-r000,0,valid,0,0,1,0
a018,q12,transactional,v019,C,0,0,a018-q12-r000,0,valid,0,0,1,0
a018,q12,transactional,v020,C,0,0,a018-q12-r000,0,valid,0,0,1,0
a018,q12,transactional,v021,D,0,0,a018-q12-r000,0,valid,0,0,1,0
a018,q12,transactional,v022,D,0,0,a018-q12-r000,0,valid,0,0,1,0
a018,q12,transactional,v023,B,0,0,a018-q12-r000,0,valid,0,0,1,0
a018,q12,transactional,v024,C,0,0,a018-q12-r000,0,valid,0,0,1,0
a018,q12,transactional,v025,B,0,0,a018-q12-r000,0,valid,0,0,1,0
a018,q12,transactional,v026,C,0,0,a018-q12-r000,0,valid,0,0,1,0
a018,q12,transactional,v027,A,0,0,a018-q12-r000,0,valid,0,0,1,0
a018,q12,transactional,v028,A,0,0,a018-q12-r000,0,valid,0,0,1,0
a018,q12,transactional,v029,C,0,0,a018-q12-r000,0,valid,0,0,1,0
a018,q12,transactional,v030,A,0,0,a018-q12-r000,0,valid,0,0,1,0
a018,q12,transactional,v031,D,0,0,a018-q12-r000,0,valid,0,0,1,0
a018,q12,transactional,v032,D,0,0,a018-q12-r000,0,valid,0,0,1,0
a018,q13,evaluative,v001,B,0,0,a018-q13-r000,0,valid,0,0,1,0
a018,q13,evaluative,v002,A,0,0,a018-q13-r000,0,valid,0,0,1,0
a018,q13,evaluative,v003,B,0,0,a018-q13-r000,0,valid,0,0,1,0
a018,q13,evaluative,v004,D,0,0,a018-q13-r000,0,valid,0,0,1,0
a018,q13,evaluative,v005,B,0,0,a018-q13-r000,0,valid,0,0,1,0
a018,q13,evaluative,v006,C,0,0,a018-q13-r000,0,valid,0,0,1,0
a018,q13,evaluative,v007,A,0,0,a018-q13-r000,0,valid,0,0,1,0
a018,q13,evaluative,v008,A,0,0,a018-q13-r000,0,valid,0,0,1,0
a018,q13,evaluative,v009,B,0,0,a018-q13-r000,0,valid,0,0,1,0
a018,q13,evaluative,v010,D,0,0,a018-q13-r000,0,valid,0,0,1,0
a018,q13,evaluative,v011,A,0,0,a018-q13-r000,0,valid,0,0,1,0
a018,q13,evaluative,v012,B,0,0,a018-q13-r000,0,valid,0,0,1,0
a018,q13,evaluative,v013,B,0,0,a018-q13-r000,0,valid,0,0,1,0
a018,q13,evaluative,v014,D,0,0,a018-q13-r000,0,valid,0,0,1,0
a018,q13,evaluative,v015,C,0,0,a018-q13-r000,0,valid,0,0,1,0
a018,q13,evaluative,v016,C,0,0,a018-q13-r000,0,valid,0,0,1,0
a018,q13,evaluative,v017,A,0,0,a018-q13-r000,0,valid,0,0,1,0
a018,q13,evaluative,v018,D,0,0,a018-q13-r000,0,valid,0,0,1,0
a018,q13,evaluative,v019,C,0,0,a018-q13-r000,0,valid,0,0,1,0
a018,q13,evaluative,v020,C,0,0,a018-q13-r000,0,valid,0,0,1,0
a018,q13,evaluative,v021,D,0,0,a018-q13-r000,0,valid,0,0,1,0
a018,q13,evaluative,v022,D,0,0,a018-q13-r000,0,valid,0,0,1,0
a018,q13,evaluative,v023,B,0,0,a018-q13-r000,0,valid,0,0,1,0
a018,q13,evaluative,v024,C,0,0,a018-q13-r000,0,valid,0,0,1,0
a018,q13,evaluative,v025,B,0,0,a018-q13-r000,0,valid,0,0,1,0
a018,q13,evaluative,v026,C,0,0,a018-q13-r000,0,valid,0,0,1,0
a018,q13,evaluative,v027,A,0,0,a018-q13-r000,0,valid,0,0,1,0
a018,q13,evaluative,v028,A,0,0,a018-q13-r000,0,valid,0,0,1,0
a018,q13,evaluative,v029,C,0,0,a018-q13-r000,0,valid,0,0,1,0
a018,q13,evaluative,v030,A,0,0,a018-q13-r000,0,valid,0,0,1,0
a018,q13,evaluative,v031,D,0,0,a018-q13-r000,0,valid,0,0,1,0
a018,q13,evaluative,v032,D,0,0,a018-q13-r000,0,valid,0,0,1,0
a018,q14,evaluative,v001,B,0,0,a018-q14-r000,0,valid,0,0,1,0
a018,q14,evaluative,v002,A,0,0,a018-q14-r000,0,valid,0,0,1,0
a018,q14,evaluative,v003,B,0,0,a018-q14-r000,0,valid,0,0,1,0
a018,q14,evaluative,v004,D,0,0,a018-q14-r000,0,valid,0,0,1,0
a018,q14,evaluative,v005,B,0,0,a018-q14-r000,0,valid,0,0,1,0
a018,q14,evaluative,v006,C,0,0,a018-q14-r000,0,valid,0,0,1,0
a018,q14,evaluative,v007,A,0,0,a018-q14-r000,0,valid,0,0,1,0
a018,q14,evaluative,v008,A,0,0,a018-q14-r000,0,valid,0,0,1,0
a018,q14,evaluative,v009,B,0,0,a018-q14-r000,0,valid,0,0,1,0
a018,q14,evaluative,v010,D,0,0,a018-q14-r000,0,valid,0,0,1,0
a018,q14,evaluative,v011,A,0,0,a018-q14-r000,0,valid,0,0,1,0
a018,q14,evaluative,v012,B,0,0,a018-q14-r000,0,valid,0,0,1,0
a018,q14,evaluative,v013,B,0,0,a018-q14-r000,0,valid,0,0,1,0
a018,q14,evaluative,v014,D,0,0,a018-q14-r000,0,valid,0,0,1,0
a018,q14,evaluative,v015,C,0,0,a018-q14-r000,0,valid,0,0,1,0
a018,q14,evaluative,v016,C,0,0,a018-q14-r000,0,valid,0,0,1,0
a018,q14,evaluative,v017,A,0,0,a018-q14-r000,0,valid,0,0,1,0
a018,q14,evaluative,v018,D,0,0,a018-q14-r000,0,valid,0,0,1,0
a018,q14,evaluative,v019,C,0,0,a018-q14-r000,0,valid,0,0,1,0
a018,q14,evaluative,v020,C,0,0,a018-q14-r000,0,valid,0,0,1,0
a018,q14,evaluative,v021,D,0,0,a018-q14-r000,0,valid,0,0,1,0
a018,q14,evaluative,v022,D,0,0,a018-q14-r000,0,valid,0,0,1,0
a018,q14,evaluative,v023,B,0,0,a018-q14-r000,0,valid,0,0,1,0
a018,q14,evaluative,v024,C,0,0,a018-q14-r000,0,valid,0,0,1,0
a018,q14,evaluative,v025,B,0,0,a018-q14-r000,0,valid,0,0,1,0
a018,q14,evaluative,v026,C,0,0,a018-q14-r000,0,valid,0,0,1,0
a018,q14,evaluative,v027,A,0,0,a018-q14-r000,0,valid,0,0,1,0
a018,q14,evaluative,v028,A,0,0,a018-q14-r000,0,valid,0,0,1,0
a018,q14,evaluative,v029,C,0,0,a018-q14-r000,0,valid,0,0,1,0
a018,q14,evaluative,v030,A,0,0,a018-q14-r000,0,valid,0,0,1,0
a018,q14,evaluative,v031,D,0,0,a018-q14-r000,0,valid,0,0,1,0
a018,q14,evaluative,v032,D,0,0,a018-q14-r000,0,valid,0,0,1,0
a018,q15,evaluative,v001,B,0,0,a018-q15-r000,0,valid,0,0,0,0
a018,q15,evaluative,v002,A,0,0,a018-q15-r000,0,valid,0,0,0,0
a018,q15,evaluative,v003,B,0,0,a018-q15-r000,0,valid,0,0,0,0
a018,q15,evaluative,v004,D,0,0,a018-q15-r000,0,valid,0,0,0,0
a018,q15,evaluative,v005,B,0,0,a018-q15-r000,0,valid,0,0,0,0
a018,q15,evaluative,v006,C,0,0,a018-q15-r000,0,valid,0,0,0,0
a018,q15,evaluative,v007,A,1,1,a018-q15-r000,0,valid,1,1,0,0
a018,q15,evaluative,v008,A,0,0,a018-q15-r000,0,valid,0,0,0,0
a018,q15,evaluative,v009,B,0,0,a018-q15-r000,0,valid,0,0,0,0
a018,q15,evaluative,v010,D,0,0,a018-q15-r000,0,valid,0,0,0,0
a018,q15,evaluative,v011,A,0,0,a018-q15-r000,0,valid,0,0,0,0
a018,q15,evaluative,v012,B,0,0,a018-q15-r000,0,valid,0,0,0,0
a018,q15,evaluative,v013,B,0,0,a018-q15-r000,0,valid,0,0,0,0
a018,q15,evaluative,v014,D,0,0,a018-q15-r000,0,valid,0,0,0,0
a018,q15,evaluative,v015,C,0,0,a018-q15-r000,0,valid,0,0,0,0
a018,q15,evaluative,v016,C,0,0,a018-q15-r000,0,valid,0,0,0,0
a018,q15,evaluative,v017,A,0,0,a018-q15-r000,0,valid,0,0,0,0
a018,q15,evaluative,v018,D,0,0,a018-q15-r000,0,valid,0,0,0,0
a018,q15,evaluative,v019,C,0,0,a018-q15-r000,0,valid,0,0,0,0
a018,q15,evaluative,v020,C,0,0,a018-q15-r000,0,valid,0,0,0,0
a018,q15,evaluative,v021,D,0,0,a018-q15-r000,0,valid,0,0,0,0
a018,q15,evaluative,v022,D,0,0,a018-q15-r000,0,valid,0,0,0,0
a018,q15,evaluative,v023,B,0,0,a018-q15-r000,0,valid,0,0,0,0
a018,q15,evaluative,v024,C,0,0,a018-q15-r000,0,valid,0,0,0,0
a018,q15,evaluative,v025,B,0,0,a018-q15-r000,0,valid,0,0,0,0
a018,q15,evaluative,v026,C,0,0,a018-q15-r000,0,valid,0,0,0,0
a018,q15,evaluative,v027,A,1,1,a018-q15-r000,0,valid,1,1,0,0
a018,q15,evaluative,v028,A,0,0,a018-q15-r000,0,valid,0,0,0,0
a018,q15,evaluative,v029,C,0,0,a018-q15-r000,0,valid,0,0,0,0
a018,q15,evaluative,v030,A,0,0,a018-q15-r000,0,valid,0,0,0,0
a018,q15,evaluative,v031,D,0,0,a018-q15-r000,0,valid,0,0,0,0
a018,q15,evaluative,v032,D,0,0,a018-q15-r000,0,valid,0,0,0,0
a018,q16,evaluative,v001,B,0,0,a018-q16-r000,0,valid,0,0,0,0
a018,q16,evaluative,v002,A,0,0,a018-q16-r000,0,valid,0,0,0,0
a018,q16,evaluative,v003,B,0,0,a018-q16-r000,0,valid,0,0,0,0
a018,q16,evaluative,v004,D,1,1,a018-q16-r000,0,valid,1,1,0,0
a018,q16,evaluative,v005,B,0,0,a018-q16-r000,0,valid,0,0,0,0
a018,q16,evaluative,v006,C,0,0,a018-q16-r000,0,valid,0,0,0,0
a018,q16,evaluative,v007,A,0,0,a018-q16-r000,0,valid,0,0,0,0
a018,q16,evaluative,v008,A,1,1,a018-q16-r000,0,valid,1,1,0,0
a018,q16,evaluative,v009,B,0,0,a018-q16-r000,0,valid,0,0,0,0
a018,q16,evaluative,v010,D,0,0,a018-q16-r000,0,valid,0,0,0,0
a018,q16,evaluative,v011,A,0,0,a018-q16-r000,0,valid,0,0,0,0
a018,q16,evaluative,v012,B,1,1,a018-q16-r000,0,valid,1,1,0,0
a018,q16,evaluative,v013,B,0,0,a018-q16-r000,0,valid,0,0,0,0
a018,q16,evaluative,v014,D,0,0,a018-q16-r000,0,valid,0,0,0,0
a018,q16,evaluative,v015,C,0,0,a018-q16-r000,0,valid,0,0,0,0
a018,q16,evaluative,v016,C,0,0,a018-q16-r000,0,valid,0,0,0,0
a018,q16,evaluative,v017,A,0,0,a018-q16-r000,0,valid,0,0,0,0
a018,q16,evaluative,v018,D,0,0,a018-q16-r000,0,valid,0,0,0,0
a018,q16,evaluative,v019,C,0,0,a018-q16-r000,0,valid,0,0,0,0
a018,q16,evaluative,v020,C,0,0,a018-q16-r000,0,valid,0,0,0,0
a018,q16,evaluative,v021,D,0,0,a018-q16-r000,0,valid,0,0,0,0
a018,q16,evaluative,v022,D,0,0,a018-q16-r000,0,valid,0,0,0,0
a018,q16,evaluative,v023,B,0,0,a018-q16-r000,0,valid,0,0,0,0
a018,q16,evaluative,v024,C,0,0,a018-q16-r000,0,valid,0,0,0,0
a018,q16,evaluative,v025,B,0,0,a018-q16-r000,0,valid,0,0,0,0
a018,q16,evaluative,v026,C,0,0,a018-q16-r000,0,valid,0,0,0,0
a018,q16,evaluative,v027,A,0,0,a018-q16-r000,0,valid,0,0,0,0
a018,q16,evaluative,v028,A,1,1,a018-q16-r000,0,valid,0,0,0,0
a018,q16,evaluative,v029,C,0,0,a018-q16-r000,0,valid,0,0,0,0
a018,q16,evaluative,v030,A,0,0,a018-q16-r000,0,valid,0,0,0,0
a018,q16,evaluative,v031,D,0,0,a018-q16-r000,0,valid,0,0,0,0
a018,q16,evaluative,v032,D,1,1,a018-q16-r000,0,valid,0,0,0,0
a018,q17,evaluative,v001,B,0,0,a018-q17-r000,0,valid,0,0,0,0
a018,q17,evaluative,v002,A,0,0,a018-q17-r000,0,valid,0,0,0,0
a018,q17,evaluative,v003,B,0,0,a018-q17-r000,0,valid,0,0,0,0
a018,q17,evaluative,v004,D,1,1,a018-q17-r000,0,valid,1,1,0,0
a018,q17,evaluative,v005,B,0,0,a018-q17-r000,0,valid,0,0,0,0
a018,q17,evaluative,v006,C,0,0,a018-q17-r000,0,valid,0,0,0,0
a018,q17,evaluative,v007,A,0,0,a018-q17-r000,0,valid,0,0,0,0
a018,q17,evaluative,v008,A,1,1,a018-q17-r000,0,valid,1,1,0,0
a018,q17,evaluative,v009,B,0,0,a018-q17-r000,0,valid,0,0,0,0
a018,q17,evaluative,v010,D,0,0,a018-q17-r000,0,valid,0,0,0,0
a018,q17,evaluative,v011,A,0,0,a018-q17-r000,0,valid,0,0,0,0
a018,q17,evaluative,v012,B,1,1,a018-q17-r000,0,valid,1,1,0,0
a018,q17,evaluative,v013,B,0,0,a018-q17-r000,0,valid,0,0,0,0
a018,q17,evaluative,v014,D,0,0,a018-q17-r000,0,valid,0,0,0,0
a018,q17,evaluative,v015,C,0,0,a018-q17-r000,0,valid,0,0,0,0
a018,q17,evaluative,v016,C,0,0,a018-q17-r000,0,valid,0,0,0,0
a018,q17,evaluative,v017,A,0,0,a018-q17-r000,0,valid,0,0,0,0
a018,q17,evaluative,v018,D,0,0,a018-q17-r000,0,valid,0,0,0,0
a018,q17,evaluative,v019,C,0,0,a018-q17-r000,0,valid,0,0,0,0
a018,q17,evaluative,v020,C,0,0,a018-q17-r000,0,valid,0,0,0,0
a018,q17,evaluative,v021,D,0,0,a018-q17-r000,0,valid,0,0,0,0
a018,q17,evaluative,v022,D,0,0,a018-q17-r000,0,valid,0,0,0,0
a018,q17,evaluative,v023,B,0,0,a018-q17-r000,0,valid,0,0,0,0
a018,q17,evaluative,v024,C,0,0,a018-q17-r000,0,valid,0,0,0,0
a018,q17,evaluative,v025,B,0,0,a018-q17-r000,0,valid,0,0,0,0
a018,q17,evaluative,v026,C,0,0,a018-q17-r000,0,valid,0,0,0,0
a018,q17,evaluative,v027,A,0,0,a018-q17-r000,0,valid,0,0,0,0
a018,q17,evaluative,v028,A,1,1,a018-q17-r000,0,valid,0,0,0,0
a018,q17,evaluative,v029,C,0,0,a018-q17-r000,0,valid,0,0,0,0
a018,q17,evaluative,v030,A,0,0,a018-q17-r000,0,valid,0,0,0,0
a018,q17,evaluative,v031,D,0,0,a018-q17-r000,0,valid,0,0,0,0
a018,q17,evaluative,v032,D,1,1,a018-q17-r000,0,valid,0,0,0,0
a018,q18,evaluative,v001,B,0,0,a018-q18-r000,0,valid,0,0,1,0
a018,q18,evaluative,v002,A,0,0,a018-q18-r000,0,valid,0,0,1,0
a018,q18,evaluative,v003,B,0,0,a018-q18-r000,0,valid,0,0,1,0
a018,q18,evaluative,v004,D,0,0,a018-q18-r000,0,valid,0,0,1,0
a018,q18,evaluative,v005,B,0,0,a018-q18-r000,0,valid,0,0,1,0
a018,q18,evaluative,v006,C,0,0,a018-q18-r000,0,valid,0,0,1,0
a018,q18,evaluative,v007,A,0,0,a018-q18-r000,0,valid,0,0,1,0
a018,q18,evaluative,v008,A,0,0,a018-q18-r000,0,valid,0,0,1,0
a018,q18,evaluative,v009,B,0,0,a018-q18-r000,0,valid,0,0,1,0
a018,q18,evaluative,v010,D,0,0,a018-q18-r000,0,valid,0,0,1,0
a018,q18,evaluative,v011,A,0,0,a018-q18-r000,0,valid,0,0,1,0
a018,q18,evaluative,v012,B,0,0,a018-q18-r000,0,valid,0,0,1,0
a018,q18,evaluative,v013,B,0,0,a018-q18-r000,0,valid,0,0,1,0
a018,q18,evaluative,v014,D,0,0,a018-q18-r000,0,valid,0,0,1,0
a018,q18,evaluative,v015,C,0,0,a018-q18-r000,0,valid,0,0,1,0
a018,q18,evaluative,v016,C,0,0,a018-q18-r000,0,valid,0,0,1,0
a018,q18,evaluative,v017,A,0,0,a018-q18-r000,0,valid,0,0,1,0
a018,q18,evaluative,v018,D,0,0,a018-q18-r000,0,valid,0,0,1,0
a018,q18,evaluative,v019,C,0,0,a018-q18-r000,0,valid,0,0,1,0
a018,q18,evaluative,v020,C,0,0,a018-q18-r000,0,valid,0,0,1,0
a018,q18,evaluative,v021,D,0,0,a018-q18-r000,0,valid,0,0,1,0
a018,q18,evaluative,v022,D,0,0,a018-q18-r000,0,valid,0,0,1,0
a018,q18,evaluative,v023,B,0,0,a018-q18-r000,0,valid,0,0,1,0
a018,q18,evaluative,v024,C,0,0,a018-q18-r000,0,valid,0,0,1,0
a018,q18,evaluative,v025,B,0,0,a018-q18-r000,0,valid,0,0,1,0
a018,q18,evaluative,v026,C,0,0,a018-q18-r000,0,valid,0,0,1,0
a018,q18,evaluative,v027,A,0,0,a018-q18-r000,0,valid,0,0,1,0
a018,q18,evaluative,v028,A,0,0,a018-q18-r000,0,valid,0,0,1,0
a018,q18,evaluative,v029,C,0,0,a018-q18-r000,0,valid,0,0,1,0
a018,q18,evaluative,v030,A,0,0,a018-q18-r000,0,valid,0,0,1,0
a018,q18,evaluative,v031,D,0,0,a018-q18-r000,0,valid,0,0,1,0
a018,q18,evaluative,v032,D,0,0,a018-q18-r000,0,valid,0,0,1,0
a018,q19,evaluative,v001,B,0,0,a018-q19-r000,0,valid,0,0,1,0
a018,q19,evaluative,v002,A,0,0,a018-q19-r000,0,valid,0,0,1,0
a018,q19,evaluative,v003,B,0,0,a018-q19-r000,0,valid,0,0,1,0
a018,q19,evaluative,v004,D,0,0,a018-q19-r000,0,valid,0,0,1,0
a018,q19,evaluative,v005,B,0,0,a018-q19-r000,0,valid,0,0,1,0
a018,q19,evaluative,v006,C,0,0,a018-q19-r000,0,valid,0,0,1,0
a018,q19,evaluative,v007,A,0,0,a018-q19-r000,0,valid,0,0,1,0
a018,q19,evaluative,v008,A,0,0,a018-q19-r000,0,valid,0,0,1,0
a018,q19,evaluative,v009,B,0,0,a018-q19-r000,0,valid,0,0,1,0
a018,q19,evaluative,v010,D,0,0,a018-q19-r000,0,valid,0,0,1,0
a018,q19,evaluative,v011,A,0,0,a018-q19-r000,0,valid,0,0,1,0
a018,q19,evaluative,v012,B,0,0,a018-q19-r000,0,valid,0,0,1,0
a018,q19,evaluative,v013,B,0,0,a018-q19-r000,0,valid,0,0,1,0
a018,q19,evaluative,v014,D,0,0,a018-q19-r000,0,valid,0,0,1,0
a018,q19,evaluative,v015,C,0,0,a018-q19-r000,0,valid,0,0,1,0
a018,q19,evaluative,v016,C,0,0,a018-q19-r000,0,valid,0,0,1,0
a018,q19,evaluative,v017,A,0,0,a018-q19-r000,0,valid,0,0,1,0
a018,q19,evaluative,v018,D,0,0,a018-q19-r000,0,valid,0,0,1,0
a018,q19,evaluative,v019,C,0,0,a018-q19-r000,0,valid,0,0,1,0
a018,q19,evaluative,v020,C,0,0,a018-q19-r000,0,valid,0,0,1,0
a018,q19,evaluative,v021,D,0,0,a018-q19-r000,0,valid,0,0,1,0
a018,q19,evaluative,v022,D,0,0,a018-q19-r000,0,valid,0,0,1,0
a018,q19,evaluative,v023,B,0,0,a018-q19-r000,0,valid,0,0,1,0
a018,q19,evaluative,v024,C,0,0,a018-q19-r000,0,valid,0,0,1,0
a018,q19,evaluative,v025,B,0,0,a018-q19-r000,0,valid,0,0,1,0
a018,q19,evaluative,v026,C,0,0,a018-q19-r000,0,valid,0,0,1,0
a018,q19,evaluative,v027,A,0,0,a018-q19-r000,0,valid,0,0,1,0
a018,q19,evaluative,v028,A,0,0,a018-q19-r000,0,valid,0,0,1,0
a018,q19,evaluative,v029,C,0,0,a018-q19-r000,0,valid,0,0,1,0
a018,q19,evaluative,v030,A,0,0,a018-q19-r000,0,valid,0,0,1,0
a018,q19,evaluative,v031,D,0,0,a018-q19-r000,0,valid,0,0,1,0
a018,q19,evaluative,v032,D,0,0,a018-q19-r000,0,valid,0,0,1,0
a018,q20,evaluative,v001,B,1,1,a018-q20-r000,0,valid,1,1,0,0
a018,q20,evaluative,v002,A,0,0,a018-q20-r000,0,valid,0,0,0,0
a018,q20,evaluative,v003,B,0,0,a018-q20-r000,0,valid,0,0,0,0
a018,q20,evaluative,v004,D,0,0,a018-q20-r000,0,valid,0,0,0,0
a018,q20,evaluative,v005,B,0,0,a018-q20-r000,0,valid,0,0,0,0
a018,q20,evaluative,v006,C,0,0,a018-q20-r000,0,valid,0,0,0,0
a018,q20,evaluative,v007,A,0,0,a018-q20-r000,0,valid,0,0,0,0
a018,q20,evaluative,v008,A,0,0,a018-q20-r000,0,valid,0,0,0,0
a018,q20,evaluative,v009,B,0,0,a018-q20-r000,0,valid,0,0,0,0
a018,q20,evaluative,v010,D,0,0,a018-q20-r000,0,valid,0,0,0,0
a018,q20,evaluative,v011,A,0,0,a018-q20-r000,0,valid,0,0,0,0
a018,q20,evaluative,v012,B,0,0,a018-q20-r000,0,valid,0,0,0,0
a018,q20,evaluative,v013,B,1,1,a018-q20-r000,0,valid,1,1,0,0
a018,q20,evaluative,v014,D,0,0,a018-q20-r000,0,valid,0,0,0,0
a018,q20,evaluative,v015,C,0,0,a018-q20-r000,0,valid,0,0,0,0
a018,q20,evaluative,v016,C,0,0,a018-q20-r000,0,valid,0,0,0,0
a018,q20,evaluative,v017,A,0,0,a018-q20-r000,0,valid,0,0,0,0
a018,q20,evaluative,v018,D,0,0,a018-q20-r000,0,valid,0,0,0,0
a018,q20,evaluative,v019,C,0,0,a018-q20-r000,0,valid,0,0,0,0
a018,q20,evaluative,v020,C,0,0,a018-q20-r000,0,valid,0,0,0,0
a018,q20,evaluative,v021,D,0,0,a018-q20-r000,0,valid,0,0,0,0
a018,q20,evaluative,v022,D,0,0,a018-q20-r000,0,valid,0,0,0,0
a018,q20,evaluative,v023,B,0,0,a018-q20-r000,0,valid,0,0,0,0
a018,q20,evaluative,v024,C,0,0,a018-q20-r000,0,valid,0,0,0,0
a018,q20,evaluative,v025,B,0,0,a018-q20-r000,0,valid,0,0,0,0
a018,q20,evaluative,v026,C,0,0,a018-q20-r000,0,valid,0,0,0,0
a018,q20,evaluative,v027,A,0,0,a018-q20-r000,0,valid,0,0,0,0
a018,q20,evaluative,v028,A,0,0,a018-q20-r000,0,valid,0,0,0,0
a018,q20,evaluative,v029,C,0,0,a018-q20-r000,0,valid,0,0,0,0
a018,q20,evaluative,v030,A,0,0,a018-q20-r000,0,valid,0,0,0,0
a018,q20,evaluative,v031,D,0,0,a018-q20-r000,0,valid,0,0,0,0
a018,q20,evaluative,v032,D,0,0,a018-q20-r000,0,valid,0,0,0,0
a018,q21,evaluative,v001,B,0,0,a018-q21-r000,0,valid,0,0,1,0
a018,q21,evaluative,v002,A,0,0,a018-q21-r000,0,valid,0,0,1,0
a018,q21,evaluative,v003,B,0,0,a018-q21-r000,0,valid,0,0,1,0
a018,q21,evaluative,v004,D,0,0,a018-q21-r000,0,valid,0,0,1,0
a018,q21,evaluative,v005,B,0,0,a018-q21-r000,0,valid,0,0,1,0
a018,q21,evaluative,v006,C,0,0,a018-q21-r000,0,valid,0,0,1,0
a018,q21,evaluative,v007,A,0,0,a018-q21-r000,0,valid,0,0,1,0
a018,q21,evaluative,v008,A,0,0,a018-q21-r000,0,valid,0,0,1,0
a018,q21,evaluative,v009,B,0,0,a018-q21-r000,0,valid,0,0,1,0
a018,q21,evaluative,v010,D,0,0,a018-q21-r000,0,valid,0,0,1,0
a018,q21,evaluative,v011,A,0,0,a018-q21-r000,0,valid,0,0,1,0
a018,q21,evaluative,v012,B,0,0,a018-q21-r000,0,valid,0,0,1,0
a018,q21,evaluative,v013,B,0,0,a018-q21-r000,0,valid,0,0,1,0
a018,q21,evaluative,v014,D,0,0,a018-q21-r000,0,valid,0,0,1,0
a018,q21,evaluative,v015,C,0,0,a018-q21-r000,0,valid,0,0,1,0
a018,q21,evaluative,v016,C,0,0,a018-q21-r000,0,valid,0,0,1,0
a018,q21,evaluative,v017,A,0,0,a018-q21-r000,0,valid,0,0,1,0
a018,q21,evaluative,v018,D,0,0,a018-q21-r000,0,valid,0,0,1,0
a018,q21,evaluative,v019,C,0,0,a018-q21-r000,0,valid,0,0,1,0
a018,q21,evaluative,v020,C,0,0,a018-q21-r000,0,valid,0,0,1,0
a018,q21,evaluative,v021,D,0,0,a018-q21-r000,0,valid,0,0,1,0
a018,q21,evaluative,v022,D,0,0,a018-q21-r000,0,valid,0,0,1,0
a018,q21,evaluative,v023,B,0,0,a018-q21-r000,0,valid,0,0,1,0
a018,q21,evaluative,v024,C,0,0,a018-q21-r000,0,valid,0,0,1,0
a018,q21,evaluative,v025,B,0,0,a018-q21-r000,0,valid,0,0,1,0
a018,q21,evaluative,v026,C,0,0,a018-q21-r000,0,valid,0,0,1,0
a018,q21,evaluative,v027,A,0,0,a018-q21-r000,0,valid,0,0,1,0
a018,q21,evaluative,v028,A,0,0,a018-q21-r000,0,valid,0,0,1,0
a018,q21,evaluative,v029,C,0,0,a018-q21-r000,0,valid,0,0,1,0
a018,q21,evaluative,v030,A,0,0,a018-q21-r000,0,valid,0,0,1,0
a018,q21,evaluative,v031,D,0,0,a018-q21-r000,0,valid,0,0,1,0
a018,q21,evaluative,v032,D,0,0,a018-q21-r000,0,valid,0,0,1,0
a018,q22,evaluative,v001,B,0,0,a018-q22-r000,0,valid,0,0,1,0
a018,q22,evaluative,v002,A,0,0,a018-q22-r000,0,valid,0,0,1,0
a018,q22,evaluative,v003,B,0,0,a018-q22-r000,0,valid,0,0,1,0
a018,q22,evaluative,v004,D,0,0,a018-q22-r000,0,valid,0,0,1,0
a018,q22,evaluative,v005,B,0,0,a018-q22-r000,0,valid,0,0,1,0
a018,q22,evaluative,v006,C,0,0,a018-q22-r000,0,valid,0,0,1,0
a018,q22,evaluative,v007,A,0,0,a018-q22-r000,0,valid,0,0,1,0
a018,q22,evaluative,v008,A,0,0,a018-q22-r000,0,valid,0,0,1,0
a018,q22,evaluative,v009,B,0,0,a018-q22-r000,0,valid,0,0,1,0
a018,q22,evaluative,v010,D,0,0,a018-q22-r000,0,valid,0,0,1,0
a018,q22,evaluative,v011,A,0,0,a018-q22-r000,0,valid,0,0,1,0
a018,q22,evaluative,v012,B,0,0,a018-q22-r000,0,valid,0,0,1,0
a018,q22,evaluative,v013,B,0,0,a018-q22-r000,0,valid,0,0,1,0
a018,q22,evaluative,v014,D,0,0,a018-q22-r000,0,valid,0,0,1,0
a018,q22,evaluative,v015,C,0,0,a018-q22-r000,0,valid,0,0,1,0
a018,q22,evaluative,v016,C,0,0,a018-q22-r000,0,valid,0,0,1,0
a018,q22,evaluative,v017,A,0,0,a018-q22-r000,0,valid,0,0,1,0
a018,q22,evaluative,v018,D,0,0,a018-q22-r000,0,valid,0,0,1,0
a018,q22,evaluative,v019,C,0,0,a018-q22-r000,0,valid,0,0,1,0
a018,q22,evaluative,v020,C,0,0,a018-q22-r000,0,valid,0,0,1,0
a018,q22,evaluative,v021,D,0,0,a018-q22-r000,0,valid,0,0,1,0
a018,q22,evaluative,v022,D,0,0,a018-q22-r000,0,valid,0,0,1,0
a018,q22,evaluative,v023,B,0,0,a018-q22-r000,0,valid,0,0,1,0
a018,q22,evaluative,v024,C,0,0,a018-q22-r000,0,valid,0,0,1,0
a018,q22,evaluative,v025,B,0,0,a018-q22-r000,0,valid,0,0,1,0
a018,q22,evaluative,v026,C,0,0,a018-q22-r000,0,valid,0,0,1,0
a018,q22,evaluative,v027,A,0,0,a018-q22-r000,0,valid,0,0,1,0
a018,q22,evaluative,v028,A,0,0,a018-q22-r000,0,valid,0,0,1,0
a018,q22,evaluative,v029,C,0,0,a018-q22-r000,0,valid,0,0,1,0
a018,q22,evaluative,v030,A,0,0,a018-q22-r000,0,valid,0,0,1,0
a018,q22,evaluative,v031,D,0,0,a018-q22-r000,0,valid,0,0,1,0
a018,q22,evaluative,v032,D,0,0,a018-q22-r000,0,valid,0,0,1,0
a018,q23,evaluative,v001,B,1,1,a018-q23-r000,0,valid,1,1,0,0
a018,q23,evaluative,v002,A,0,0,a018-q23-r000,0,valid,0,0,0,0
a018,q23,evaluative,v003,B,0,0,a018-q23-r000,0,valid,0,0,0,0
a018,q23,evaluative,v004,D,0,0,a018-q23-r000,0,valid,0,0,0,0
a018,q23,evaluative,v005,B,0,0,a018-q23-r000,0,valid,0,0,0,0
a018,q23,evaluative,v006,C,0,0,a018-q23-r000,0,valid,0,0,0,0
a018,q23,evaluative,v007,A,0,0,a018-q23-r000,0,valid,0,0,0,0
a018,q23,evaluative,v008,A,0,0,a018-q23-r000,0,valid,0,0,0,0
a018,q23,evaluative,v009,B,0,0,a018-q23-r000,0,valid,0,0,0,0
a018,q23,evaluative,v010,D,0,0,a018-q23-r000,0,valid,0,0,0,0
a018,q23,evaluative,v011,A,0,0,a018-q23-r000,0,valid,0,0,0,0
a018,q23,evaluative,v012,B,0,0,a018-q23-r000,0,valid,0,0,0,0
a018,q23,evaluative,v013,B,1,1,a018-q23-r000,0,valid,1,1,0,0
a018,q23,evaluative,v014,D,0,0,a018-q23-r000,0,valid,0,0,0,0
a018,q23,evaluative,v015,C,0,0,a018-q23-r000,0,valid,0,0,0,0
a018,q23,evaluative,v016,C,0,0,a018-q23-r000,0,valid,0,0,0,0
a018,q23,evaluative,v017,A,0,0,a018-q23-r000,0,valid,0,0,0,0
a018,q23,evaluative,v018,D,0,0,a018-q23-r000,0,valid,0,0,0,0
a018,q23,evaluative,v019,C,0,0,a018-q23-r000,0,valid,0,0,0,0
a018,q23,evaluative,v020,C,0,0,a018-q23-r000,0,valid,0,0,0,0
a018,q23,evaluative,v021,D,1,1,a018-q23-r000,0,valid,1,1,0,0
a018,q23,evaluative,v022,D,0,0,a018-q23-r000,0,valid,0,0,0,0
a018,q23,evaluative,v023,B,0,0,a018-q23-r000,0,valid,0,0,0,0
a018,q23,evaluative,v024,C,0,0,a018-q23-r000,0,valid,0,0,0,0
a018,q23,evaluative,v025,B,0,0,a018-q23-r000,0,valid,0,0,0,0
a018,q23,evaluative,v026,C,0,0,a018-q23-r000,0,valid,0,0,0,0
a018,q23,evaluative,v027,A,0,0,a018-q23-r000,0,valid,0,0,0,0
a018,q23,evaluative,v028,A,0,0,a018-q23-r000,0,valid,0,0,0,0
a018,q23,evaluative,v029,C,0,0,a018-q23-r000,0,valid,0,0,0,0
a018,q23,evaluative,v030,A,0,0,a018-q23-r000,0,valid,0,0,0,0
a018,q23,evaluative,v031,D,0,0,a018-q23-r000,0,valid,0,0,0,0
a018,q23,evaluative,v032,D,0,0,a018-q23-r000,0,valid,0,0,0,0
a018,q24,evaluative,v001,B,0,0,a018-q24-r000,0,valid,0,0,1,0
a018,q24,evaluative,v002,A,0,0,a018-q24-r000,0,valid,0,0,1,0
a018,q24,evaluative,v003,B,0,0,a018-q24-r000,0,valid,0,0,1,0
a018,q24,evaluative,v004,D,0,0,a018-q24-r000,0,valid,0,0,1,0
a018,q24,evaluative,v005,B,0,0,a018-q24-r000,0,valid,0,0,1,0
a018,q24,evaluative,v006,C,0,0,a018-q24-r000,0,valid,0,0,1,0
a018,q24,evaluative,v007,A,0,0,a018-q24-r000,0,valid,0,0,1,0
a018,q24,evaluative,v008,A,0,0,a018-q24-r000,0,valid,0,0,1,0
a018,q24,evaluative,v009,B,0,0,a018-q24-r000,0,valid,0,0,1,0
a018,q24,evaluative,v010,D,0,0,a018-q24-r000,0,valid,0,0,1,0
a018,q24,evaluative,v011,A,0,0,a018-q24-r000,0,valid,0,0,1,0
a018,q24,evaluative,v012,B,0,0,a018-q24-r000,0,valid,0,0,1,0
a018,q24,evaluative,v013,B,0,0,a018-q24-r000,0,valid,0,0,1,0
a018,q24,evaluative,v014,D,0,0,a018-q24-r000,0,valid,0,0,1,0
a018,q24,evaluative,v015,C,0,0,a018-q24-r000,0,valid,0,0,1,0
a018,q24,evaluative,v016,C,0,0,a018-q24-r000,0,valid,0,0,1,0
a018,q24,evaluative,v017,A,0,0,a018-q24-r000,0,valid,0,0,1,0
a018,q24,evaluative,v018,D,0,0,a018-q24-r000,0,valid,0,0,1,0
a018,q24,evaluative,v019,C,0,0,a018-q24-r000,0,valid,0,0,1,0
a018,q24,evaluative,v020,C,0,0,a018-q24-r000,0,valid,0,0,1,0
a018,q24,evaluative,v021,D,0,0,a018-q24-r000,0,valid,0,0,1,0
a018,q24,evaluative,v022,D,0,0,a018-q24-r000,0,valid,0,0,1,0
a018,q24,evaluative,v023,B,0,0,a018-q24-r000,0,valid,0,0,1,0
a018,q24,evaluative,v024,C,0,0,a018-q24-r000,0,valid,0,0,1,0
a018,q24,evaluative,v025,B,0,0,a018-q24-r000,0,valid,0,0,1,0
a018,q24,evaluative,v026,C,0,0,a018-q24-r000,0,valid,0,0,1,0
a018,q24,evaluative,v027,A,0,0,a018-q24-r000,0,valid,0,0,1,0
a018,q24,evaluative,v028,A,0,0,a018-q24-r000,0,valid,0,0,1,0
a018,q24,evaluative,v029,C,0,0,a018-q24-r000,0,valid,0,0,1,0
a018,q24,evaluative,v030,A,0,0,a018-q24-r000,0,valid,0,0,1,0
a018,q24,evaluative,v031,D,0,0,a018-q24-r000,0,valid,0,0,1,0
a018,q24,evaluative,v032,D,0,0,a018-q24-r000,0,valid,0,0,1,0
a019,q01,transactional,v001,B,0,0,a019-q01-r000,0,valid,0,0,1,0
a019,q01,transactional,v002,B,0,0,a019-q01-r000,0,valid,0,0,1,0
a019,q01,transactional,v003,D,0,0,a019-q01-r000,0,valid,0,0,1,0
a019,q01,transactional,v004,C,0,0,a019-q01-r000,0,valid,0,0,1,0
a019,q01,transactional,v005,C,0,0,a019-q01-r000,0,valid,0,0,1,0
a019,q01,transactional,v006,D,0,0,a019-q01-r000,0,valid,0,0,1,0
a019,q01,transactional,v007,B,0,0,a019-q01-r000,0,valid,0,0,1,0
a019,q01,transactional,v008,C,0,0,a019-q01-r000,0,valid,0,0,1,0
a019,q01,transactional,v009,B,0,0,a019-q01-r000,0,valid,0,0,1,0
a019,q01,transactional,v010,B,0,0,a019-q01-r000,0,valid,0,0,1,0
a019,q01,transactional,v011,D,0,0,a019-q01-r000,0,valid,0,0,1,0
a019,q01,transactional,v012,B,0,0,a019-q01-r000,0,valid,0,0,1,0
a019,q01,transactional,v013,B,0,0,a019-q01-r000,0,valid,0,0,1,0
a019,q01,transactional,v014,C,0,0,a019-q01-r000,0,valid,0,0,1,0
a019,q01,transactional,v015,C,0,0,a019-q01-r000,0,valid,0,0,1,0
a019,q01,transactional,v016,A,0,0,a019-q01-r000,0,valid,0,0,1,0
a019,q01,transactional,v017,A,0,0,a019-q01-r000,0,valid,0,0,1,0
a019,q01,transactional,v018,D,0,0,a019-q01-r000,0,valid,0,0,1,0
a019,q01,transactional,v019,B,0,0,a019-q01-r000,0,valid,0,0,1,0
a019,q01,transactional,v020,A,0,0,a019-q01-r000,0,valid,0,0,1,0
a019,q01,transactional,v021,A,0,0,a019-q01-r000,0,valid,0,0,1,0
a019,q01,transactional,v022,D,0,0,a019-q01-r000,0,valid,0,0,1,0
a019,q01,transactional,v023,D,0,0,a019-q01-r000,0,valid,0,0,1,0
a019,q01,transactional,v024,D,0,0,a019-q01-r000,0,valid,0,0,1,0
a019,q01,transactional,v025,A,0,0,a019-q01-r000,0,valid,0,0,1,0
a019,q01,transactional,v026,C,0,0,a019-q01-r000,0,valid,0,0,1,0
a019,q01,transactional,v027,A,0,0,a019-q01-r000,0,valid,0,0,1,0
a019,q01,transactional,v028,C,0,0,a019-q01-r000,0,valid,0,0,1,0
a019,q01,transactional,v029,D,0,0,a019-q01-r000,0,valid,0,0,1,0
a019,q01,transactional,v030,A,0,0,a019-q01-r000,0,valid,0,0,1,0
a019,q01,transactional,v031,A,0,0,a019-q01-r000,0,valid,0,0,1,0
a019,q01,transactional,v032,C,0,0,a019-q01-r000,0,valid,0,0,1,0
a019,q02,transactional,v001,B,0,0,a019-q02-r000,0,valid,0,0,1,0
a019,q02,transactional,v002,B,0,0,a019-q02-r000,0,valid,0,0,1,0
a019,q02,transactional,v003,D,0,0,a019-q02-r000,0,valid,0,0,1,0
a019,q02,transactional,v004,C,0,0,a019-q02-r000,0,valid,0,0,1,0
a019,q02,transactional,v005,C,0,0,a019-q02-r000,0,valid,0,0,1,0
a019,q02,transactional,v006,D,0,0,a019-q02-r000,0,valid,0,0,1,0
a019,q02,transactional,v007,B,0,0,a019-q02-r000,0,valid,0,0,1,0
a019,q02,transactional,v008,C,0,0,a019-q02-r000,0,valid,0,0,1,0
a019,q02,transactional,v009,B,0,0,a019-q02-r000,0,valid,0,0,1,0
a019,q02,transactional,v010,B,0,0,a019-q02-r000,0,valid,0,0,1,0
a019,q02,transactional,v011,D,0,0,a019-q02-r000,0,valid,0,0,1,0
a019,q02,transactional,v012,B,0,0,a019-q02-r000,0,valid,0,0,1,0
a019,q02,transactional,v013,B,0,0,a019-q02-r000,0,valid,0,0,1,0
a019,q02,transactional,v014,C,0,0,a019-q02-r000,0,valid,0,0,1,0
a019,q02,transactional,v015,C,0,0,a019-q02-r000,0,valid,0,0,1,0
a019,q02,transactional,v016,A,0,0,a019-q02-r000,0,valid,0,0,1,0
a019,q02,transactional,v017,A,0,0,a019-q02-r000,0,valid,0,0,1,0
a019,q02,transactional,v018,D,0,0,a019-q02-r000,0,valid,0,0,1,0
a019,q02,transactional,v019,B,0,0,a019-q02-r000,0,valid,0,0,1,0
a019,q02,transactional,v020,A,0,0,a019-q02-r000,0,valid,0,0,1,0
a019,q02,transactional,v021,A,0,0,a019-q02-r000,0,valid,0,0,1,0
a019,q02,transactional,v022,D,0,0,a019-q02-r000,0,valid,0,0,1,0
a019,q02,transactional,v023,D,0,0,a019-q02-r000,0,valid,0,0,1,0
a019,q02,transactional,v024,D,0,0,a019-q02-r000,0,valid,0,0,1,0
a019,q02,transactional,v025,A,0,0,a019-q02-r000,0,valid,0,0,1,0
a019,q02,transactional,v026,C,0,0,a019-q02-r000,0,valid,0,0,1,0
a019,q02,transactional,v027,A,0,0,a019-q02-r000,0,valid,0,0,1,0
a019,q02,transactional,v028,C,0,0,a019-q02-r000,0,valid,0,0,1,0
a019,q02,transactional,v029,D,0,0,a019-q02-r000,0,valid,0,0,1,0
a019,q02,transactional,v030,A,0,0,a019-q02-r000,0,valid,0,0,1,0
a019,q02,transactional,v031,A,0,0,a019-q02-r000,0,valid,0,0,1,0
a019,q02,transactional,v032,C,0,0,a019-q02-r000,0,valid,0,0,1,0
a019,q03,transactional,v001,B,0,0,a019-q03-r000,0,valid,0,0,0,0
a019,q03,transactional,v002,B,0,0,a019-q03-r000,0,valid,0,0,0,0
a019,q03,transactional,v003,D,0,0,a019-q03-r000,0,valid,0,0,0,0
a019,q03,transactional,v004,C,0,0,a019-q03-r000,0,valid,0,0,0,0
a019,q03,transactional,v005,C,0,0,a019-q03-r000,0,valid,0,0,0,0
a019,q03,transactional,v006,D,1,1,a019-q03-r000,0,valid,1,1,0,0
a019,q03,transactional,v007,B,0,0,a019-q03-r000,0,valid,0,0,0,0
a019,q03,transactional,v008,C,0,0,a019-q03-r000,0,valid,0,0,0,0
a019,q03,transactional,v009,B,0,0,a019-q03-r000,0,valid,0,0,0,0
a019,q03,transactional,v010,B,0,0,a019-q03-r000,0,valid,0,0,0,0
a019,q03,transactional,v011,D,0,0,a019-q03-r000,0,valid,0,0,0,0
a019,q03,transactional,v012,B,0,0,a019-q03-r000,0,valid,0,0,0,0
a019,q03,transactional,v013,B,0,0,a019-q03-r000,0,valid,0,0,0,0
a019,q03,transactional,v014,C,0,0,a019-q03-r000,0,valid,0,0,0,0
a019,q03,transactional,v015,C,0,0,a019-q03-r000,0,valid,0,0,0,0
a019,q03,transactional,v016,A,0,0,a019-q03-r000,0,valid,0,0,0,0
a019,q03,transactional,v017,A,0,0,a019-q03-r000,0,valid,0,0,0,0
a019,q03,transactional,v018,D,1,1,a019-q03-r000,0,valid,1,1,0,0
a019,q03,transactional,v019,B,0,0,a019-q03-r000,0,valid,0,0,0,0
a019,q03,transactional,v020,A,0,0,a019-q03-r000,0,valid,0,0,0,0
a019,q03,transactional,v021,A,0,0,a019-q03-r000,0,valid,0,0,0,0
a019,q03,transactional,v022,D,0,0,a019-q03-r000,0,valid,0,0,0,0
a019,q03,transactional,v023,D,0,0,a019-q03-r000,0,valid,0,0,0,0
a019,q03,transactional,v024,D,0,0,a019-q03-r000,0,valid,0,0,0,0
a019,q03,transactional,v025,A,0,0,a019-q03-r000,0,valid,0,0,0,0
a019,q03,transactional,v026,C,0,0,a019-q03-r000,0,valid,0,0,0,0
a019,q03,transactional,v027,A,0,0,a019-q03-r000,0,valid,0,0,0,0
a019,q03,transactional,v028,C,0,0,a019-q03-r000,0,valid,0,0,0,0
a019,q03,transactional,v029,D,0,0,a019-q03-r000,0,valid,0,0,0,0
a019,q03,transactional,v030,A,0,0,a019-q03-r000,0,valid,0,0,0,0
a019,q03,transactional,v031,A,0,0,a019-q03-r000,0,valid,0,0,0,0
a019,q03,transactional,v032,C,0,0,a019-q03-r000,0,valid,0,0,0,0
a019,q04,transactional,v001,B,1,1,a019-q04-r000,0,valid,1,1,0,0
a019,q04,transactional,v002,B,0,0,a019-q04-r000,0,valid,0,0,0,0
a019,q04,transactional,v003,D,0,0,a019-q04-r000,0,valid,0,0,0,0
a019,q04,transactional,v004,C,0,0,a019-q04-r000,0,valid,0,0,0,0
a019,q04,transactional,v005,C,0,0,a019-q04-r000,0,valid,0,0,0,0
a019,q04,transactional,v006,D,0,0,a019-q04-r000,0,valid,0,0,0,0
a019,q04,transactional,v007,B,0,0,a019-q04-r000,0,valid,0,0,0,0
a019,q04,transactional,v008,C,0,0,a019-q04-r000,0,valid,0,0,0,0
a019,q04,transactional,v009,B,0,0,a019-q04-r000,0,valid,0,0,0,0
a019,q04,transactional,v010,B,0,0,a019-q04-r000,0,valid,0,0,0,0
a019,q04,transactional,v011,D,0,0,a019-q04-r000,0,valid,0,0,0,0
a019,q04,transactional,v012,B,0,0,a019-q04-r000,0,valid,0,0,0,0
a019,q04,transactional,v013,B,1,1,a019-q04-r000,0,valid,1,1,0,0
a019,q04,transactional,v014,C,0,0,a019-q04-r000,0,valid,0,0,0,0
a019,q04,transactional,v015,C,0,0,a019-q04-r000,0,valid,0,0,0,0
a019,q04,transactional,v016,A,0,0,a019-q04-r000,0,valid,0,0,0,0
a019,q04,transactional,v017,A,0,0,a019-q04-r000,0,valid,0,0,0,0
a019,q04,transactional,v018,D,0,0,a019-q04-r000,0,valid,0,0,0,0
a019,q04,transactional,v019,B,0,0,a019-q04-r000,0,valid,0,0,0,0
a019,q04,transactional,v020,A,0,0,a019-q04-r000,0,valid,0,0,0,0
a019,q04,transactional,v021,A,0,0,a019-q04-r000,0,valid,0,0,0,0
a019,q04,transactional,v022,D,0,0,a019-q04-r000,0,valid,0,0,0,0
a019,q04,transactional,v023,D,0,0,a019-q04-r000,0,valid,0,0,0,0
a019,q04,transactional,v024,D,0,0,a019-q04-r000,0,valid,0,0,0,0
a019,q04,transactional,v025,A,0,0,a019-q04-r000,0,valid,0,0,0,0
a019,q04,transactional,v026,C,0,0,a019-q04-r000,0,valid,0,0,0,0
a019,q04,transactional,v027,A,0,0,a019-q04-r000,0,valid,0,0,0,0
a019,q04,transactional,v028,C,0,0,a019-q04-r000,0,valid,0,0,0,0
a019,q04,transactional,v029,D,0,0,a019-q04-r000,0,valid,0,0,0,0
a019,q04,transactional,v030,A,0,0,a019-q04-r000,0,valid,0,0,0,0
a019,q04,transactional,v031,A,0,0,a019-q04-r000,0,valid,0,0,0,0
a019,q04,transactional,v032,C,0,0,a019-q04-r000,0,valid,0,0,0,0
a019,q05,transactional,v001,B,0,0,a019-q05-r000,0,valid,0,0,0,0
a019,q05,transactional,v002,B,0,0,a019-q05-r000,0,valid,0,0,0,0
a019,q05,transactional,v003,D,0,0,a019-q05-r000,0,valid,0,0,0,0
a019,q05,transactional,v004,C,0,0,a019-q05-r000,0,valid,0,0,0,0
a019,q05,transactional,v005,C,0,0,a019-q05-r000,0,valid,0,0,0,0
a019,q05,transactional,v006,D,0,0,a019-q05-r000,0,valid,0,0,0,0
a019,q05,transactional,v007,B,0,0,a019-q05-r000,0,valid,0,0,0,0
a019,q05,transactional,v008,C,0,0,a019-q05-r000,0,valid,0,0,0,0
a019,q05,transactional,v009,B,0,0,a019-q05-r000,0,valid,0,0,0,0
a019,q05,transactional,v010,B,0,0,a019-q05-r000,0,valid,0,0,0,0
a019,q05,transactional,v011,D,0,0,a019-q05-r000,0,valid,0,0,0,0
a019,q05,transactional,v012,B,0,0,a019-q05-r000,0,valid,0,0,0,0
a019,q05,transactional,v013,B,0,0,a019-q05-r000,0,valid,0,0,0,0
a019,q05,transactional,v014,C,0,0,a019-q05-r000,0,valid,0,0,0,0
a019,q05,transactional,v015,C,0,0,a019-q05-r000,0,valid,0,0,0,0
a019,q05,transactional,v016,A,1,1,a019-q05-r000,0,valid,1,1,0,0
a019,q05,transactional,v017,A,0,0,a019-q05-r000,0,valid,0,0,0,0
a019,q05,transactional,v018,D,0,0,a019-q05-r000,0,valid,0,0,0,0
a019,q05,transactional,v019,B,0,0,a019-q05-r000,0,valid,0,0,0,0
a019,q05,transactional,v020,A,1,1,a019-q05-r000,0,valid,1,1,0,0
a019,q05,transactional,v021,A,0,0,a019-q05-r000,0,valid,0,0,0,0
a019,q05,transactional,v022,D,0,0,a019-q05-r000,0,valid,0,0,0,0
a019,q05,transactional,v023,D,0,0,a019-q05-r000,0,valid,0,0,0,0
a019,q05,transactional,v024,D,0,0,a019-q05-r000,0,valid,0,0,0,0
a019,q05,transactional,v025,A,0,0,a019-q05-r000,0,valid,0,0,0,0
a019,q05,transactional,v026,C,0,0,a019-q05-r000,0,valid,0,0,0,0
a019,q05,transactional,v027,A,0,0,a019-q05-r000,0,valid,0,0,0,0
a019,q05,transactional,v028,C,0,0,a019-q05-r000,0,valid,0,0,0,0
a019,q05,transactional,v029,D,0,0,a019-q05-r000,0,valid,0,0,0,0
a019,q05,transactional,v030,A,0,0,a019-q05-r000,0,valid,0,0,0,0
a019,q05,transactional,v031,A,0,0,a019-q05-r000,0,valid,0,0,0,0
a019,q05,transactional,v032,C,0,0,a019-q05-r000,0,valid,0,0,0,0
a019,q06,transactional,v001,B,0,0,a019-q06-r000,0,valid,0,0,1,0
a019,q06,transactional,v002,B,0,0,a019-q06-r000,0,valid,0,0,1,0
a019,q06,transactional,v003,D,0,0,a019-q06-r000,0,valid,0,0,1,0
a019,q06,transactional,v004,C,0,0,a019-q06-r000,0,valid,0,0,1,0
a019,q06,transactional,v005,C,0,0,a019-q06-r000,0,valid,0,0,1,0
a019,q06,transactional,v006,D,0,0,a019-q06-r000,0,valid,0,0,1,0
a019,q06,transactional,v007,B,0,0,a019-q06-r000,0,valid,0,0,1,0
a019,q06,transactional,v008,C,0,0,a019-q06-r000,0,valid,0,0,1,0
a019,q06,transactional,v009,B,0,0,a019-q06-r000,0,valid,0,0,1,0
a019,q06,transactional,v010,B,0,0,a019-q06-r000,0,valid,0,0,1,0
a019,q06,transactional,v011,D,0,0,a019-q06-r000,0,valid,0,0,1,0
a019,q06,transactional,v012,B,0,0,a019-q06-r000,0,valid,0,0,1,0
a019,q06,transactional,v013,B,0,0,a019-q06-r000,0,valid,0,0,1,0
a019,q06,transactional,v014,C,0,0,a019-q06-r000,0,valid,0,0,1,0
a019,q06,transactional,v015,C,0,0,a019-q06-r000,0,valid,0,0,1,0
a019,q06,transactional,v016,A,0,0,a019-q06-r000,0,valid,0,0,1,0
a019,q06,transactional,v017,A,0,0,a019-q06-r000,0,valid,0,0,1,0
a019,q06,transactional,v018,D,0,0,a019-q06-r000,0,valid,0,0,1,0
a019,q06,transactional,v019,B,0,0,a019-q06-r000,0,valid,0,0,1,0
a019,q06,transactional,v020,A,0,0,a019-q06-r000,0,valid,0,0,1,0
a019,q06,transactional,v021,A,0,0,a019-q06-r000,0,valid,0,0,1,0
a019,q06,transactional,v022,D,0,0,a019-q06-r000,0,valid,0,0,1,0
a019,q06,transactional,v023,D,0,0,a019-q06-r000,0,valid,0,0,1,0
a019,q06,transactional,v024,D,0,0,a019-q06-r000,0,valid,0,0,1,0
a019,q06,transactional,v025,A,0,0,a019-q06-r000,0,valid,0,0,1,0
a019,q06,transactional,v026,C,0,0,a019-q06-r000,0,valid,0,0,1,0
a019,q06,transactional,v027,A,0,0,a019-q06-r000,0,valid,0,0,1,0
a019,q06,transactional,v028,C,0,0,a019-q06-r000,0,valid,0,0,1,0
a019,q06,transactional,v029,D,0,0,a019-q06-r000,0,valid,0,0,1,0
a019,q06,transactional,v030,A,0,0,a019-q06-r000,0,valid,0,0,1,0
a019,q06,transactional,v031,A,0,0,a019-q06-r000,0,valid,0,0,1,0
a019,q06,transactional,v032,C,0,0,a019-q06-r000,0,valid,0,0,1,0
a019,q07,transactional,v001,B,0,0,a019-q07-r000,0,valid,0,0,1,0
a019,q07,transactional,v002,B,0,0,a019-q07-r000,0,valid,0,0,1,0
a019,q07,transactional,v003,D,0,0,a019-q07-r000,0,valid,0,0,1,0
a019,q07,transactional,v004,C,0,0,a019-q07-r000,0,valid,0,0,1,0
a019,q07,transactional,v005,C,0,0,a019-q07-r000,0,valid,0,0,1,0
a019,q07,transactional,v006,D,0,0,a019-q07-r000,0,valid,0,0,1,0
a019,q07,transactional,v007,B,0,0,a019-q07-r000,0,valid,0,0,1,0
a019,q07,transactional,v008,C,0,0,a019-q07-r000,0,valid,0,0,1,0
a019,q07,transactional,v009,B,0,0,a019-q07-r000,0,valid,0,0,1,0
a019,q07,transactional,v010,B,0,0,a019-q07-r000,0,valid,0,0,1,0
a019,q07,transactional,v011,D,0,0,a019-q07-r000,0,valid,0,0,1,0
a019,q07,transactional,v012,B,0,0,a019-q07-r000,0,valid,0,0,1,0
a019,q07,transactional,v013,B,0,0,a019-q07-r000,0,valid,0,0,1,0
a019,q07,transactional,v014,C,0,0,a019-q07-r000,0,valid,0,0,1,0
a019,q07,transactional,v015,C,0,0,a019-q07-r000,0,valid,0,0,1,0
a019,q07,transactional,v016,A,0,0,a019-q07-r000,0,valid,0,0,1,0
a019,q07,transactional,v017,A,0,0,a019-q07-r000,0,valid,0,0,1,0
a019,q07,transactional,v018,D,0,0,a019-q07-r000,0,valid,0,0,1,0
a019,q07,transactional,v019,B,0,0,a019-q07-r000,0,valid,0,0,1,0
a019,q07,transactional,v020,A,0,0,a019-q07-r000,0,valid,0,0,1,0
a019,q07,transactional,v021,A,0,0,a019-q07-r000,0,valid,0,0,1,0
a019,q07,transactional,v022,D,0,0,a019-q07-r000,0,valid,0,0,1,0
a019,q07,transactional,v023,D,0,0,a019-q07-r000,0,valid,0,0,1,0
a019,q07,transactional,v024,D,0,0,a019-q07-r000,0,valid,0,0,1,0
a019,q07,transactional,v025,A,0,0,a019-q07-r000,0,valid,0,0,1,0
a019,q07,transactional,v026,C,0,0,a019-q07-r000,0,valid,0,0,1,0
a019,q07,transactional,v027,A,0,0,a019-q07-r000,0,valid,0,0,1,0
a019,q07,transactional,v028,C,0,0,a019-q07-r000,0,valid,0,0,1,0
a019,q07,transactional,v029,D,0,0,a019-q07-r000,0,valid,0,0,1,0
a019,q07,transactional,v030,A,0,0,a019-q07-r000,0,valid,0,0,1,0
a019,q07,transactional,v031,A,0,0,a019-q07-r000,0,valid,0,0,1,0
a019,q07,transactional,v032,C,0,0,a019-q07-r000,0,valid,0,0,1,0
a019,q08,transactional,v001,B,1,1,a019-q08-r000,0,valid,1,1,0,0
a019,q08,transactional,v002,B,0,0,a019-q08-r000,0,valid,0,0,0,0
a019,q08,transactional,v003,D,0,0,a019-q08-r000,0,valid,0,0,0,0
a019,q08,transactional,v004,C,0,0,a019-q08-r000,0,valid,0,0,0,0
a019,q08,transactional,v005,C,0,0,a019-q08-r000,0,valid,0,0,0,0
a019,q08,transactional,v006,D,0,0,a019-q08-r000,0,valid,0,0,0,0
a019,q08,transactional,v007,B,0,0,a019-q08-r000,0,valid,0,0,0,0
a019,q08,transactional,v008,C,0,0,a019-q08-r000,0,valid,0,0,0,0
a019,q08,transactional,v009,B,0,0,a019-q08-r000,0,valid,0,0,0,0
a019,q08,transactional,v010,B,0,0,a019-q08-r000,0,valid,0,0,0,0
a019,q08,transactional,v011,D,0,0,a019-q08-r000,0,valid,0,0,0,0
a019,q08,transactional,v012,B,0,0,a019-q08-r000,0,valid,0,0,0,0
a019,q08,transactional,v013,B,1,1,a019-q08-r000,0,valid,1,1,0,0
a019,q08,transactional,v014,C,0,0,a019-q08-r000,0,valid,0,0,0,0
a019,q08,transactional,v015,C,0,0,a019-q08-r000,0,valid,0,0,0,0
a019,q08,transactional,v016,A,0,0,a019-q08-r000,0,valid,0,0,0,0
a019,q08,transactional,v017,A,0,0,a019-q08-r000,0,valid,0,0,0,0
a019,q08,transactional,v018,D,0,0,a019-q08-r000,0,valid,0,0,0,0
a019,q08,transactional,v019,B,0,0,a019-q08-r000,0,valid,0,0,0,0
a019,q08,transactional,v020,A,0,0,a019-q08-r000,0,valid,0,0,0,0
a019,q08,transactional,v021,A,0,0,a019-q08-r000,0,valid,0,0,0,0
a019,q08,transactional,v022,D,0,0,a019-q08-r000,0,valid,0,0,0,0
a019,q08,transactional,v023,D,0,0,a019-q08-r000,0,valid,0,0,0,0
a019,q08,transactional,v024,D,0,0,a019-q08-r000,0,valid,0,0,0,0
a019,q08,transactional,v025,A,0,0,a019-q08-r000,0,valid,0,0,0,0
a019,q08,transactional,v026,C,0,0,a019-q08-r000,0,valid,0,0,0,0
a019,q08,transactional,v027,A,0,0,a019-q08-r000,0,valid,0,0,0,0
a019,q08,transactional,v028,C,0,0,a019-q08-r000,0,valid,0,0,0,0
a019,q08,transactional,v029,D,0,0,a019-q08-r000,0,valid,0,0,0,0
a019,q08,transactional,v030,A,0,0,a019-q08-r000,0,valid,0,0,0,0
a019,q08,transactional,v031,A,0,0,a019-q08-r000,0,valid,0,0,0,0
a019,q08,transactional,v032,C,0,0,a019-q08-r000,0,valid,0,0,0,0
a019,q09,transactional,v001,B,0,0,a019-q09-r000,0,valid,0,0,1,0
a019,q09,transactional,v002,B,0,0,a019-q09-r000,0,valid,0,0,1,0
a019,q09,transactional,v003,D,0,0,a019-q09-r000,0,valid,0,0,1,0
a019,q09,transactional,v004,C,0,0,a019-q09-r000,0,valid,0,0,1,0
a019,q09,transactional,v005,C,0,0,a019-q09-r000,0,valid,0,0,1,0
a019,q09,transactional,v006,D,0,0,a019-q09-r000,0,valid,0,0,1,0
a019,q09,transactional,v007,B,0,0,a019-q09-r000,0,valid,0,0,1,0
a019,q09,transactional,v008,C,0,0,a019-q09-r000,0,valid,0,0,1,0
a019,q09,transactional,v009,B,0,0,a019-q09-r000,0,valid,0,0,1,0
a019,q09,transactional,v010,B,0,0,a019-q09-r000,0,valid,0,0,1,0
a019,q09,transactional,v011,D,0,0,a019-q09-r000,0,valid,0,0,1,0
a019,q09,transactional,v012,B,0,0,a019-q09-r000,0,valid,0,0,1,0
a019,q09,transactional,v013,B,0,0,a019-q09-r000,0,valid,0,0,1,0
a019,q09,transactional,v014,C,0,0,a019-q09-r000,0,valid,0,0,1,0
a019,q09,transactional,v015,C,0,0,a019-q09-r000,0,valid,0,0,1,0
a019,q09,transactional,v016,A,0,0,a019-q09-r000,0,valid,0,0,1,0
a019,q09,transactional,v017,A,0,0,a019-q09-r000,0,valid,0,0,1,0
a019,q09,transactional,v018,D,0,0,a019-q09-r000,0,valid,0,0,1,0
a019,q09,transactional,v019,B,0,0,a019-q09-r000,0,valid,0,0,1,0
a019,q09,transactional,v020,A,0,0,a019-q09-r000,0,valid,0,0,1,0
a019,q09,transactional,v021,A,0,0,a019-q09-r000,0,valid,0,0,1,0
a019,q09,transactional,v022,D,0,0,a019-q09-r000,0,valid,0,0,1,0
a019,q09,transactional,v023,D,0,0,a019-q09-r000,0,valid,0,0,1,0
a019,q09,transactional,v024,D,0,0,a019-q09-r000,0,valid,0,0,1,0
a019,q09,transactional,v025,A,0,0,a019-q09-r000,0,valid,0,0,1,0
a019,q09,transactional,v026,C,0,0,a019-q09-r000,0,valid,0,0,1,0
a019,q09,transactional,v027,A,0,0,a019-q09-r000,0,valid,0,0,1,0
a019,q09,transactional,v028,C,0,0,a019-q09-r000,0,valid,0,0,1,0
a019,q09,transactional,v029,D,0,0,a019-q09-r000,0,valid,0,0,1,0
a019,q09,transactional,v030,A,0,0,a019-q09-r000,0,valid,0,0,1,0
a019,q09,transactional,v031,A,0,0,a019-q09-r000,0,valid,0,0,1,0
a019,q09,transactional,v032,C,0,0,a019-q09-r000,0,valid,0,0,1,0
a019,q10,transactional,v001,B,0,0,a019-q10-r000,0,valid,0,0,1,0
a019,q10,transactional,v002,B,0,0,a019-q10-r000,0,valid,0,0,1,0
a019,q10,transactional,v003,D,0,0,a019-q10-r000,0,valid,0,0,1,0
a019,q10,transactional,v004,C,0,0,a019-q10-r000,0,valid,0,0,1,0
a019,q10,transactional,v005,C,0,0,a019-q10-r000,0,valid,0,0,1,0
a019,q10,transactional,v006,D,0,0,a019-q10-r000,0,valid,0,0,1,0
a019,q10,transactional,v007,B,0,0,a019-q10-r000,0,valid,0,0,1,0
a019,q10,transactional,v008,C,0,0,a019-q10-r000,0,valid,0,0,1,0
a019,q10,transactional,v009,B,0,0,a019-q10-r000,0,valid,0,0,1,0
a019,q10,transactional,v010,B,0,0,a019-q10-r000,0,valid,0,0,1,0
a019,q10,transactional,v011,D,0,0,a019-q10-r000,0,valid,0,0,1,0
a019,q10,transactional,v012,B,0,0,a019-q10-r000,0,valid,0,0,1,0
a019,q10,transactional,v013,B,0,0,a019-q10-r000,0,valid,0,0,1,0
a019,q10,transactional,v014,C,0,0,a019-q10-r000,0,valid,0,0,1,0
a019,q10,transactional,v015,C,0,0,a019-q10-r000,0,valid,0,0,1,0
a019,q10,transactional,v016,A,0,0,a019-q10-r000,0,valid,0,0,1,0
a019,q10,transactional,v017,A,0,0,a019-q10-r000,0,valid,0,0,1,0
a019,q10,transactional,v018,D,0,0,a019-q10-r000,0,valid,0,0,1,0
a019,q10,transactional,v019,B,0,0,a019-q10-r000,0,valid,0,0,1,0
a019,q10,transactional,v020,A,0,0,a019-q10-r000,0,valid,0,0,1,0
a019,q10,transactional,v021,A,0,0,a019-q10-r000,0,valid,0,0,1,0
a019,q10,transactional,v022,D,0,0,a019-q10-r000,0,valid,0,0,1,0
a019,q10,transactional,v023,D,0,0,a019-q10-r000,0,valid,0,0,1,0
a019,q10,transactional,v024,D,0,0,a019-q10-r000,0,valid,0,0,1,0
a019,q10,transactional,v025,A,0,0,a019-q10-r000,0,valid,0,0,1,0
a019,q10,transactional,v026,C,0,0,a019-q10-r000,0,valid,0,0,1,0
a019,q10,transactional,v027,A,0,0,a019-q10-r000,0,valid,0,0,1,0
a019,q10,transactional,v028,C,0,0,a019-q10-r000,0,valid,0,0,1,0
a019,q10,transactional,v029,D,0,0,a019-q10-r000,0,valid,0,0,1,0
a019,q10,transactional,v030,A,0,0,a019-q10-r000,0,valid,0,0,1,0
a019,q10,transactional,v031,A,0,0,a019-q10-r000,0,valid,0,0,1,0
a019,q10,transactional,v032,C,0,0,a019-q10-r000,0,valid,0,0,1,0
a019,q11,transactional,v001,B,0,0,a019-q11-r000,0,valid,0,0,1,0
a019,q11,transactional,v002,B,0,0,a019-q11-r000,0,valid,0,0,1,0
a019,q11,transactional,v003,D,0,0,a019-q11-r000,0,valid,0,0,1,0
a019,q11,transactional,v004,C,0,0,a019-q11-r000,0,valid,0,0,1,0
a019,q11,transactional,v005,C,0,0,a019-q11-r000,0,valid,0,0,1,0
a019,q11,transactional,v006,D,0,0,a019-q11-r000,0,valid,0,0,1,0
a019,q11,transactional,v007,B,0,0,a019-q11-r000,0,valid,0,0,1,0
a019,q11,transactional,v008,C,0,0,a019-q11-r000,0,valid,0,0,1,0
a019,q11,transactional,v009,B,0,0,a019-q11-r000,0,valid,0,0,1,0
a019,q11,transactional,v010,B,0,0,a019-q11-r000,0,valid,0,0,1,0
a019,q11,transactional,v011,D,0,0,a019-q11-r000,0,valid,0,0,1,0
a019,q11,transactional,v012,B,0,0,a019-q11-r000,0,valid,0,0,1,0
a019,q11,transactional,v013,B,0,0,a019-q11-r000,0,valid,0,0,1,0
a019,q11,transactional,v014,C,0,0,a019-q11-r000,0,valid,0,0,1,0
a019,q11,transactional,v015,C,0,0,a019-q11-r000,0,valid,0,0,1,0
a019,q11,transactional,v016,A,0,0,a019-q11-r000,0,valid,0,0,1,0
a019,q11,transactional,v017,A,0,0,a019-q11-r000,0,valid,0,0,1,0
a019,q11,transactional,v018,D,0,0,a019-q11-r000,0,valid,0,0,1,0
a019,q11,transactional,v019,B,0,0,a019-q11-r000,0,valid,0,0,1,0
a019,q11,transactional,v020,A,0,0,a019-q11-r000,0,valid,0,0,1,0
a019,q11,transactional,v021,A,0,0,a019-q11-r000,0,valid,0,0,1,0
a019,q11,transactional,v022,D,0,0,a019-q11-r000,0,valid,0,0,1,0
a019,q11,transactional,v023,D,0,0,a019-q11-r000,0,valid,0,0,1,0
a019,q11,transactional,v024,D,0,0,a019-q11-r000,0,valid,0,0,1,0
a019,q11,transactional,v025,A,0,0,a019-q11-r000,0,valid,0,0,1,0
a019,q11,transactional,v026,C,0,0,a019-q11-r000,0,valid,0,0,1,0
a019,q11,transactional,v027,A,0,0,a019-q11-r000,0,valid,0,0,1,0
a019,q11,transactional,v028,C,0,0,a019-q11-r000,0,valid,0,0,1,0
a019,q11,transactional,v029,D,0,0,a019-q11-r000,0,valid,0,0,1,0
a019,q11,transactional,v030,A,0,0,a019-q11-r000,0,valid,0,0,1,0
a019,q11,transactional,v031,A,0,0,a019-q11-r000,0,valid,0,0,1,0
a019,q11,transactional,v032,C,0,0,a019-q11-r000,0,valid,0,0,1,0
a019,q12,transactional,v001,B,0,0,a019-q12-r000,0,valid,0,0,1,0
a019,q12,transactional,v002,B,0,0,a019-q12-r000,0,valid,0,0,1,0
a019,q12,transactional,v003,D,0,0,a019-q12-r000,0,valid,0,0,1,0
a019,q12,transactional,v004,C,0,0,a019-q12-r000,0,valid,0,0,1,0
a019,q12,transactional,v005,C,0,0,a019-q12-r000,0,valid,0,0,1,0
a019,q12,transactional,v006,D,0,0,a019-q12-r000,0,valid,0,0,1,0
a019,q12,transactional,v007,B,0,0,a019-q12-r000,0,valid,0,0,1,0
a019,q12,transactional,v008,C,0,0,a019-q12-r000,0,valid,0,0,1,0
a019,q12,transactional,v009,B,0,0,a019-q12-r000,0,valid,0,0,1,0
a019,q12,transactional,v010,B,0,0,a019-q12-r000,0,valid,0,0,1,0
a019,q12,transactional,v011,D,0,0,a019-q12-r000,0,valid,0,0,1,0
a019,q12,transactional,v012,B,0,0,a019-q12-r000,0,valid,0,0,1,0
a019,q12,transactional,v013,B,0,0,a019-q12-r000,0,valid,0,0,1,0
a019,q12,transactional,v014,C,0,0,a019-q12-r000,0,valid,0,0,1,0
a019,q12,transactional,v015,C,0,0,a019-q12-r000,0,valid,0,0,1,0
a019,q12,transactional,v016,A,0,0,a019-q12-r000,0,valid,0,0,1,0
a019,q12,transactional,v017,A,0,0,a019-q12-r000,0,valid,0,0,1,0
a019,q12,transactional,v018,D,0,0,a019-q12-r000,0,valid,0,0,1,0
a019,q12,transactional,v019,B,0,0,a019-q12-r000,0,valid,0,0,1,0
a019,q12,transactional,v020,A,0,0,a019-q12-r000,0,valid,0,0,1,0
a019,q12,transactional,v021,A,0,0,a019-q12-r000,0,valid,0,0,1,0
a019,q12,transactional,v022,D,0,0,a019-q12-r000,0,valid,0,0,1,0
a019,q12,transactional,v023,D,0,0,a019-q12-r000,0,valid,0,0,1,0
a019,q12,transactional,v024,D,0,0,a019-q12-r000,0,valid,0,0,1,0
a019,q12,transactional,v025,A,0,0,a019-q12-r000,0,valid,0,0,1,0
a019,q12,transactional,v026,C,0,0,a019-q12-r000,0,valid,0,0,1,0
a019,q12,transactional,v027,A,0,0,a019-q12-r000,0,valid,0,0,1,0
a019,q12,transactional,v028,C,0,0,a019-q12-r000,0,valid,0,0,1,0
a019,q12,transactional,v029,D,0,0,a019-q12-r000,0,valid,0,0,1,0
a019,q12,transactional,v030,A,0,0,a019-q12-r000,0,valid,0,0,1,0
a019,q12,transactional,v031,A,0,0,a019-q12-r000,0,valid,0,0,1,0
a019,q12,transactional,v032,C,0,0,a019-q12-r000,0,valid,0,0,1,0
a019,q13,evaluative,v001,B,0,0,a019-q13-r000,0,valid,0,0,1,0
a019,q13,evaluative,v002,B,0,0,a019-q13-r000,0,valid,0,0,1,0
a019,q13,evaluative,v003,D,0,0,a019-q13-r000,0,valid,0,0,1,0
a019,q13,evaluative,v004,C,0,0,a019-q13-r000,0,valid,0,0,1,0
a019,q13,evaluative,v005,C,0,0,a019-q13-r000,0,valid,0,0,1,0
a019,q13,evaluative,v006,D,0,0,a019-q13-r000,0,valid,0,0,1,0
a019,q13,evaluative,v007,B,0,0,a019-q13-r000,0,valid,0,0,1,0
a019,q13,evaluative,v008,C,0,0,a019-q13-r000,0,valid,0,0,1,0
a019,q13,evaluative,v009,B,0,0,a019-q13-r000,0,valid,0,0,1,0
a019,q13,evaluative,v010,B,0,0,a019-q13-r000,0,valid,0,0,1,0
a019,q13,evaluative,v011,D,0,0,a019-q13-r000,0,valid,0,0,1,0
a019,q13,evaluative,v012,B,0,0,a019-q13-r000,0,valid,0,0,1,0
a019,q13,evaluative,v013,B,0,0,a019-q13-r000,0,valid,0,0,1,0
a019,q13,evaluative,v014,C,0,0,a019-q13-r000,0,valid,0,0,1,0
a019,q13,evaluative,v015,C,0,0,a019-q13-r000,0,valid,0,0,1,0
a019,q13,evaluative,v016,A,0,0,a019-q13-r000,0,valid,0,0,1,0
a019,q13,evaluative,v017,A,0,0,a019-q13-r000,0,valid,0,0,1,0
a019,q13,evaluative,v018,D,0,0,a019-q13-r000,0,valid,0,0,1,0
a019,q13,evaluative,v019,B,0,0,a019-q13-r000,0,valid,0,0,1,0
a019,q13,evaluative,v020,A,0,0,a019-q13-r000,0,valid,0,0,1,0
a019,q13,evaluative,v021,A,0,0,a019-q13-r000,0,valid,0,0,1,0
a019,q13,evaluative,v022,D,0,0,a019-q13-r000,0,valid,0,0,1,0
a019,q13,evaluative,v023,D,0,0,a019-q13-r000,0,valid,0,0,1,0
a019,q13,evaluative,v024,D,0,0,a019-q13-r000,0,valid,0,0,1,0
a019,q13,evaluative,v025,A,0,0,a019-q13-r000,0,valid,0,0,1,0
a019,q13,evaluative,v026,C,0,0,a019-q13-r000,0,valid,0,0,1,0
a019,q13,evaluative,v027,A,0,0,a019-q13-r000,0,valid,0,0,1,0
a019,q13,evaluative,v028,C,0,0,a019-q13-r000,0,valid,0,0,1,0
a019,q13,evaluative,v029,D,0,0,a019-q13-r000,0,valid,0,0,1,0
a019,q13,evaluative,v030,A,0,0,a019-q13-r000,0,valid,0,0,1,0
a019,q13,evaluative,v031,A,0,0,a019-q13-r000,0,valid,0,0,1,0
a019,q13,evaluative,v032,C,0,0,a019-q13-r000,0,valid,0,0,1,0
a019,q14,evaluative,v001,B,0,0,a019-q14-r000,0,valid,0,0,1,0
a019,q14,evaluative,v002,B,0,0,a019-q14-r000,0,valid,0,0,1,0
a019,q14,evaluative,v003,D,0,0,a019-q14-r000,0,valid,0,0,1,0
a019,q14,evaluative,v004,C,0,0,a019-q14-r000,0,valid,0,0,1,0
a019,q14,evaluative,v005,C,0,0,a019-q14-r000,0,valid,0,0,1,0
a019,q14,evaluative,v006,D,0,0,a019-q14-r000,0,valid,0,0,1,0
a019,q14,evaluative,v007,B,0,0,a019-q14-r000,0,valid,0,0,1,0
a019,q14,evaluative,v008,C,0,0,a019-q14-r000,0,valid,0,0,1,0
a019,q14,evaluative,v009,B,0,0,a019-q14-r000,0,valid,0,0,1,0
a019,q14,evaluative,v010,B,0,0,a019-q14-r000,0,valid,0,0,1,0
a019,q14,evaluative,v011,D,0,0,a019-q14-r000,0,valid,0,0,1,0
a019,q14,evaluative,v012,B,0,0,a019-q14-r000,0,valid,0,0,1,0
a019,q14,evaluative,v013,B,0,0,a019-q14-r000,0,valid,0,0,1,0
a019,q14,evaluative,v014,C,0,0,a019-q14-r000,0,valid,0,0,1,0
a019,q14,evaluative,v015,C,0,0,a019-q14-r000,0,valid,0,0,1,0
a019,q14,evaluative,v016,A,0,0,a019-q14-r000,0,valid,0,0,1,0
a019,q14,evaluative,v017,A,0,0,a019-q14-r000,0,valid,0,0,1,0
a019,q14,evaluative,v018,D,0,0,a019-q14-r000,0,valid,0,0,1,0
a019,q14,evaluative,v019,B,0,0,a019-q14-r000,0,valid,0,0,1,0
a019,q14,evaluative,v020,A,0,0,a019-q14-r000,0,valid,0,0,1,0
a019,q14,evaluative,v021,A,0,0,a019-q14-r000,0,valid,0,0,1,0
a019,q14,evaluative,v022,D,0,0,a019-q14-r000,0,valid,0,0,1,0
a019,q14,evaluative,v023,D,0,0,a019-q14-r000,0,valid,0,0,1,0
a019,q14,evaluative,v024,D,0,0,a019-q14-r000,0,valid,0,0,1,0
a019,q14,evaluative,v025,A,0,0,a019-q14-r000,0,valid,0,0,1,0
a019,q14,evaluative,v026,C,0,0,a019-q14-r000,0,valid,0,0,1,0
a019,q14,evaluative,v027,A,0,0,a019-q14-r000,0,valid,0,0,1,0
a019,q14,evaluative,v028,C,0,0,a019-q14-r000,0,valid,0,0,1,0
a019,q14,evaluative,v029,D,0,0,a019-q14-r000,0,valid,0,0,1,0
a019,q14,evaluative,v030,A,0,0,a019-q14-r000,0,valid,0,0,1,0
a019,q14,evaluative,v031,A,0,0,a019-q14-r000,0,valid,0,0,1,0
a019,q14,evaluative,v032,C,0,0,a019-q14-r000,0,valid,0,0,1,0
a019,q15,evaluative,v001,B,0,0,a019-q15-r000,0,valid,0,0,0,0
a019,q15,evaluative,v002,B,0,0,a019-q15-r000,0,valid,0,0,0,0
a019,q15,evaluative,v003,D,0,0,a019-q15-r000,0,valid,0,0,0,0
a019,q15,evaluative,v004,C,0,0,a019-q15-r000,0,valid,0,0,0,0
a019,q15,evaluative,v005,C,0,0,a019-q15-r000,0,valid,0,0,0,0
a019,q15,evaluative,v006,D,0,0,a019-q15-r000,0,valid,0,0,0,0
a019,q15,evaluative,v007,B,0,0,a019-q15-r000,0,valid,0,0,0,0
a019,q15,evaluative,v008,C,0,0,a019-q15-r000,0,valid,0,0,0,0
a019,q15,evaluative,v009,B,0,0,a019-q15-r000,0,valid,0,0,0,0
a019,q15,evaluative,v010,B,0,0,a019-q15-r000,0,valid,0,0,0,0
a019,q15,evaluative,v011,D,0,0,a019-q15-r000,0,valid,0,0,0,0
a019,q15,evaluative,v012,B,0,0,a019-q15-r000,0,valid,0,0,0,0
a019,q15,evaluative,v013,B,0,0,a019-q15-r000,0,valid,0,0,0,0
a019,q15,evaluative,v014,C,0,0,a019-q15-r000,0,valid,0,0,0,0
a019,q15,evaluative,v015,C,0,0,a019-q15-r000,0,valid,0,0,0,0
a019,q15,evaluative,v016,A,1,1,a019-q15-r000,0,valid,1,1,0,0
a019,q15,evaluative,v017,A,0,0,a019-q15-r000,0,valid,0,0,0,0
a019,q15,evaluative,v018,D,0,0,a019-q15-r000,0,valid,0,0,0,0
a019,q15,evaluative,v019,B,0,0,a019-q15-r000,0,valid,0,0,0,0
a019,q15,evaluative,v020,A,0,0,a019-q15-r000,0,valid,0,0,0,0
a019,q15,evaluative,v021,A,0,0,a019-q15-r000,0,valid,0,0,0,0
a019,q15,evaluative,v022,D,0,0,a019-q15-r000,0,valid,0,0,0,0
a019,q15,evaluative,v023,D,0,0,a019-q15-r000,0,valid,0,0,0,0
a019,q15,evaluative,v024,D,0,0,a019-q15-r000,0,valid,0,0,0,0
a019,q15,evaluative,v025,A,0,0,a019-q15-r000,0,valid,0,0,0,0
a019,q15,evaluative,v026,C,0,0,a019-q15-r000,0,valid,0,0,0,0
a019,q15,evaluative,v027,A,1,1,a019-q15-r000,0,valid,1,1,0,0
a019,q15,evaluative,v028,C,0,0,a019-q15-r000,0,valid,0,0,0,0
a019,q15,evaluative,v029,D,0,0,a019-q15-r000,0,valid,0,0,0,0
a019,q15,evaluative,v030,A,0,0,a019-q15-r000,0,valid,0,0,0,0
a019,q15,evaluative,v031,A,0,0,a019-q15-r000,0,valid,0,0,0,0
a019,q15,evaluative,v032,C,0,0,a019-q15-r000,0,valid,0,0,0,0
a019,q16,evaluative,v001,B,0,0,a019-q16-r000,0,valid,0,0,0,0
a019,q16,evaluative,v002,B,0,0,a019-q16-r000,0,valid,0,0,0,0
a019,q16,evaluative,v003,D,0,0,a019-q16-r000,0,valid,0,0,0,0
a019,q16,evaluative,v004,C,0,0,a019-q16-r000,0,valid,0,0,0,0
a019,q16,evaluative,v005,C,0,0,a019-q16-r000,0,valid,0,0,0,0
a019,q16,evaluative,v006,D,0,0,a019-q16-r000,0,valid,0,0,0,0
a019,q16,evaluative,v007,B,0,0,a019-q16-r000,0,valid,0,0,0,0
a019,q16,evaluative,v008,C,0,0,a019-q16-r000,0,valid,0,0,0,0
a019,q16,evaluative,v009,B,0,0,a019-q16-r000,0,valid,0,0,0,0
a019,q16,evaluative,v010,B,0,0,a019-q16-r000,0,valid,0,0,0,0
a019,q16,evaluative,v011,D,0,0,a019-q16-r000,0,valid,0,0,0,0
a019,q16,evaluative,v012,B,1,1,a019-q16-r000,0,valid,1,1,0,0
a019,q16,evaluative,v013,B,1,1,a019-q16-r000,0,valid,0,0,0,0
a019,q16,evaluative,v014,C,0,0,a019-q16-r000,0,valid,0,0,0,0
a019,q16,evaluative,v015,C,0,0,a019-q16-r000,0,valid,0,0,0,0
a019,q16,evaluative,v016,A,1,1,a019-q16-r000,0,valid,1,1,0,0
a019,q16,evaluative,v017,A,0,0,a019-q16-r000,0,valid,0,0,0,0
a019,q16,evaluative,v018,D,0,0,a019-q16-r000,0,valid,0,0,0,0
a019,q16,evaluative,v019,B,0,0,a019-q16-r000,0,valid,0,0,0,0
a019,q16,evaluative,v020,A,1,1,a019-q16-r000,0,valid,1,1,0,0
a019,q16,evaluative,v021,A,0,0,a019-q16-r000,0,valid,0,0,0,0
a019,q16,evaluative,v022,D,0,0,a019-q16-r000,0,valid,0,0,0,0
a019,q16,evaluative,v023,D,0,0,a019-q16-r000,0,valid,0,0,0,0
a019,q16,evaluative,v024,D,1,1,a019-q16-r000,0,valid,0,0,0,0
a019,q16,evaluative,v025,A,0,0,a019-q16-r000,0,valid,0,0,0,0
a019,q16,evaluative,v026,C,0,0,a019-q16-r000,0,valid,0,0,0,0
a019,q16,evaluative,v027,A,0,0,a019-q16-r000,0,valid,0,0,0,0
a019,q16,evaluative,v028,C,0,0,a019-q16-r000,0,valid,0,0,0,0
a019,q16,evaluative,v029,D,0,0,a019-q16-r000,0,valid,0,0,0,0
a019,q16,evaluative,v030,A,0,0,a019-q16-r000,0,valid,0,0,0,0
a019,q16,evaluative,v031,A,0,0,a019-q16-r000,0,valid,0,0,0,0
a019,q16,evaluative,v032,C,0,0,a019-q16-r000,0,valid,0,0,0,0
a019,q17,evaluative,v001,B,0,0,a019-q17-r000,0,valid,0,0,0,0
a019,q17,evaluative,v002,B,0,0,a019-q17-r000,0,valid,0,0,0,0
a019,q17,evaluative,v003,D,0,0,a019-q17-r000,0,valid,0,0,0,0
a019,q17,evaluative,v004,C,0,0,a019-q17-r000,0,valid,0,0,0,0
a019,q17,evaluative,v005,C,0,0,a019-q17-r000,0,valid,0,0,0,0
a019,q17,evaluative,v006,D,0,0,a019-q17-r000,0,valid,0,0,0,0
a019,q17,evaluative,v007,B,0,0,a019-q17-r000,0,valid,0,0,0,0
a019,q17,evaluative,v008,C,1,1,a019-q17-r000,0,valid,0,0,0,0
a019,q17,evaluative,v009,B,0,0,a019-q17-r000,0,valid,0,0,0,0
a019,q17,evaluative,v010,B,0,0,a019-q17-r000,0,valid,0,0,0,0
a019,q17,evaluative,v011,D,0,0,a019-q17-r000,0,valid,0,0,0,0
a019,q17,evaluative,v012,B,1,1,a019-q17-r000,0,valid,1,1,0,0
a019,q17,evaluative,v013,B,0,0,a019-q17-r000,0,valid,0,0,0,0
a019,q17,evaluative,v014,C,0,0,a019-q17-r000,0,valid,0,0,0,0
a019,q17,evaluative,v015,C,0,0,a019-q17-r000,0,valid,0,0,0,0
a019,q17,evaluative,v016,A,1,1,a019-q17-r000,0,valid,1,1,0,0
a019,q17,evaluative,v017,A,0,0,a019-q17-r000,0,valid,0,0,0,0
a019,q17,evaluative,v018,D,0,0,a019-q17-r000,0,valid,0,0,0,0
a019,q17,evaluative,v019,B,0,0,a019-q17-r000,0,valid,0,0,0,0
a019,q17,evaluative,v020,A,1,1,a019-q17-r000,0,valid,1,1,0,0
a019,q17,evaluative,v021,A,0,0,a019-q17-r000,0,valid,0,0,0,0
a019,q17,evaluative,v022,D,0,0,a019-q17-r000,0,valid,0,0,0,0
a019,q17,evaluative,v023,D,0,0,a019-q17-r000,0,valid,0,0,0,0
a019,q17,evaluative,v024,D,1,1,a019-q17-r000,0,valid,0,0,0,0
a019,q17,evaluative,v025,A,0,0,a019-q17-r000,0,valid,0,0,0,0
a019,q17,evaluative,v026,C,0,0,a019-q17-r000,0,valid,0,0,0,0
a019,q17,evaluative,v027,A,0,0,a019-q17-r000,0,valid,0,0,0,0
a019,q17,evaluative,v028,C,0,0,a019-q17-r000,0,valid,0,0,0,0
a019,q17,evaluative,v029,D,0,0,a019-q17-r000,0,valid,0,0,0,0
a019,q17,evaluative,v030,A,0,0,a019-q17-r000,0,valid,0,0,0,0
a019,q17,evaluative,v031,A,0,0,a019-q17-r000,0,valid,0,0,0,0
a019,q17,evaluative,v032,C,0,0,a019-q17-r000,0,valid,0,0,0,0
a019,q18,evaluative,v001,B,0,0,a019-q18-r000,0,valid,0,0,1,0
a019,q18,evaluative,v002,B,0,0,a019-q18-r000,0,valid,0,0,1,0
a019,q18,evaluative,v003,D,0,0,a019-q18-r000,0,valid,0,0,1,0
a019,q18,evaluative,v004,C,0,0,a019-q18-r000,0,valid,0,0,1,0
a019,q18,evaluative,v005,C,0,0,a019-q18-r000,0,valid,0,0,1,0
a019,q18,evaluative,v006,D,0,0,a019-q18-r000,0,valid,0,0,1,0
a019,q18,evaluative,v007,B,0,0,a019-q18-r000,0,valid,0,0,1,0
a019,q18,evaluative,v008,C,0,0,a019-q18-r000,0,valid,0,0,1,0
a019,q18,evaluative,v009,B,0,0,a019-q18-r000,0,valid,0,0,1,0
a019,q18,evaluative,v010,B,0,0,a019-q18-r000,0,valid,0,0,1,0
a019,q18,evaluative,v011,D,0,0,a019-q18-r000,0,valid,0,0,1,0
a019,q18,evaluative,v012,B,0,0,a019-q18-r000,0,valid,0,0,1,0
a019,q18,evaluative,v013,B,0,0,a019-q18-r000,0,valid,0,0,1,0
a019,q18,evaluative,v014,C,0,0,a019-q18-r000,0,valid,0,0,1,0
a019,q18,evaluative,v015,C,0,0,a019-q18-r000,0,valid,0,0,1,0
a019,q18,evaluative,v016,A,0,0,a019-q18-r000,0,valid,0,0,1,0
a019,q18,evaluative,v017,A,0,0,a019-q18-r000,0,valid,0,0,1,0
a019,q18,evaluative,v018,D,0,0,a019-q18-r000,0,valid,0,0,1,0
a019,q18,evaluative,v019,B,0,0,a019-q18-r000,0,valid,0,0,1,0
a019,q18,evaluative,v020,A,0,0,a019-q18-r000,0,valid,0,0,1,0
a019,q18,evaluative,v021,A,0,0,a019-q18-r000,0,valid,0,0,1,0
a019,q18,evaluative,v022,D,0,0,a019-q18-r000,0,valid,0,0,1,0
a019,q18,evaluative,v023,D,0,0,a019-q18-r000,0,valid,0,0,1,0
a019,q18,evaluative,v024,D,0,0,a019-q18-r000,0,valid,0,0,1,0
a019,q18,evaluative,v025,A,0,0,a019-q18-r000,0,valid,0,0,1,0
a019,q18,evaluative,v026,C,0,0,a019-q18-r000,0,valid,0,0,1,0
a019,q18,evaluative,v027,A,0,0,a019-q18-r000,0,valid,0,0,1,0
a019,q18,evaluative,v028,C,0,0,a019-q18-r000,0,valid,0,0,1,0
a019,q18,evaluative,v029,D,0,0,a019-q18-r000,0,valid,0,0,1,0
a019,q18,evaluative,v030,A,0,0,a019-q18-r000,0,valid,0,0,1,0
a019,q18,evaluative,v031,A,0,0,a019-q18-r000,0,valid,0,0,1,0
a019,q18,evaluative,v032,C,0,0,a019-q18-r000,0,valid,0,0,1,0
a019,q19,evaluative,v001,B,0,0,a019-q19-r000,0,valid,0,0,1,0
a019,q19,evaluative,v002,B,0,0,a019-q19-r000,0,valid,0,0,1,0
a019,q19,evaluative,v003,D,0,0,a019-q19-r000,0,valid,0,0,1,0
a019,q19,evaluative,v004,C,0,0,a019-q19-r000,0,valid,0,0,1,0
a019,q19,evaluative,v005,C,0,0,a019-q19-r000,0,valid,0,0,1,0
a019,q19,evaluative,v006,D,0,0,a019-q19-r000,0,valid,0,0,1,0
a019,q19,evaluative,v007,B,0,0,a019-q19-r000,0,valid,0,0,1,0
a019,q19,evaluative,v008,C,0,0,a019-q19-r000,0,valid,0,0,1,0
a019,q19,evaluative,v009,B,0,0,a019-q19-r000,0,valid,0,0,1,0
a019,q19,evaluative,v010,B,0,0,a019-q19-r000,0,valid,0,0,1,0
a019,q19,evaluative,v011,D,0,0,a019-q19-r000,0,valid,0,0,1,0
a019,q19,evaluative,v012,B,0,0,a019-q19-r000,0,valid,0,0,1,0
a019,q19,evaluative,v013,B,0,0,a019-q19-r000,0,valid,0,0,1,0
a019,q19,evaluative,v014,C,0,0,a019-q19-r000,0,valid,0,0,1,0
a019,q19,evaluative,v015,C,0,0,a019-q19-r000,0,valid,0,0,1,0
a019,q19,evaluative,v016,A,0,0,a019-q19-r000,0,valid,0,0,1,0
a019,q19,evaluative,v017,A,0,0,a019-q19-r000,0,valid,0,0,1,0
a019,q19,evaluative,v018,D,0,0,a019-q19-r000,0,valid,0,0,1,0
a019,q19,evaluative,v019,B,0,0,a019-q19-r000,0,valid,0,0,1,0
a019,q19,evaluative,v020,A,0,0,a019-q19-r000,0,valid,0,0,1,0
a019,q19,evaluative,v021,A,0,0,a019-q19-r000,0,valid,0,0,1,0
a019,q19,evaluative,v022,D,0,0,a019-q19-r000,0,valid,0,0,1,0
a019,q19,evaluative,v023,D,0,0,a019-q19-r000,0,valid,0,0,1,0
a019,q19,evaluative,v024,D,0,0,a019-q19-r000,0,valid,0,0,1,0
a019,q19,evaluative,v025,A,0,0,a019-q19-r000,0,valid,0,0,1,0
a019,q19,evaluative,v026,C,0,0,a019-q19-r000,0,valid,0,0,1,0
a019,q19,evaluative,v027,A,0,0,a019-q19-r000,0,valid,0,0,1,0
a019,q19,evaluative,v028,C,0,0,a019-q19-r000,0,valid,0,0,1,0
a019,q19,evaluative,v029,D,0,0,a019-q19-r000,0,valid,0,0,1,0
a019,q19,evaluative,v030,A,0,0,a019-q19-r000,0,valid,0,0,1,0
a019,q19,evaluative,v031,A,0,0,a019-q19-r000,0,valid,0,0,1,0
a019,q19,evaluative,v032,C,0,0,a019-q19-r000,0,valid,0,0,1,0
a019,q20,evaluative,v001,B,1,1,a019-q20-r000,0,valid,1,1,0,0
a019,q20,evaluative,v002,B,0,0,a019-q20-r000,0,valid,0,0,0,0
a019,q20,evaluative,v003,D,0,0,a019-q20-r000,0,valid,0,0,0,0
a019,q20,evaluative,v004,C,0,0,a019-q20-r000,0,valid,0,0,0,0
a019,q20,evaluative,v005,C,0,0,a019-q20-r000,0,valid,0,0,0,0
a019,q20,evaluative,v006,D,0,0,a019-q20-r000,0,valid,0,0,0,0
a019,q20,evaluative,v007,B,0,0,a019-q20-r000,0,valid,0,0,0,0
a019,q20,evaluative,v008,C,0,0,a019-q20-r000,0,valid,0,0,0,0
a019,q20,evaluative,v009,B,0,0,a019-q20-r000,0,valid,0,0,0,0
a019,q20,evaluative,v010,B,0,0,a019-q20-r000,0,valid,0,0,0,0
a019,q20,evaluative,v011,D,0,0,a019-q20-r000,0,valid,0,0,0,0
a019,q20,evaluative,v012,B,0,0,a019-q20-r000,0,valid,0,0,0,0
a019,q20,evaluative,v013,B,1,1,a019-q20-r000,0,valid,1,1,0,0
a019,q20,evaluative,v014,C,0,0,a019-q20-r000,0,valid,0,0,0,0
a019,q20,evaluative,v015,C,0,0,a019-q20-r000,0,valid,0,0,0,0
a019,q20,evaluative,v016,A,0,0,a019-q20-r000,0,valid,0,0,0,0
a019,q20,evaluative,v017,A,0,0,a019-q20-r000,0,valid,0,0,0,0
a019,q20,evaluative,v018,D,0,0,a019-q20-r000,0,valid,0,0,0,0
a019,q20,evaluative,v019,B,0,0,a019-q20-r000,0,valid,0,0,0,0
a019,q20,evaluative,v020,A,0,0,a019-q20-r000,0,valid,0,0,0,0
a019,q20,evaluative,v021,A,0,0,a019-q20-r000,0,valid,0,0,0,0
a019,q20,evaluative,v022,D,0,0,a019-q20-r000,0,valid,0,0,0,0
a019,q20,evaluative,v023,D,0,0,a019-q20-r000,0,valid,0,0,0,0
a019,q20,evaluative,v024,D,0,0,a019-q20-r000,0,valid,0,0,0,0
a019,q20,evaluative,v025,A,0,0,a019-q20-r000,0,valid,0,0,0,0
a019,q20,evaluative,v026,C,0,0,a019-q20-r000,0,valid,0,0,0,0
a019,q20,evaluative,v027,A,0,0,a019-q20-r000,0,valid,0,0,0,0
a019,q20,evaluative,v028,C,0,0,a019-q20-r000,0,valid,0,0,0,0
a019,q20,evaluative,v029,D,0,0,a019-q20-r000,0,valid,0,0,0,0
a019,q20,evaluative,v030,A,0,0,a019-q20-r000,0,valid,0,0,0,0
a019,q20,evaluative,v031,A,0,0,a019-q20-r000,0,valid,0,0,0,0
a019,q20,evaluative,v032,C,0,0,a019-q20-r000,0,valid,0,0,0,0
a019,q21,evaluative,v001,B,0,0,a019-q21-r000,0,valid,0,0,1,0
a019,q21,evaluative,v002,B,0,0,a019-q21-r000,0,valid,0,0,1,0
a019,q21,evaluative,v003,D,0,0,a019-q21-r000,0,valid,0,0,1,0
a019,q21,evaluative,v004,C,0,0,a019-q21-r000,0,valid,0,0,1,0
a019,q21,evaluative,v005,C,0,0,a019-q21-r000,0,valid,0,0,1,0
a019,q21,evaluative,v006,D,0,0,a019-q21-r000,0,valid,0,0,1,0
a019,q21,evaluative,v007,B,0,0,a019-q21-r000,0,valid,0,0,1,0
a019,q21,evaluative,v008,C,0,0,a019-q21-r000,0,valid,0,0,1,0
a019,q21,evaluative,v009,B,0,0,a019-q21-r000,0,valid,0,0,1,0
a019,q21,evaluative,v010,B,0,0,a019-q21-r000,0,valid,0,0,1,0
a019,q21,evaluative,v011,D,0,0,a019-q21-r000,0,valid,0,0,1,0
a019,q21,evaluative,v012,B,0,0,a019-q21-r000,0,valid,0,0,1,0
a019,q21,evaluative,v013,B,0,0,a019-q21-r000,0,valid,0,0,1,0
a019,q21,evaluative,v014,C,0,0,a019-q21-r000,0,valid,0,0,1,0
a019,q21,evaluative,v015,C,0,0,a019-q21-r000,0,valid,0,0,1,0
a019,q21,evaluative,v016,A,0,0,a019-q21-r000,0,valid,0,0,1,0
a019,q21,evaluative,v017,A,0,0,a019-q21-r000,0,valid,0,0,1,0
a019,q21,evaluative,v018,D,0,0,a019-q21-r000,0,valid,0,0,1,0
a019,q21,evaluative,v019,B,0,0,a019-q21-r000,0,valid,0,0,1,0
a019,q21,evaluative,v020,A,0,0,a019-q21-r000,0,valid,0,0,1,0
a019,q21,evaluative,v021,A,0,0,a019-q21-r000,0,valid,0,0,1,0
a019,q21,evaluative,v022,D,0,0,a019-q21-r000,0,valid,0,0,1,0
a019,q21,evaluative,v023,D,0,0,a019-q21-r000,0,valid,0,0,1,0
a019,q21,evaluative,v024,D,0,0,a019-q21-r000,0,valid,0,0,1,0
a019,q21,evaluative,v025,A,0,0,a019-q21-r000,0,valid,0,0,1,0
a019,q21,evaluative,v026,C,0,0,a019-q21-r000,0,valid,0,0,1,0
a019,q21,evaluative,v027,A,0,0,a019-q21-r000,0,valid,0,0,1,0
a019,q21,evaluative,v028,C,0,0,a019-q21-r000,0,valid,0,0,1,0
a019,q21,evaluative,v029,D,0,0,a019-q21-r000,0,valid,0,0,1,0
a019,q21,evaluative,v030,A,0,0,a019-q21-r000,0,valid,0,0,1,0
a019,q21,evaluative,v031,A,0,0,a019-q21-r000,0,valid,0,0,1,0
a019,q21,evaluative,v032,C,0,0,a019-q21-r000,0,valid,0,0,1,0
a019,q22,evaluative,v001,B,0,0,a019-q22-r000,0,valid,0,0,1,0
a019,q22,evaluative,v002,B,0,0,a019-q22-r000,0,valid,0,0,1,0
a019,q22,evaluative,v003,D,0,0,a019-q22-r000,0,valid,0,0,1,0
a019,q22,evaluative,v004,C,0,0,a019-q22-r000,0,valid,0,0,1,0
a019,q22,evaluative,v005,C,0,0,a019-q22-r000,0,valid,0,0,1,0
a019,q22,evaluative,v006,D,0,0,a019-q22-r000,0,valid,0,0,1,0
a019,q22,evaluative,v007,B,0,0,a019-q22-r000,0,valid,0,0,1,0
a019,q22,evaluative,v008,C,0,0,a019-q22-r000,0,valid,0,0,1,0
a019,q22,evaluative,v009,B,0,0,a019-q22-r000,0,valid,0,0,1,0
a019,q22,evaluative,v010,B,0,0,a019-q22-r000,0,valid,0,0,1,0
a019,q22,evaluative,v011,D,0,0,a019-q22-r000,0,valid,0,0,1,0
a019,q22,evaluative,v012,B,0,0,a019-q22-r000,0,valid,0,0,1,0
a019,q22,evaluative,v013,B,0,0,a019-q22-r000,0,valid,0,0,1,0
a019,q22,evaluative,v014,C,0,0,a019-q22-r000,0,valid,0,0,1,0
a019,q22,evaluative,v015,C,0,0,a019-q22-r000,0,valid,0,0,1,0
a019,q22,evaluative,v016,A,0,0,a019-q22-r000,0,valid,0,0,1,0
a019,q22,evaluative,v017,A,0,0,a019-q22-r000,0,valid,0,0,1,0
a019,q22,evaluative,v018,D,0,0,a019-q22-r000,0,valid,0,0,1,0
a019,q22,evaluative,v019,B,0,0,a019-q22-r000,0,valid,0,0,1,0
a019,q22,evaluative,v020,A,0,0,a019-q22-r000,0,valid,0,0,1,0
a019,q22,evaluative,v021,A,0,0,a019-q22-r000,0,valid,0,0,1,0
a019,q22,evaluative,v022,D,0,0,a019-q22-r000,0,valid,0,0,1,0
a019,q22,evaluative,v023,D,0,0,a019-q22-r000,0,valid,0,0,1,0
a019,q22,evaluative,v024,D,0,0,a019-q22-r000,0,valid,0,0,1,0
a019,q22,evaluative,v025,A,0,0,a019-q22-r000,0,valid,0,0,1,0
a019,q22,evaluative,v026,C,0,0,a019-q22-r000,0,valid,0,0,1,0
a019,q22,evaluative,v027,A,0,0,a019-q22-r000,0,valid,0,0,1,0
a019,q22,evaluative,v028,C,0,0,a019-q22-r000,0,valid,0,0,1,0
a019,q22,evaluative,v029,D,0,0,a019-q22-r000,0,valid,0,0,1,0
a019,q22,evaluative,v030,A,0,0,a019-q22-r000,0,valid,0,0,1,0
a019,q22,evaluative,v031,A,0,0,a019-q22-r000,0,valid,0,0,1,0
a019,q22,evaluative,v032,C,0,0,a019-q22-r000,0,valid,0,0,1,0
a019,q23,evaluative,v001,B,1,1,a019-q23-r000,0,valid,1,1,0,0
a019,q23,evaluative,v002,B,0,0,a019-q23-r000,0,valid,0,0,0,0
a019,q23,evaluative,v003,D,0,0,a019-q23-r000,0,valid,0,0,0,0
a019,q23,evaluative,v004,C,0,0,a019-q23-r000,0,valid,0,0,0,0
a019,q23,evaluative,v005,C,0,0,a019-q23-r000,0,valid,0,0,0,0
a019,q23,evaluative,v006,D,0,0,a019-q23-r000,0,valid,0,0,0,0
a019,q23,evaluative,v007,B,0,0,a019-q23-r000,0,valid,0,0,0,0
a019,q23,evaluative,v008,C,0,0,a019-q23-r000,0,valid,0,0,0,0
a019,q23,evaluative,v009,B,0,0,a019-q23-r000,0,valid,0,0,0,0
a019,q23,evaluative,v010,B,0,0,a019-q23-r000,0,valid,0,0,0,0
a019,q23,evaluative,v011,D,0,0,a019-q23-r000,0,valid,0,0,0,0
a019,q23,evaluative,v012,B,0,0,a019-q23-r000,0,valid,0,0,0,0
a019,q23,evaluative,v013,B,1,1,a019-q23-r000,0,valid,1,1,0,0
a019,q23,evaluative,v014,C,0,0,a019-q23-r000,0,valid,0,0,0,0
a019,q23,evaluative,v015,C,0,0,a019-q23-r000,0,valid,0,0,0,0
a019,q23,evaluative,v016,A,0,0,a019-q23-r000,0,valid,0,0,0,0
a019,q23,evaluative,v017,A,1,1,a019-q23-r000,0,valid,1,1,0,0
a019,q23,evaluative,v018,D,0,0,a019-q23-r000,0,valid,0,0,0,0
a019,q23,evaluative,v019,B,0,0,a019-q23-r000,0,valid,0,0,0,0
a019,q23,evaluative,v020,A,0,0,a019-q23-r000,0,valid,0,0,0,0
a019,q23,evaluative,v021,A,0,0,a019-q23-r000,0,valid,0,0,0,0
a019,q23,evaluative,v022,D,0,0,a019-q23-r000,0,valid,0,0,0,0
a019,q23,evaluative,v023,D,0,0,a019-q23-r000,0,valid,0,0,0,0
a019,q23,evaluative,v024,D,0,0,a019-q23-r000,0,valid,0,0,0,0
a019,q23,evaluative,v025,A,0,0,a019-q23-r000,0,valid,0,0,0,0
a019,q23,evaluative,v026,C,0,0,a019-q23-r000,0,valid,0,0,0,0
a019,q23,evaluative,v027,A,0,0,a019-q23-r000,0,valid,0,0,0,0
a019,q23,evaluative,v028,C,0,0,a019-q23-r000,0,valid,0,0,0,0
a019,q23,evaluative,v029,D,0,0,a019-q23-r000,0,valid,0,0,0,0
a019,q23,evaluative,v030,A,0,0,a019-q23-r000,0,valid,0,0,0,0
a019,q23,evaluative,v031,A,0,0,a019-q23-r000,0,valid,0,0,0,0
a019,q23,evaluative,v032,C,0,0,a019-q23-r000,0,valid,0,0,0,0
a019,q24,evaluative,v001,B,0,0,a019-q24-r000,0,valid,0,0,1,0
a019,q24,evaluative,v002,B,0,0,a019-q24-r000,0,valid,0,0,1,0
a019,q24,evaluative,v003,D,0,0,a019-q24-r000,0,valid,0,0,1,0
a019,q24,evaluative,v004,C,0,0,a019-q24-r000,0,valid,0,0,1,0
a019,q24,evaluative,v005,C,0,0,a019-q24-r000,0,valid,0,0,1,0
a019,q24,evaluative,v006,D,0,0,a019-q24-r000,0,valid,0,0,1,0
a019,q24,evaluative,v007,B,0,0,a019-q24-r000,0,valid,0,0,1,0
a019,q24,evaluative,v008,C,0,0,a019-q24-r000,0,valid,0,0,1,0
a019,q24,evaluative,v009,B,0,0,a019-q24-r000,0,valid,0,0,1,0
a019,q24,evaluative,v010,B,0,0,a019-q24-r000,0,valid,0,0,1,0
a019,q24,evaluative,v011,D,0,0,a019-q24-r000,0,valid,0,0,1,0
a019,q24,evaluative,v012,B,0,0,a019-q24-r000,0,valid,0,0,1,0
a019,q24,evaluative,v013,B,0,0,a019-q24-r000,0,valid,0,0,1,0
a019,q24,evaluative,v014,C,0,0,a019-q24-r000,0,valid,0,0,1,0
a019,q24,evaluative,v015,C,0,0,a019-q24-r000,0,valid,0,0,1,0
a019,q24,evaluative,v016,A,0,0,a019-q24-r000,0,valid,0,0,1,0
a019,q24,evaluative,v017,A,0,0,a019-q24-r000,0,valid,0,0,1,0
a019,q24,evaluative,v018,D,0,0,a019-q24-r000,0,valid,0,0,1,0
a019,q24,evaluative,v019,B,0,0,a019-q24-r000,0,valid,0,0,1,0
a019,q24,evaluative,v020,A,0,0,a019-q24-r000,0,valid,0,0,1,0
a019,q24,evaluative,v021,A,0,0,a019-q24-r000,0,valid,0,0,1,0
a019,q24,evaluative,v022,D,0,0,a019-q24-r000,0,valid,0,0,1,0
a019,q24,evaluative,v023,D,0,0,a019-q24-r000,0,valid,0,0,1,0
a019,q24,evaluative,v024,D,0,0,a019-q24-r000,0,valid,0,0,1,0
a019,q24,evaluative,v025,A,0,0,a019-q24-r000,0,valid,0,0,1,0
a019,q24,evaluative,v026,C,0,0,a019-q24-r000,0,valid,0,0,1,0
a019,q24,evaluative,v027,A,0,0,a019-q24-r000,0,valid,0,0,1,0
a019,q24,evaluative,v028,C,0,0,a019-q24-r000,0,valid,0,0,1,0
a019,q24,evaluative,v029,D,0,0,a019-q24-r000,0,valid,0,0,1,0
a019,q24,evaluative,v030,A,0,0,a019-q24-r000,0,valid,0,0,1,0
a019,q24,evaluative,v031,A,0,0,a019-q24-r000,0,valid,0,0,1,0
a019,q24,evaluative,v032,C,0,0,a019-q24-r000,0,valid,0,0,1,0
